PRICE,TITLE,LOCATION,DETAILS,FEATURES,DESCRIPTIONS,IMAGE
3 900 TND,Appartement S3 à Marsa plage,La Marsa,"['120 m²', '2 Pièces', '2 Chambres', '1 Salle de bain']","['Terrasse', 'Garage', 'Ascenseur', 'Concierge', 'Façade extérieure', 'Salon européen', 'Antenne parabolique', 'Climatisation', 'Chauffage central', 'Sécurité', 'Double vitrage', 'Porte blindée', 'Cuisine équipée', 'Réfrigérateur', 'Four', 'Machine à laver', 'Micro-ondes', 'Internet']","Plage
La Société Mellouli Immobilière vous propose à la location un appartement S3 haut standing, situé à La Marsa, bénéficiant d’une vue imprenable 

Ce bien se compose de :
• Un spacieux salon lumineux ouvrant sur une terrasse 
• suite parentales avec salle de bain privative
• deux chambres avec dressing
• Une salle d’eau invités,
• Une cuisine entièrement équipée et agencée",
8 000 TND,Duplex avec piscine au berges du lac 2,"Les Berges Du Lac 2, La Marsa","['300 m²', '5 Pièces', '4 Chambres', '3 Salles de bains']","['Terrasse', 'Garage', 'Ascenseur', 'Piscine', 'Concierge', 'Meublé', 'Façade extérieure', 'Salon européen', 'Antenne parabolique', 'Climatisation', 'Chauffage central', 'Sécurité', 'Double vitrage', 'Porte blindée', 'Cuisine équipée', 'Four']","À louer – Duplex S4 non meublé aux Berges du Lac 2
Offre proposée par la Société Mellouli Immobilière

Situé au dernier étage d’une résidence de luxe très sécurisée aux Berges du Lac 2, ce duplex bénéficie d’une excellente orientation, sans vis-à-vis et offre une vue imprenable sur le lac.

Au rez-de-chaussée :
	•	Spacieux salon
	•	Salle à manger lumineuse 
	•	Séjour avec vue sur le lac
	•	Cuisine entièrement équipée
	•	Salle d’eau pour...",
3 500 TND,Appartement S3 meublé au lac 2,"Les Berges Du Lac 2, La Marsa","['180 m²', '4 Pièces', '3 Chambres', '2 Salles de bains']","['Terrasse', 'Garage', 'Ascenseur', 'Vue sur mer', 'Concierge', 'Meublé', 'Façade extérieure', 'Salon européen', 'Antenne parabolique', 'Climatisation', 'Chauffage central', 'Sécurité', 'Double vitrage', 'Porte blindée', 'Cuisine équipée', 'Réfrigérateur', 'Four', 'TV', 'Machine à laver', 'Micro-ondes', '1']","Société Mellouli immobilière met à la location un joli appartement meublé S3 au berges du lac 2, au 1ere étage, dans une résidence calme et sécurisée
- grand salon avec balcon
- cuisine agencée et équipée avec séchoir
- salle d'eau pour invités
- deux chambres à coucher une avec dressing
- suite parentale
- salle de bain
- deux dressing

L'appartement est doté de la climatisation en Split et du chauffage central.
place de parking sous s...",
3 500 TND,Appartement S4 meublé à Gammarth,"Gammarth Supérieur, La Marsa","['200 m²', '5 Pièces', '3 Chambres', '2 Salles de bains']","['Terrasse', 'Vue sur les montagnes', 'Meublé', 'Façade extérieure', 'Salon européen', 'Antenne parabolique', 'Climatisation', 'Chauffage central', 'Sécurité', 'Double vitrage', 'Cuisine équipée', 'Réfrigérateur', 'Four', 'TV', 'Machine à laver', 'Micro-ondes', 'Internet']","Location – Appartement S4 meublé à Gammarth

Découvrez ce bel appartement meublé au 1er étage d’une résidence privée sécurisée, offrant une vue dégagée et un cadre de vie agréable. Idéal pour une famille recherchant confort et tranquillité.

Caractéristiques principales :
	•	Salon spacieux avec salle à manger
	•	Séjour confortable
	•	Suite parentale
	•	Deux chambres avec dressings
	•	Salle de bain commune
	•	Cuisine entièrement équipée",
2 500 TND,Appartement S2 meublé à gammarth supérieur,"Gammarth Supérieur, La Marsa","['100 m²', '3 Pièces', '2 Chambres', '1 Salle de bain']","['Jardin', 'Terrasse', 'Garage', 'Concierge', 'Meublé', 'Façade extérieure', 'Salon européen', 'Antenne parabolique', 'Climatisation', 'Chauffage central', 'Sécurité', 'Double vitrage', 'Porte blindée', 'Cuisine équipée', 'Réfrigérateur', 'Four', 'TV', 'Machine à laver', 'Micro-ondes', 'Internet', 'Animaux domestiques autorisés']","Société Mellouli immobilière met à la location un joli appartement S2 meublée à gammarth supérieur dans une résidence calme et sécurisée
- salon avec terrasse
- cuisine agencée et équipée avec séchoir
- deux chambres à coucher avec dressing
- salle de bain
- jardin 

l'appartement est doté de la climatisation en Split et du chauffage central.
place de parking sont à disposition",
2 500 TND,Appartement S2 meublé au berges du lac 2,"Les Berges Du Lac 2, La Marsa","['100 m²', '3 Pièces', '2 Chambres', '1 Salle de bain']","['Terrasse', 'Garage', 'Ascenseur', 'Concierge', 'Meublé', 'Façade extérieure', 'Salon européen', 'Antenne parabolique', 'Climatisation', 'Chauffage central', 'Sécurité', 'Double vitrage', 'Porte blindée', 'Cuisine équipée', 'Réfrigérateur', 'Four', 'TV', 'Machine à laver', 'Micro-ondes', 'Internet']","Société Mellouli immobilière met à la location un appartement S2 richement meublé , dans une résidence calme et sécurisée au berges du lac 2
-salon avec balcon
-deux chambres à coucher avec dressing
-salle de bain
-cuisine agencée et équipée avec séchoir.
Il est doté de la climatisation en Split et du chauffage central.
Une place de parking au sous-sol est à disposition",
1 500 TND,Appartement S1 meublé à Ain Zaghouan,"Ain Zaghouan Nord, La Marsa","['60 m²', '2 Pièces', '1 Chambre', '1 Salle de bain']","['Terrasse', 'Garage', 'Ascenseur', 'Concierge', 'Meublé', 'Façade extérieure', 'Salon européen', 'Antenne parabolique', 'Cheminée', 'Climatisation', 'Chauffage central', 'Sécurité', 'Double vitrage', 'Porte blindée', 'Cuisine équipée', 'Réfrigérateur', 'Four', 'TV', 'Machine à laver']","Offre proposée par la Société Mellouli Immobilière :

À louer, un appartement meublé de type S1, situé à Ain Zaghouan et jamais habité.
Il comprend un salon lumineux avec balcon, une cuisine américaine moderne, une chambre avec dressing ainsi qu’une salle de bain équipée d’une douche à l’italienne",https://www.mubawab-media.com/ad/8/318/228F/h/efcf118e-2811-4b28-ac22-e059fcfa31c5_82123148.avif
À partir de310 000 TND,"Résidence"" La Régence ""","El Menzah 9, El Menzah","['Haut standing', 'En cours de construction', 'Livraison:\n\t\t\t\t\t\t\t\t\t\tseptembre 2026']","['Jardin', 'Terrasse', 'Garage', 'Ascenseur', 'Concierge', 'Chambre rangement', 'Meublé', 'Salon européen', 'Antenne parabolique', 'Climatisation', 'Chauffage central', 'Sécurité', 'Double vitrage', 'Porte blindée', 'Cuisine équipée', 'Réfrigérateur', 'Four', 'Machine à laver', 'Animaux domestiques autorisés']","""la régence"" est la résidence la plus luxueuse du menzah 9. elle offre à ses résidents un style de vie luxueux et distingué.
les appartements sont bien conçus et profitent pleinement de la lumière du jour",https://www.mubawab-media.com/ad/8/321/218F/h/att.xW-o-auY3j2NPQ3-TEGNs8YGawkMcivkvBJNtOoHofQ_82152580.avif
5 500 TND,Joli Duplex vide avec jardin à la Marsa,La Marsa,"['260 m²', '4 Pièces', '3 Chambres', '3 Salles de bains']","['Jardin', 'Terrasse', 'Garage', 'Vue sur mer', 'Vue sur les montagnes', 'Piscine', 'Chambre rangement', 'Entre-seul', 'Salon européen', 'Antenne parabolique', 'Climatisation', 'Chauffage central', 'Sécurité', 'Double vitrage', 'Porte blindée', 'Cuisine équipée', 'Four', 'Internet', 'Animaux domestiques autorisés']","CARLTON IMMOBILIÈRE  vous propose en location un très joli duplex  avec jardin dans  une  résidence gardée et proche  de  toute commodité  en  plein  centre de La Marsa  et doté de d'un  vaste  Salon Salle à manger ,3 chambres à coucher ,2 places de parking et un cellier à  votre  disposition",https://www.mubawab-media.com/ad/8/321/306F/h/IMG_1998_82153661.avif
7 000 TND,Villa S3 avec piscine à Gammarth,"Gammarth, La Marsa","['4 Pièces', '3 Chambres', '3 Salles de bains']","['Jardin', 'Terrasse', 'Garage', 'Piscine', 'Entre-seul', 'Salon européen', 'Antenne parabolique', 'Climatisation', 'Chauffage central', 'Sécurité', 'Double vitrage', 'Porte blindée', 'Cuisine équipée', 'Four', 'Internet', 'Animaux domestiques autorisés']","PHOENIX ESTATES, agence immobilière située à La Marsa, vous propose à la location une villa avec piscine à Gammarth.
Elle se compose comme suit:
- au rez-de-chaussée: un salon, une salle à manger, une cuisine équipée avec séchoir, une salle d'eau invités et une chambre de service avec sa salle de bain,
- au 1er étage: une suite parentale, 2 chambres à coucher et une salle  de bain commune,
- au 2éme étage: une piscine, une terrasse avec vue s...",https://www.mubawab-media.com/ad/8/202/254F/h/IMG_7851_80884096.avif
13 000 TND,Villa S5 avec piscine au Lac 2,"Les Berges Du Lac 2, La Marsa","['6 Pièces', '5 Chambres', '4 Salles de bains']","['Terrasse', 'Garage', 'Concierge', 'Façade extérieure', 'Salon européen', 'Antenne parabolique', 'Climatisation', 'Chauffage central', 'Sécurité', 'Double vitrage', 'Porte blindée', 'Cuisine équipée', 'Four', 'Internet', 'Animaux domestiques autorisés']","PHOENIX ESTATES, agence immobilière située à La Marsa, vous propose à la location une villa avec piscine au Lac 2.
Elle se compose comme suit:
-Au rez-de-chaussée: Un salon, une cuisine équipée, une chambre à coucher avec dressing et une salle de bain.
-A l'étage: Une suite parentale, deux suites juniors avec dressing, une chambre à coucher et une salle de bain.
-A l'extérieur: Un garage pour trois voitures",https://www.mubawab-media.com/ad/7/660/108F/h/9_43023984.avif
2 600 TND,Appartement S2 avec terrasse à Gammarth,"Gammarth, La Marsa","['3 Pièces', '2 Chambres', '2 Salles de bains']","['Jardin', 'Terrasse', 'Garage', 'Vue sur mer', 'Piscine', 'Meublé', 'Entre-seul', 'Salon européen', 'Antenne parabolique', 'Climatisation', 'Chauffage central', 'Sécurité', 'Double vitrage', 'Porte blindée', 'Cuisine équipée', 'Réfrigérateur', 'Four', 'TV', 'Machine à laver', 'Micro-ondes', 'Internet', 'Animaux domestiques autorisés']","HOENIX ESTATES, agence immobilière située à La Marsa, vous propose à la location  un appartement  situé au deuxième et dernier étage d'une résidence R2 à Gammarth.
Il se compose comme suit: Un salon, une cuisine équipée avec séchoir, une salle d'eau invités, deux chambres à coucher et une salle de douche, une grande terrasse et une place de parking au sous sol.",https://www.mubawab-media.com/ad/8/294/382F/h/image_1_81868278.avif
12 000 TND,Duplex S3 meublé avec piscine à La Marsa,La Marsa,"['4 Pièces', '3 Chambres', '2 Salles de bains']","['Terrasse', 'Ascenseur', 'Vue sur mer', 'Concierge', 'Meublé', 'Salon européen', 'Climatisation', 'Chauffage central', 'Sécurité', 'Double vitrage', 'Porte blindée', 'Cuisine équipée', 'Réfrigérateur', 'Four', 'TV', 'Machine à laver', 'Micro-ondes', 'Internet']","PHOENIX ESTATES, agence immobilière située à La Marsa, vous propose à la location un duplex avec jardin à La Marsa.
Il se compose comme suit:
-Au rez-de-chaussée: Un grand salon-salle à manger, une cuisine équipée, une salle d'eau invités.
-A l'étage: Une suite parentale et deux chambres à coucher avec une salle de douche.
-Au sous sol: une suite de service et une place de parking.
-A l'extérieur: un jardin et une piscine",https://www.mubawab-media.com/ad/8/324/040F/h/image_1_82181641.avif
2 500 TND,Location bel appartement avec vue sur mer la marsa,La Marsa,"['70 m²', '2 Pièces', '1 Chambre', '1 Salle de bain']","['Jardin', 'Terrasse', 'Garage', 'Entre-seul', 'Cuisine équipée']","On met a la location un bel appartement entièrement meublé au cœur de la marsa plage proche de toutes les commoditées avec superbe vue sur mer.

Tel/WhatsApp : 00 216 24 26 88 33",https://www.mubawab-media.com/ad/8/301/742F/h/image_1_81950309.avif
2 500 TND,Villa avec jardin a Gammarth,"Gammarth Village, La Marsa","['260 m²', '3 Chambres']","['Jardin', 'Terrasse', 'Garage', 'Vue sur mer', 'Vue sur les montagnes', 'Piscine', 'Chambre rangement', 'Salon européen', 'Antenne parabolique', 'Climatisation', 'Chauffage central', 'Sécurité', 'Double vitrage', 'Porte blindée', 'Cuisine équipée', 'Four', 'Micro-ondes', 'Internet', 'Animaux domestiques autorisés']","NewKey La Marsa met à la location une villa indépendante à Gammarth village avec jardin.
Le rez-de-chaussée est composé d’un salon, d’une cuisine équipée et d’une salle d’eau pour les invités.
À l’étage, on trouve deux chambres avec balcon ainsi qu’une suite parentale.
La villa dispose également d’un sous-sol comprenant une chambre de service et une grande salle polyvalente.
Le jardin fait le tour de la villa et un garage peut accueillir deux voi...",https://www.mubawab-media.com/ad/8/293/617F/h/IMG-20260127-WA0014_81860061.avif
10 000 TND,Villa S3 avec vue sur mer à La Marsa,La Marsa,"['5 Pièces', '4 Chambres', '6 Salles de bains']","['Terrasse', 'Garage', 'Ascenseur', 'Piscine', 'Concierge', 'Chambre rangement', 'Façade extérieure', 'Salon européen', 'Antenne parabolique', 'Climatisation', 'Chauffage central', 'Sécurité', 'Double vitrage', 'Porte blindée', 'Cuisine équipée', 'Internet', 'Animaux domestiques autorisés']","PHOENIX ESTATES, agence immobilière située à La Marsa, vous propose à la location une villa avec vue sur mer à La Marsa.

Elle se compose comme suit:

au rez-de-chaussée: salon, salle à manger, cuisine équipée, salle d'eau invités, buanderie, chambre de service avec sa salle d'eau, jardin d'hiver et garde manger.
à l'étage: séjour, suite parentale et 2 suites junior.
à l'extérieur: piscine, jardin, terrasse d'été, garage et studio équipé d'...",https://www.mubawab-media.com/ad/8/284/038F/h/thumb_1236699_property_xlarge_81760228.avif
6 500 TND,Appartement S3 avec piscine au Lac 2,"Les Berges Du Lac 2, La Marsa","['4 Pièces', '3 Chambres', '2 Salles de bains']","['Jardin', 'Terrasse', 'Meublé', 'Climatisation', 'Chauffage central', 'Sécurité', 'Double vitrage', 'Porte blindée', 'Cuisine équipée']","PHOENIX ESTATES, agence immobilière située à la Marsa, vous propose à la location un appartement avec piscine situé au premier étage d'une résidence R4 au Lac 2.
Il se compose comme suit:
Un Salon, une cuisine équipée avec séchoir, une buanderie, un débarras, une salle d’eau invités , une suite parentale, deux suites juniors, une terrasse, une piscine.
Au sous sol: il bénéficie de deux places de parking et un cellier",https://www.mubawab-media.com/ad/7/463/801F/h/Capture07_26328666.avif
4 800 TND,Rez de chaussée de villa S3 meublé avec jardin à la Marsa,La Marsa,"['250 m²', '3 Pièces', '3 Chambres', '2 Salles de bains']","['Garage', 'Ascenseur', 'Climatisation', 'Chauffage central']","22Estates vous propose à la location un superbe appartement richement meublé à neuf, avec une entrée indépendante situé au rez-de-chaussée dans un quartier résidence calme, sécurisée, à proximité de toutes commodités et de la plage.
La partie jour se compose d’un salon/salle à manger spacieux et lumineux donnant sur une jolie terrasse et un agréable jardin arboré, une cuisine entièrement équipée et aménagée et une salle d’eau invités.
La partie...",https://www.mubawab-media.com/ad/8/258/800F/h/image_1_82264645.avif
1 700 TND,A louer un s2 au lac 2,"Les Berges Du Lac 2, La Marsa","['100 m²', '3 Pièces', '2 Chambres', '1 Salle de bain']","['Terrasse', 'Vue sur mer', 'Concierge', 'Climatisation', 'Chauffage central', 'Sécurité', 'Cuisine équipée']","CENTURY 21 BARROS LAC 2 vous propose pour la location un appartement en s2 de 100 m²

Il se compose:
– Un salon
– Deux chambres à coucher
– Une cuisine 
– Une salle de bain
– Une place de parking

Contactez nous dès aujourd’hui pour plus d’informations et pour organiser une visite sur place : Tel/ WhatsApp 216 23 024 000
Email : sb@century21.tn",https://www.mubawab-media.com/ad/8/332/553F/h/thumb_1310187_property_large_82274447.avif
2 500 TND,Location joli appartement s2 la marsa plage,La Marsa,"['100 m²', '3 Pièces', '2 Chambres', '1 Salle de bain']","['Terrasse', 'Garage', 'Ascenseur', 'Concierge', 'Climatisation', 'Chauffage central', 'Cuisine équipée', 'Four']","On met a la location un bel s2 vide au cœur de la marsa plage proche de toutes les commoditées dans une résidence gardée et sécurisée.

Tel/WhatsApp :  00 216 24 26 88 33",https://www.mubawab-media.com/ad/8/258/542F/h/IMG-20240423-WA0012_81472802.avif
1 050 TND,Appartement S1 jamais habité à Ain Zaghouan,La Marsa,"['65 m²', '2 Pièces', '1 Chambre', '1 Salle de bain']","['Terrasse', 'Vue sur mer', 'Meublé', 'Salon européen', 'Climatisation', 'Chauffage central', 'Sécurité', 'Double vitrage', 'Porte blindée', 'Cuisine équipée', 'Réfrigérateur', 'Four', 'TV', 'Machine à laver', 'Micro-ondes', 'Animaux domestiques autorisés']","Emplacement : Ain Zaghouan.
Etage : Rez de chaussée
Superficie : 65m².
Typologie : S1.
Etat :Vide

Composition : 
Salon avec balcon. 
Cuisine équipée avec plaque, hotte et four. 
Chambre à coucher avec dressing. 
Salle de douche. 

Climatiseur.
Chauffage central.
Place de parking sous-sol.

Prix : 1050 Dinars/mois 

#Réf : SK 65/26.
Pour plus d'informations, veuillez contacter le 25 555 067/ 58095197",https://www.mubawab-media.com/ad/8/323/743F/h/thumb_1300793_property_xlarge_82178326.avif
3 500 TND,Duplex S2 vue mer meublé au Golden Tulip,"Gammarth Supérieur, La Marsa","['130 m²', '3 Pièces', '2 Chambres', '3 Salles de bains']","['Terrasse', 'Piscine', 'Entre-seul', 'Cheminée', 'Climatisation', 'Chauffage central', 'Cuisine équipée', 'Four']","À louer duplex S2 vue mer meublé au Golden Tulip Gammarth, situé dans un quartier résidentiel calme et recherché.
À l’entrée, un salon spacieux et lumineux avec un espace salle à manger, une salle de douche invités et une cuisine ouverte moderne entièrement équipée.
La partie nuit comprend une suite parentale avec dressing et terrasse offrant une vue sur mer, une chambre à coucher avec dressing ainsi qu’une salle de douche.

Le bien est équip...",https://www.mubawab-media.com/ad/8/328/408F/h/1_82231606.avif
5 500 TND,Duplex S4 piscine à La Marsa,La Marsa,"['400 m²', '5 Pièces', '4 Chambres', '4 Salles de bains']","['Garage', 'Meublé', 'Salon européen', 'Climatisation', 'Chauffage central', 'Cuisine équipée', 'Réfrigérateur', 'Four', 'TV', 'Machine à laver', 'Micro-ondes', 'Internet', 'Animaux domestiques autorisés']","Emplacement : La Marsa 
Superficie : 400 m².
Typologie : S4 .
Etat : Vide

Composition :
Rez de chaussée :
Salon.
Cuisine équipée de plaque, hotte et four. 
Salle à manger avec cheminée. 
Suite parentale avec dressing et salle de douche.
Salle d’eau invités. 

A l'étage : 
Deux suite parentales avec dressing et salle de bain. 
Une chambre à coucher avec dressing. 

Chauffage central.
 Climatiseurs. 
Piscine.
Abris de voiture.
...",https://www.mubawab-media.com/ad/8/330/265F/h/thumb_1308232_property_xlarge_82251612.avif
2 500 TND,Un appart meublé bien situé,La Marsa,"['120 m²', '3 Pièces', '2 Chambres', '2 Salles de bains']","['Terrasse', 'Garage', 'Cuisine équipée']","un s2 meublé à Marsa Wifek au 1er étage, il se compose de: 
- salon
- deux chambres à coucher
- salle de bain
- salle d'eau
- cuisine bien équipée.
- séchoir

le quartier calme, sécurisé et ayant un accès facile.

ps: si cette offre ne vous convient pas, veuillez svp nous communiquer votre besoin afin de vous présenter le bien que vous cherchez. merci.

pour plus de détails ou autres biens, veuillez contacter notre conseiller sur ce n...",https://www.mubawab-media.com/ad/8/216/692F/h/IMG-20250818-WA0003_81033992.avif
3 700 TND,A louer un appartement s 3 au lac 2,"Les Berges Du Lac 2, La Marsa","['150 m²', '3 Pièces', '3 Chambres', '1 Salle de bain']","['Garage', 'Cuisine équipée']","A louer un Appartement S3 spacieux au Lac 2.
cet appartement moderne et lumineux, idéalement situé au Lac 2.
Composez de
Salon avec terrasse spacieuse 
Salle à manger conviviale
Suite parentale avec douche privée 
Deux chambres à coucher confortables 
 Salle de bain équipée 
Salle d’eau dédiée pour les invités 
 Cuisine entièrement équipée 
Place de parking sécurisée",https://www.mubawab-media.com/ad/8/332/738F/h/thumb_1310511_property_large_82276606.avif
Prix à consulter,A louer un s2 a ain zaghouen nord,"Ain Zaghouan Nord, La Marsa","['130 m²', '3 Pièces', '3 Chambres', '1 Salle de bain']","['Terrasse', 'Garage', 'Concierge', 'Chambre rangement', 'Meublé', 'Climatisation', 'Chauffage central', 'Sécurité', 'Double vitrage', 'Cuisine équipée']","CENTURY 21 BARROS LAC 2 vous propose pour la location  un appartement en s2 de 100 m²

Il se compose:
– Un salon
– Deux chambres à coucher
- Une cuisine
- Une salle deau 
- Une salle de bain
- Une place de parking

Contactez nous dès aujourd’hui pour plus d’informations et pour organiser une visite sur place : Tel/ WhatsApp 216 23 024 000
Email : sb@century21.tn",https://www.mubawab-media.com/ad/8/332/682F/h/20260414_154824_82276108.avif
2 000 TND,Location s1 meublé marsa plage,"La Marsa, La Marsa","['60 m²', '2 Pièces', '1 Chambre', '1 Salle de bain']","['Terrasse', 'Garage', 'Ascenseur', 'Vue sur mer', 'Concierge', 'Chambre rangement', 'Climatisation', 'Chauffage central', 'Sécurité', 'Double vitrage', 'Porte blindée', 'Cuisine équipée', 'Réfrigérateur', 'Four', 'Machine à laver']","On met a la location un appartement s1 meublé au cœur de la marsa plage proche de toutes les commoditées.

Place de parking au sous-sol sol.

Tel/WhatsApp : 00 216 24 26 88 33",https://www.mubawab-media.com/ad/8/332/675F/h/20260414_152411_82275995.avif
Prix à consulter,Location joli appartement s2 avec terrasse vue mer,"La Marsa, La Marsa","['150 m²', '3 Pièces', '2 Chambres', '2 Salles de bains']","['Terrasse', 'Garage', 'Ascenseur', 'Concierge', 'Meublé', 'Climatisation', 'Chauffage central', 'Sécurité', 'Cuisine équipée', 'Four']","On met a la location dans une résidence gardée et sécurisée à la marsa corniche proche de toutes les commodités un joli s2 avec grande terrasse vue sur mer.
Place de parking et cellier au sous-sol.

Tel/WhatsApp : 00 216 24 26 88 33",https://www.mubawab-media.com/ad/8/255/505F/h/xDs47z5S2ZA4rMzF-thumb_81547853.avif
1 500 TND,A louer un S2 à Ain Zaghouan Nord,"Ain Zaghouan Nord, La Marsa","['127 m²', '3 Pièces', '2 Chambres', '1 Salle de bain']","['Terrasse', 'Garage', 'Ascenseur', 'Concierge', 'Meublé', 'Climatisation', 'Chauffage central', 'Sécurité', 'Double vitrage', 'Porte blindée', 'Cuisine équipée', 'Réfrigérateur', 'Four', 'TV', 'Machine à laver', 'Micro-ondes']","L’agence immobilière Century 21 Infinity vous propose à la location un appartement  S 2
*Emplacement: Ain Zaghouan Nord
*Typologie: S2
*Superficie: 120 m²
*État: vide ou meublé

Il est composé de:
-Un salon, une salle à manger
-Une cuisine équipée de plaque, hotte et four
- Deux chambres à coucher
-Une salle de bain

*Chauffage central
*Climatisation multi split
*Une place de parking",https://www.mubawab-media.com/ad/8/332/674F/h/WhatsApp%20Image%202026-03-27%20at%2012.19.00%20PM%20%283%29_82275998.avif
3 200 TND,A LOUER Appartement S3 à Les berges du lac 2,"Les Berges Du Lac 2, La Marsa","['160 m²', '4 Pièces', '3 Chambres', '3 Salles de bains']","['Terrasse', 'Garage', 'Ascenseur', 'Piscine', 'Concierge', 'Meublé', 'Façade extérieure', 'Climatisation', 'Chauffage central', 'Sécurité', 'Double vitrage', 'Porte blindée', 'Cuisine équipée', 'Réfrigérateur', 'Four', 'TV', 'Machine à laver', 'Micro-ondes']","Cet appartement S3 meublé, est situé aux Berges du Lac 2. Dès l’entrée, vous serez accueilli par un hall qui mène vers une pièce de vie spacieuse, idéale pour aménager un salon et une salle à mange, s’ouvrant sur un balcon. La cuisine est équipée d’éléments de rangement, d’une hotte, d’une plaque, d’un four, d'un micro-ondes ainsi qu’une machine à laver, elle est complétée par un séchoir. La partie nuit se compose de trois chambres à coucher dont...",https://www.mubawab-media.com/ad/8/332/663F/h/WhatsApp%20Image%202026-02-14%20at%201.50.40%20PM%20%281%29_82275901.avif
6 000 TND,A LOUER Appartement S3 à Les berges du lac 2,"Les Berges Du Lac 2, La Marsa","['180 m²', '4 Pièces', '3 Chambres', '3 Salles de bains']","['Terrasse', 'Garage', 'Vue sur mer', 'Concierge', 'Climatisation', 'Chauffage central', 'Sécurité', 'Cuisine équipée']","Cet appartement S3 meublé, est situé aux Berges du Lac 2. Dès l’entrée, vous serez accueilli par un hall qui mène vers une pièce de vie spacieuse, idéale pour aménager un salon et une salle à mange, s’ouvrant sur la piscine. La cuisine est équipée d’éléments de rangement, d’une hotte, d’une plaque, d’un four, d'un micro-ondes ainsi qu’une machine à laver, elle est complétée par un séchoir. La partie nuit se compose de trois chambres à coucher don...",https://www.mubawab-media.com/ad/8/332/656F/h/c5ff1354-5ed1-4205-9881-6ac464f2e327_WhatsApp%20Image%202026-04-14%20at%2011.57.45%20%281%29_82275827.avif
2 500 TND,A louer s2 vide à la Marsa plage,"La Marsa, La Marsa","['120 m²', '3 Pièces', '2 Chambres', '1 Salle de bain']","['Garage', 'Meublé', 'Climatisation', 'Chauffage central', 'Sécurité', 'Double vitrage', 'Porte blindée', 'Cuisine équipée', 'Réfrigérateur', 'Four', 'TV', 'Micro-ondes', 'Internet']","La méditerranée la Marsa vous propose la location d'un s2 à la Marsa plage vue mer. 
Ce dernier se compose d'un salon lumineux avec vue mer , une cuisine équipée avec séchoir , deux chambres à coucher avec dressing , une salle de bain.
l'appartement est munit d'un chauffage central , climatisations , parking et un cellier",https://www.mubawab-media.com/ad/8/214/655F/h/c3d3902a-ee30-48e9-bfe2-71733435393f_81012447.avif
1 900 TND,Appartement S2 meublée à Ain Zaghouan Nord,"Ain Zaghouan Nord, La Marsa","['140 m²', '3 Pièces', '2 Chambres', '1 Salle de bain']","['Terrasse', 'Garage', 'Ascenseur', 'Concierge', 'Meublé', 'Façade extérieure', 'Salon européen', 'Antenne parabolique', 'Climatisation', 'Chauffage central', 'Sécurité', 'Double vitrage', 'Porte blindée', 'Cuisine équipée', 'Réfrigérateur', 'Four', 'TV', 'Machine à laver', 'Micro-ondes', 'Internet']","Société Mellouli immobilière met à la location un joli appartement S2 meublée à Ain Zaghouan Nord dans une résidence calme et sécurisée
- grand salon avec terrasse
- cuisine agencée et équipée avec séchoir
- deux chambres à coucher avec dressing
- salle de bain
- salle d’eau

l'appartement est doté de la climatisation en Split et du chauffage central.
place de parking sous sol sont à disposition",
3 300 TND,Appartement S4 les berges du lac 2 vue dégagée,"Les Berges Du Lac 2, La Marsa","['180 m²', '5 Pièces', '4 Chambres', '2 Salles de bains']","['Terrasse', 'Garage', 'Ascenseur', 'Concierge', 'Façade extérieure', 'Salon européen', 'Antenne parabolique', 'Climatisation', 'Chauffage central', 'Sécurité', 'Double vitrage', 'Porte blindée', 'Cuisine équipée', 'Four', 'Micro-ondes']","Société Mellouli immobilière met à la location un joli appartement S4 au berges du lac 2, dans une résidence calme et sécurisée
- grand salon avec balcon
- cuisine agencée et équipée avec séchoir
- salle d'eau pour invités
- trois chambres à coucher avec dressing
- suite parentale
- salle de bain

L'appartement est doté de la climatisation en Split et du chauffage central.
Deux place de parking sous sol sont à disposition",
5 500 TND,Villa S6 au berges du lac 2,"Les Berges Du Lac 2, La Marsa","['400 m²', '7 Pièces', '5 Chambres', '4 Salles de bains']","['Jardin', 'Terrasse', 'Garage', 'Piscine', 'Concierge', 'Meublé', 'Salon européen', 'Antenne parabolique', 'Climatisation', 'Chauffage central', 'Sécurité', 'Double vitrage', 'Porte blindée', 'Cuisine équipée', 'Réfrigérateur', 'Four', 'TV', 'Machine à laver', 'Micro-ondes', 'Internet']","Société Mellouli immobilière met à la location une villa vide ou meublée aux berges du lac 2
la propriété s'étend sur deux niveaux, couvrant une surface totale de 450m² 
- au rez de jardin : deux chambres avec placards, salle d’eau avec douche et deux places de parking 
- au rez-de-chaussée, un salon ouvrant sur le jardin, une salle de séjour , une salle d'eau avec douche et une cuisine équipée et agencée 
- à l'étage : 3 chambres à coucher a...",https://www.mubawab-media.com/ad/8/231/085F/h/5a4b286e-6a9d-4534-96bf-469bde4a670a_81192750.avif
3 000 TND,Duplex meublé au golden tulipe,"Gammarth, La Marsa","['160 m²', '3 Pièces', '2 Chambres', '1 Salle de bain']","['Jardin', 'Terrasse', 'Garage', 'Ascenseur', 'Concierge', 'Meublé', 'Façade extérieure', 'Salon européen', 'Antenne parabolique', 'Climatisation', 'Chauffage central', 'Sécurité', 'Double vitrage', 'Porte blindée', 'Cuisine équipée', 'Réfrigérateur', 'Four', 'TV', 'Machine à laver', 'Micro-ondes', 'Internet', 'Animaux domestiques autorisés']","A louer Duplex meublé S2 situé au Golden Tulip gammarth supérieur 

Ce bien d’exception se compose comme suit :

Rez-de-chaussée :
	•	Salon spacieux avec salle à manger, télévision, climatiseur et salle d’eau.
	•	Cuisine séparée entièrement équipée.
	•	Terrasse avec pergola et abri donnant sur un jardin gazonné offrant une agréable vue sur la mer.
	•	Espace de rangement sous l’escalier.

Étage :
	•	Hall avec espace de rangement.
	•	De...",https://www.mubawab-media.com/ad/8/165/539F/h/IMG_6655_80517385.avif
7 800 TND,Villa avec piscine à gammarth,"Gammarth, La Marsa","['800 m²', '6 Pièces', '5 Chambres', '4 Salles de bains']","['Jardin', 'Terrasse', 'Garage', 'Ascenseur', 'Piscine', 'Concierge', 'Salon européen', 'Antenne parabolique', 'Cheminée', 'Climatisation', 'Chauffage central', 'Sécurité', 'Double vitrage', 'Porte blindée', 'Cuisine équipée', 'Réfrigérateur', 'Four', 'Machine à laver', 'Micro-ondes', 'Animaux domestiques autorisés']","La Société Mellouli Immobilière vous propose à la location une villa haut standing située dans un quartier résidentiel prisé à Gammarth – La Marsa, offrant un cadre de vie calme, sécurisé et raffiné.

Description du bien :

Rez-de-chaussée :
	•	Spacieux salon lumineux
	•	Salle à manger
	•	Cuisine équipée moderne
	•	Salle d’eau pour les invités
	•	Chambre d’amis
	•	Cuisine extérieure avec salle d’eau
	•	Jardin arboré
	•	Piscine privée
...",https://www.mubawab-media.com/ad/8/229/446F/h/IMG_8838_81170947.avif
8 500 TND,Grand villa avec piscine à gammarth touristique,"Gammarth, La Marsa","['500 m²', '7 Pièces', '5 Chambres', '4 Salles de bains']","['Jardin', 'Terrasse', 'Garage', 'Vue sur les montagnes', 'Piscine', 'Concierge', 'Chambre rangement', 'Entre-seul', 'Salon européen', 'Antenne parabolique', 'Climatisation', 'Chauffage central', 'Sécurité', 'Double vitrage', 'Porte blindée', 'Cuisine équipée', 'Four', 'Machine à laver', 'Micro-ondes', 'Animaux domestiques autorisés']","Société Mellouli Immobilière
Vous propose à la location une élégante villa avec piscine à Gammarth Touristique

Située dans un environnement résidentiel et privilégié, cette somptueuse villa S5 offre des volumes généreux, un agencement fonctionnel et des prestations de qualité.

Composition :
	•	Rez-de-chaussée : vaste salon lumineux ouvrant sur le jardin et la piscine, cuisine moderne entièrement équipée, deux suites.
	•	Rez-de-jardin :...",https://www.mubawab-media.com/ad/8/283/993F/h/IMG_0834_81759751.avif
2 500 TND,Appartement S3 au lac 2,"Les Berges Du Lac 2, La Marsa","['150 m²', '4 Pièces', '3 Chambres', '1 Salle de bain']","['Terrasse', 'Garage', 'Ascenseur', 'Concierge', 'Façade extérieure', 'Salon européen', 'Antenne parabolique', 'Climatisation', 'Chauffage central', 'Sécurité', 'Double vitrage', 'Porte blindée', 'Cuisine équipée', 'Four']","Société Mellouli immobilière met à la location un joli appartement S3 au berges du lac 2, dans une résidence calme et sécurisée
- salon 
- cuisine agencée et équipée avec séchoir 
- deux chambres à coucher une avec dressing
- salle de bain
- deux dressing

L'appartement est doté de la climatisation en Split et du chauffage central.
 place de parking sous sol sont à disposition 
tél 55 520 268",https://www.mubawab-media.com/ad/8/168/953F/h/IMG-20250625-WA0033_80549474.avif
À partir de310 000 TND,"Résidence"" La Régence ""","El Menzah 9, El Menzah","['Haut standing', 'En cours de construction', 'Livraison:\n\t\t\t\t\t\t\t\t\t\tseptembre 2026']","['Garage', 'Ascenseur', 'Concierge', 'Meublé', 'Façade extérieure', 'Salon européen', 'Antenne parabolique', 'Climatisation', 'Chauffage central', 'Sécurité', 'Double vitrage', 'Porte blindée', 'Cuisine équipée', 'Réfrigérateur', 'Four', 'TV', 'Machine à laver']","""la régence"" est la résidence la plus luxueuse du menzah 9. elle offre à ses résidents un style de vie luxueux et distingué.
les appartements sont bien conçus et profitent pleinement de la lumière du jour",https://www.mubawab-media.com/ad/8/200/578F/h/thumb_1146796_property_xlarge_80867124.avif
1 500 TND,Un appartement S1 meublé au lac 1,"Les Berges Du Lac 1, La Marsa","['65 m²', '2 Pièces', '1 Chambre', '1 Salle de bain']","['Jardin', 'Terrasse', 'Meublé', 'Climatisation', 'Chauffage central', 'Cuisine équipée', 'Réfrigérateur', 'Four', 'TV', 'Machine à laver', 'Micro-ondes', 'Internet', 'Animaux domestiques autorisés']","Société Mellouli immobilière met à la location un appartement S1 richement meublé, au berges du lac 1
- salon 
- cuisine équipée et agencée
-chambre à coucher avec dressing
-salle de bain
L'appartement est doté de la climatisation en split, chauffage central et place de parking sous sol",https://www.mubawab-media.com/ad/8/325/534F/h/1_82200462.avif
2 400 TND,Un S 2 meublé plain pied,La Marsa,"['150 m²', '3 Pièces', '2 Chambres', '1 Salle de bain']","['Terrasse', 'Garage', 'Meublé', 'Cuisine équipée']","un s2 meublé plain pied 
- entrée indépendante
- salon
- deux chambres à coucher
- salle d'eau douche italienne 
- cuisine bien équipée.
- séchoir


équipé en chauffage central et climatisation.
le quartier calme, sécurisé et ayant un accès facile.

ps: si cette offre ne vous convient pas, veuillez svp nous communiquer votre besoin afin de vous présenter le bien que vous cherchez. merci.

pour plus de détails ou autres biens, veuill...",https://www.mubawab-media.com/ad/8/320/794F/h/image_3_82148498.avif
1 600 TND,Coquet S2 meublé à Gammarth,La Marsa,"['110 m²', '3 Pièces', '2 Chambres', '1 Salle de bain']","['Jardin', 'Terrasse', 'Antenne parabolique', 'Climatisation', 'Chauffage central', 'Double vitrage', 'Porte blindée', 'Cuisine équipée', 'Four']","Newkey la Marsa met à la location un coquet S2 richement meublé situé dans une résidence gardée à Gammarth l'éspace est composé d'un salon salle à manger ouvrant sur un balcon, une cuisine équipée avec un séchoir,  une chambre à coucher , une salle de bain et une suite deux places de parking sont disponibles au sous-sol.  Référence du bien: Ref8299a
NB : Possibilité de le louer meublé à 1900 DT
...",https://www.mubawab-media.com/ad/8/307/851F/h/image_1_82011966.avif
4 700 TND,Villa S3 avec jardin à La Marsa Ville,La Marsa,"['280 m²', '4 Pièces', '3 Chambres', '2 Salles de bains']","['Terrasse', 'Garage', 'Ascenseur', 'Piscine', 'Concierge', 'Chambre rangement', 'Entre-seul', 'Salon européen', 'Antenne parabolique', 'Cheminée', 'Climatisation', 'Chauffage central', 'Sécurité', 'Double vitrage', 'Porte blindée', 'Cuisine équipée', 'Four', 'TV', 'Machine à laver', 'Micro-ondes', 'Internet', 'Animaux domestiques autorisés']","Emplacement : La Marsa Ville
Superficie : 280 m²
Typologie : S3
État : vide

Composition :
**Rez de chaussée :
Un grand salon
Une salle à manger
Une cuisine équipée de plaque, hotte et four
Une salle d’eau

**1èr étage :
Une suite parentale avec un dressing et une salle de douche
Deux chambres à coucher avec dressings
Une salle de bain
Un balcon

Un grand jardin gazonné
Un petit studio

Climatisation : Split-Système 
Chauffa...",https://www.mubawab-media.com/ad/8/332/431F/h/7_82273196.avif
7 000 TND,Duplex S4 avec piscine au Lac 2,"Les Berges Du Lac 2, La Marsa","['5 Pièces', '4 Chambres', '4 Salles de bains']","['Jardin', 'Terrasse', 'Garage', 'Piscine', 'Entre-seul', 'Salon européen', 'Antenne parabolique', 'Climatisation', 'Chauffage central', 'Sécurité', 'Double vitrage', 'Porte blindée', 'Cuisine équipée', 'Four', 'Internet', 'Animaux domestiques autorisés']","PHOENIX ESTATES, agence immobilière située à La Marsa, vous propose à la location un duplex avec piscine situé au rez de chaussée d'une résidence R6 au Lac 2. 
Il se compose comme suit: 
- Au rez-de-chaussée: un salon-salle à manger, une cuisine équipée, un séchoir, une suite de service et une salle d'eau invités. 
-A l'étage: Une suite parentale et trois suites juniors.
-A l'extérieur: Une terrasse et une piscine",https://www.mubawab-media.com/ad/8/326/024F/h/S4%20lac%202%205000dt%20%283%29_82205486.avif
7 250 TND,Villa S3 avec piscine à Gammarth,"Gammarth, La Marsa","['4 Pièces', '3 Chambres', '3 Salles de bains']","['Terrasse', 'Garage', 'Ascenseur', 'Concierge', 'Façade extérieure', 'Salon européen', 'Antenne parabolique', 'Climatisation', 'Chauffage central', 'Sécurité', 'Double vitrage', 'Porte blindée', 'Cuisine équipée', 'Four', 'Animaux domestiques autorisés']","PHOENIX ESTATES, agence immobilière située à La Marsa, vous propose à la location une villa avec piscine à Gammarth.
Elle se compose comme suit:
- au rez-de-chaussée: un salon, un séjour fermer, une cuisine équipée, une chambre de service avec salle de bain, une salle d'eau invités,
- à l'étage: une suite parentale, 2 chambres à coucher et une salle de bain commune,
- à l'extérieur: une piscine, un jardin, une terrasse et un abri de voiture",https://www.mubawab-media.com/ad/8/297/277F/h/s3%20la%20marsa%20%20%286%29_82220786.avif
1 150 TND,A louer un appartement s1 à laouina,"Ain Zaghouan, La Marsa","['70 m²', '1 Pièce', '1 Chambre', '1 Salle de bain']","['Terrasse', 'Garage', 'Ascenseur', 'Vue sur mer', 'Vue sur les montagnes', 'Concierge', 'Chambre rangement', 'Façade extérieure', 'Salon européen', 'Antenne parabolique', 'Climatisation', 'Chauffage central', 'Sécurité', 'Double vitrage', 'Porte blindée', 'Cuisine équipée', 'Four', 'Micro-ondes', 'Animaux domestiques autorisés']","Hexa Real Estate vous propose à la location un appartement S1 à L'aouina  :
Composition :
Un salon donnant sur le balcon
Cuisine bien équipée de hotte , plaque et four 
Chambre à coucher avec dressing et balcon
Salle d'eau avec cabine de douche 
Climatisation 
Chauffage
Place parking 
Prix : 1150 dt / mois y compris les frais de syndic",https://www.mubawab-media.com/ad/8/332/378F/h/1_82272685.avif
5 000 TND,A louer s4 vue sur le lac,"Les Berges Du Lac 2, La Marsa","['230 m²', '1 Pièce', '4 Chambres', '3 Salles de bains']","['Terrasse', 'Façade extérieure', 'Climatisation', 'Chauffage central', 'Cuisine équipée', 'Four']","Hexa Real Estate vous propose à la location  un spacieux S4 situé au 2ᵉ étage avec une belle vue sur le lac.
L’appartement se compose d’un salon spacieux et lumineux, d’une salle d’eau pour les invités, d’une cuisine bien aménagée et équipée (hotte, plaque, four, micro-ondes) avec séchoir, de deux suites, de deux chambres à coucher avec dressing partageant une salle de bain commune, ainsi que d’une chambre de service.
Chauffage
Climatisation
...",https://www.mubawab-media.com/ad/8/332/367F/h/VTc0jAUE0KcIuiBj-thumb_82272607.avif
1 800 TND,S2 avec une grande terrasse à La Marsa,La Marsa,"['1 Pièce', '3 Chambres', '1 Salle de bain']","['Jardin', 'Terrasse', 'Garage', 'Piscine', 'Climatisation', 'Chauffage central', 'Sécurité', 'Double vitrage', 'Porte blindée', 'Cuisine équipée']","Hexa Real Estate vous propose à la location un appartement S2 occupant le 1er étage d'une résidence gardée à La Marsa situé dans un quartier résidentiel.
Salon, cuisine équipée, séchoir, deux chambres à coucher, une salle de bain et un séjour séparé donnant sur une grande terrasse.
L'appartement est équipé du chauffage central et climatiseurs",https://www.mubawab-media.com/ad/8/303/008F/h/thumb_1278382_property_large_81963371.avif
Prix à consulter,A louer une villa avec piscine à Gammarth,"Gammarth Supérieur, La Marsa","['3 Pièces', '7 Chambres', '8 Salles de bains']","['Terrasse', 'Garage', 'Ascenseur', 'Concierge', 'Climatisation', 'Chauffage central', 'Sécurité', 'Double vitrage', 'Cuisine équipée', 'Four']","exa Real Estate vous propose une Villa S7 avec piscine et jardin et terrasse à la location à Gammarth :
Composition :
Rez de chaussée :
Un salon, salle à manger donnant sur la piscine et le jardin, une cuisine bien équipée, séjour séparé, suite d'amis 
A L'étage :
un séjour, une suite parentale avec dressing, trois suites juniors avec dressings 
Rez de jardin :
Suite, hammam, buanderie, salle d'eau avec cabine de douche, cuisine équipée et...",https://www.mubawab-media.com/ad/8/036/899F/h/WhatsApp%20Image%202024-01-18%20%C3%A0%2009.11.07_60c033e1_79227150.avif
2 300 TND,A louer un appartement s2 a ain zaghouan nord,"Ain Zaghouan Nord, La Marsa","['120 m²', '3 Pièces', '2 Chambres', '2 Salles de bains']","['Terrasse', 'Garage', 'Meublé', 'Climatisation', 'Chauffage central', 'Cuisine équipée']","L’agence immobilière century 21 Infinity vous propose à la location un s2 à Ain Zaghouan nord dans une résidence calme et sécurisée
l’appartement se compose de:
-un grand salon, salle a manger qui donne sur un balcon
-une cuisine très bien équipée
-une salle d’eau
-deux chambres spacieuses avec dressings et leur salle de bain commune
-chauffage central et climatisation multi split
-une place de parking au sous sol",https://www.mubawab-media.com/ad/8/259/538F/h/thumb_645060_property_large_81482891.avif
1 500 TND,A louer un appartement S2 meublé à Ain Zaghouan,"Ain Zaghouan Nord, La Marsa","['120 m²', '3 Pièces', '2 Chambres', '1 Salle de bain']","['Terrasse', 'Ascenseur', 'Concierge', 'Meublé', 'Façade extérieure', 'Climatisation', 'Chauffage central', 'Double vitrage', 'Porte blindée', 'Cuisine équipée', 'Réfrigérateur', 'Four', 'TV', 'Machine à laver', 'Micro-ondes']","Agence immobilière Le Carré 9 met à la location un appartement S2 meublé d’une superficie de 120m² situé au 2éme étage dans une petite résidence R2 à Ain Zaghouan.

L’appartement se compose de: 

Un salon lumineux avec un balcon
Une salle à manger 
Une cuisine équipée s’ouvre sur un séchoir
Deux chambres à coucher dont une avec placards et donne sur une terrasse 
Une salle de bain commune

L’appartement est équipé du chauffage centrale...",https://www.mubawab-media.com/ad/8/312/047F/h/WhatsApp%20Image%202026-03-04%20at%2012.31.26_82060597.avif
1 550 TND,A louer un S3 meublé à Ain Zaghouan,"Ain Zaghouan Nord, La Marsa","['150 m²', '4 Pièces', '3 Chambres', '1 Salle de bain']","['Jardin', 'Terrasse', 'Garage', 'Piscine', 'Concierge', 'Chambre rangement', 'Entre-seul', 'Antenne parabolique', 'Climatisation', 'Chauffage central', 'Sécurité', 'Cuisine équipée']","Agence immobilière Le Carré 9 met à la location un appartement S3 meublé avec une superficie de 150 m² situé au 2éme étage dans une résidence gardée à Ain Zaghouan.

A l'entrée de l'appartement on découvre un salon une salle à manger lumineux avec un balcon, une cuisine équipée complétée par un séchoir et une salle d'eau invités.
La partie nuit contient de trois chambres à coucher et une salle de bain commune.

Chauffage central et Climatisa...",https://www.mubawab-media.com/ad/8/196/182F/h/20260306_132342_82074635.avif
6 500 TND,A louer une villa à Gammarth,"Gammarth, La Marsa","['500 m²', '6 Pièces', '5 Chambres', '4 Salles de bains']","['Entre-seul', 'Climatisation', 'Chauffage central']",Sous Sol : Parking 6 voitures – porte automatique Chambre gardien avec salle de bain Chambre femme de ménage avec salle de bain Petite cuisine Cellier débarra RDC : Salon et salle a manger Séjour Bureau Cuisine entièrement équipée Buanderie équipée Salle d’eau Etage : Suite parentale avec salle de bain jacuzzi et 2 grands dressing Suite amis avec dressing et salle de bain 2 chambres avec dressings Salle de bain Dressings. Chauffage centrale Gaz C...,https://www.mubawab-media.com/ad/7/826/697F/h/2114_66360985.avif
3 500 TND,A louer une villa à Gammarth,"Gammarth, La Marsa","['350 m²', '5 Pièces', '4 Chambres', '2 Salles de bains']","['Terrasse', 'Garage', 'Ascenseur', 'Vue sur mer', 'Concierge', 'Antenne parabolique', 'Climatisation', 'Chauffage central', 'Sécurité', 'Double vitrage', 'Cuisine équipée']",À louer une belle spacieuse villa à Gammarth,https://www.mubawab-media.com/ad/7/851/292F/h/5508_66362023.avif
4 200 TND,Location grand appartement marsa plage,La Marsa,"['200 m²', '4 Pièces', '3 Chambres', '3 Salles de bains']","['Garage', 'Concierge', 'Meublé', 'Climatisation', 'Chauffage central', 'Sécurité', 'Cuisine équipée', 'Réfrigérateur', 'Four', 'TV', 'Machine à laver', 'Micro-ondes']","On met a la location un joli appartement s3 dans une résidence sécurisée au cœur de la marsa plage avec vue sur la mer.
L'appartement se compose d'un salon, salle à manger avec balcon, suite parentale, deux chambres à coucher avec salle de bain commune, salle d'eau invités, cuisine équipée et séchoir.

Place parking au sous-sol

Tel/WhatsApp : 00 216 24 26 88 33",https://www.mubawab-media.com/ad/8/238/883F/h/WhatsApp%20Image%202025-10-21%20at%2016.20.28_81271090.avif
2 200 TND,"Appartement S2 meublé, Gammarth","Gammarth, La Marsa","['123 m²', '3 Pièces', '2 Chambres', '1 Salle de bain']","['Terrasse', 'Garage', 'Piscine', 'Climatisation', 'Chauffage central', 'Cuisine équipée']","L’appartement se trouve au deuxième étage d'une résidence sécurisée et bien située sur la route de Gammarth.

La partie jour se compose d'un grand salon et salle à manger avec un balcon et d'une cuisine équipée avec son séchoir.

La partie nuit abrite une grande chambre à coucher avec un dressing et une deuxième chambre, également avec dressing, qui se partagent une salle de bain.

L'appartement est récemment rénové et très bien entretenu.
...",https://www.mubawab-media.com/ad/7/891/727F/h/b6ce7ee5-5e42-404a-862d-61306556720b_82099181.avif
9 500 TND,"Villa S6 avec piscine et vue dégagée, Gammarth supérieur","Gammarth Supérieur, La Marsa","['1000 m²', '7 Pièces', '6 Chambres', '6 Salles de bains']","['Jardin', 'Terrasse', 'Vue sur mer', 'Concierge', 'Meublé', 'Salon européen', 'Climatisation', 'Chauffage central', 'Cuisine équipée', 'Réfrigérateur', 'Four', 'TV', 'Machine à laver', 'Micro-ondes']","La villa est située dans un quartier résidentiel à Gammarth supérieur.

Elle se compose au rez-de-chaussée d'un salon, d'une salle à manger, d'une cuisine équipée, d'une salle d'eau pour les invités et d'une suite avec ses placards et sa salle d'eau avec douche.

L'étage abrite trois suite avec leurs placards et leurs salles d'eau avec douche, et deux chambres à coucher qui se partagent une salle d'au avec douche.

Le rez-de jardin s'ouvre...",https://www.mubawab-media.com/ad/8/332/643F/h/Int%C3%A9rieur%20moderne%20avec%20escalier%20flottant_82275724.avif
3 000 TND,"Duplex S2 avec jardin, Gammarth supérieur","Gammarth Supérieur, La Marsa","['160 m²', '3 Pièces', '2 Chambres', '2 Salles de bains']","['Terrasse', 'Chauffage central', 'Sécurité']","Situé au rez-de-chaussée d’une résidence calme, sécurisée et bien entretenue à Gammarth Supérieur, ce duplex offre un cadre de vie paisible à proximité de la mer.

Le rez-de-chaussée se compose d’un salon lumineux, d’une cuisine moderne entièrement équipée, d’une salle d’eau pour les invités ainsi que d’un espace de rangement.

À l’étage, vous trouverez deux chambres à coucher en double hauteur, toutes deux dotées de placards intégrés, ainsi...",https://www.mubawab-media.com/ad/8/332/622F/h/WhatsApp%20Image%202026-04-14%20at%2016.46.39%20%283%29_82275540.avif
700 TND,"Appartement S2, Gammarth","Gammarth, La Marsa","['75 m²', '3 Pièces', '2 Chambres', '1 Salle de bain']","['Jardin', 'Terrasse', 'Garage', 'Ascenseur', 'Concierge', 'Façade extérieure', 'Climatisation', 'Chauffage central', 'Sécurité', 'Double vitrage', 'Porte blindée', 'Cuisine équipée', 'Four']","Cet appartement est situé au troisième et dernier étage d’une petite résidence de quatre étages.

Il se compose d’un salon donnant sur un balcon, d’une cuisine avec séchoir, de deux chambres à coucher et d’une salle d’eau équipée d’une douche",https://www.mubawab-media.com/ad/8/321/654F/h/16_82156963.avif
7 000 TND,A LOUER Appartement S3 à Les berges du lac 2,"Les Berges Du Lac 2, La Marsa","['346 m²', '4 Pièces', '3 Chambres', '4 Salles de bains']","['Terrasse', 'Garage', 'Ascenseur', 'Concierge', 'Meublé', 'Climatisation', 'Chauffage central', 'Sécurité', 'Double vitrage', 'Porte blindée', 'Cuisine équipée', 'Réfrigérateur', 'Four', 'TV', 'Machine à laver', 'Micro-ondes']","Cet appartement S3 de 346m², est situé aux Berges du Lac 2. Dès l’entrée, vous serez accueilli par un hall qui mène vers une pièce de vie spacieuse, idéale pour aménager un salon et une salle à manger s’ouvrent sur un jardin. La cuisine est équipée d’éléments de rangement, d’une hotte, d’une plaque, d’un four ainsi qu'un séchoir. Une salle d'eau pour les invités vient compléter ce niveau. La partie nuit se compose de trois suites parentales.

L...",https://www.mubawab-media.com/ad/8/331/939F/h/7f032262-0f4d-4fc3-b0a6-44c1f17641cf_82275044.avif
2 600 TND,A LOUER Appartement S3 à Les berges du lac 2,"Les Berges Du Lac 2, La Marsa","['180 m²', '4 Pièces', '3 Chambres', '3 Salles de bains']","['Terrasse', 'Garage', 'Ascenseur', 'Concierge', 'Façade extérieure', 'Climatisation', 'Chauffage central', 'Sécurité', 'Double vitrage', 'Porte blindée', 'Cuisine équipée', 'Four']","Cet appartement S3 de 180m², est situé aux Berges du Lac 2. Dès l’entrée, vous serez accueilli par un hall qui mène vers une pièce de vie spacieuse, idéale pour aménager un salon et une salle à manger s’ouvrent sur un balcon. La cuisine est équipée d’éléments de rangement, d’une hotte, d’une plaque, d’un four, d'un micro-ondes ainsi qu’une machine à laver, elle est complétée par un séchoir. La partie nuit se compose de trois chambres à coucher do...",https://www.mubawab-media.com/ad/8/332/598F/h/thumb_1310326_property_large_82275052.avif
2 700 TND,Appartement s3 à Ain Zaghouan Nord,"Ain Zaghouan Nord, La Marsa","['150 m²', '4 Pièces', '3 Chambres', '2 Salles de bains']","['Meublé', 'Chauffage central', 'Cuisine équipée', 'Four']","Hexa Real Estate vous propose un Appartement s3 en suite au 2eme étage en R8 avec terrasse à la location Ain Zaghouan Nord 

Composition :

Salon/salle à manger donnant sur une terrasse
Salle d'eau
Cuisine équipée avec séchoir
Deux chambres à coucher dont une avec dressing
Salle de bain
Suite parentale avec dressing 

Chauffage
Climatisation
Place parking 

Prix : 2600 dt / mois 

Pour le visiter et plus d'informations veuillez n...",
970 TND,À louer appartement s1 richement meublé,"Ain Zaghouan, La Marsa","['70 m²', '2 Pièces', '1 Chambre', '1 Salle de bain']","['Terrasse', 'Concierge', 'Climatisation', 'Chauffage central', 'Cuisine équipée']","Carthaginois Immobilière met à la location un appartement s1 richement meublé situé à Ain Zaghouan côté attijari bank et clinique soukra.
Emplacement stratégique.
Composition :

Chambre à coucher spacieuse


Salon fermé 


Cuisine équipée par plaque, hotte et four 


Séchoir 


Chauffage central


Climatiseur 


Loyer: 970dt/mois

    Pour plus d’informations ou visite, merci de me contacter !
58 152 146 
WhatsApp: 92 22...",
3 100 TND,Etage de villa S3 meublé à la Marsa,La Marsa,"['120 m²', '3 Pièces', '3 Chambres', '3 Salles de bains']","['Terrasse', 'Meublé', 'Climatisation', 'Chauffage central', 'Sécurité', 'Double vitrage', 'Porte blindée', 'Cuisine équipée', 'Réfrigérateur', 'Four', 'TV', 'Machine à laver', 'Micro-ondes', 'Internet']","22Estates met à votre disposition un magnifique S3 meublé, offrant un cadre de vie alliant confort et élégance.

La partie jour se compose d’un vaste salon lumineux ouvrant directement sur une terrasse, bénéficiant d’une belle luminosité naturelle. Elle comprend également une cuisine moderne, entièrement équipée et fonctionnelle, ainsi qu’une salle d’eau avec douche à l’italienne.

La partie nuit abrite une suite parentale ainsi que deux cham...",
5 200 TND,Duplex S3 avec piscine au Lac2,"Les Berges Du Lac 2, La Marsa","['1 Pièce', '3 Chambres', '4 Salles de bains']","['Jardin', 'Terrasse', 'Garage', 'Ascenseur', 'Piscine', 'Concierge', 'Salon européen', 'Cheminée', 'Climatisation', 'Chauffage central', 'Sécurité', 'Double vitrage', 'Porte blindée', 'Cuisine équipée']","Hexa Real Estate vous propose à la location un duplex S3 avec piscine au Lac2.
Au rez-de-chaussée: spacieux salon donnant sur la piscine, cuisine équipée, séchoir, buanderie, salle d'eau invités.
A l'étage: suite parentale, deux suites juniors.
Le duplex est équipé du chauffage central et climatiseurs, dispose aussi d'une place de parking au sous sol",
3 700 TND,Etage de villa S3 meublé avec jardin à la Marsa,"Cité Les Pins, La Marsa","['150 m²', '4 Pièces', '3 Chambres', '2 Salles de bains']","['Jardin', 'Terrasse', 'Garage', 'Meublé', 'Entre-seul', 'Salon européen', 'Climatisation', 'Chauffage central', 'Sécurité', 'Double vitrage', 'Porte blindée', 'Cuisine équipée', 'Réfrigérateur', 'Four', 'TV', 'Machine à laver', 'Micro-ondes']","22Estates vous propose à la location un bel étage de villa S3 meublé, situé au premier étage, offrant un cadre de vie confortable et agréable, avec une terrasse ainsi qu’un jardin au rez-de-chaussée.

Ce bien se compose d’un salon lumineux avec une petite terrasse, d’une cuisine moderne et bien agencée, d’une salle d’eau  invités, de trois chambres à coucher et d’une salle de bain. Il dispose également d’un abri pour une voiture. Pour plus d’in...",
4 200 TND,Appartement s2 richement meublé avec terrasse et très belle...,La Marsa,"['185 m²', '3 Chambres', '3 Salles de bains']","['Terrasse', 'Vue sur mer', 'Meublé', 'Salon européen', 'Climatisation', 'Chauffage central', 'Sécurité', 'Double vitrage', 'Porte blindée', 'Cuisine équipée', 'Réfrigérateur', 'Four', 'TV', 'Machine à laver', 'Micro-ondes', 'Internet']","Belles prestations pour cet appartement à louer. Prix 4 500 TND. 2 chambres, 2 salles de bains, surface 185 m². 1er étage. Moins de 5 ans. Type de sol: Marbre. Entièrement meublé.

Cet appartement est à louer à La Marsa. Profitez d'une vue magnifique sur la mer. Porte blindée et chauffage central. Climatisation.

Contactez-nous si vous êtes intéressé par cet appartement. Cuisine bien équipée. Sécurité assurée. Micro-ondes",https://www.mubawab-media.com/ad/8/302/667F/h/photo_0_81960076.avif
5 500 TND,Appartement spacieux avec vue,La Marsa,"['195 m²', '3 Chambres', '3 Salles de bains']","['Jardin', 'Terrasse', 'Garage', 'Vue sur les montagnes', 'Climatisation', 'Chauffage central', 'Double vitrage', 'Porte blindée', 'Cuisine équipée', 'Réfrigérateur', 'Four', 'Machine à laver', 'Micro-ondes']","Appartement en location à saisir. Prix 5 500 TND. 3 chambres, 3 salles de bains, surface 195 m². 1er étage. Moins de 5 ans. Type de sol: Marbre. Vue exceptionnelle sur les montagnes, fenêtres avec double vitrage, chauffage central et porte blindée.

Venez découvrir cet appartement en location à La Marsa. Les extérieurs se composent d'un jardin et d'une terrasse. Machine à laver.

Contactez-nous si vous êtes intéressé par cet appartement. Cuisine...",https://www.mubawab-media.com/ad/8/327/395F/h/photo_00_82220700.avif
4 500 TND,Appartement S2 meublé aux berges du lac 2,"Les Berges Du Lac 2, La Marsa","['126 m²', '2 Chambres']","['Terrasse', 'Garage', 'Meublé', 'Sécurité', 'Cuisine équipée']","NEWKEY LAC 2 vous propose la location un appartement  S2 meublé situé dans une résidence sécurisée et gardée aux Berges du Lac 2.

Ce logement se compose d'un salon lumineux ouvrant sur une grande terrasse , ainsi qu'une cuisine entièrement équipée et une salle d'eau.

deux chambres à coucher avec une terrasse privative et  une salle de bain.

une place de  parking est également disponible.  Référence du bien: Ref8899a",https://www.mubawab-media.com/ad/8/306/315F/h/thumb_1281619_property_xlarge_81996540.avif
4 800 TND,Villa avec piscine jardin,"Cité des Mimosas, La Marsa","['305 m²', '5 Chambres', '4 Salles de bains']","['Jardin', 'Terrasse', 'Garage', 'Vue sur les montagnes', 'Chambre rangement', 'Antenne parabolique', 'Climatisation', 'Chauffage central', 'Sécurité', 'Double vitrage', 'Porte blindée', 'Cuisine équipée', 'Four']","Raffinement et confort pour cette villa à louer. Prix 4 850 TND. 5 chambres, 4 salles de bains, superficie 305 m². Moins de 5 ans. Revêtement: Marbre. Parfaitement équipé avec porte blindée et double vitrage. Superbe vue sur les montagnes et chauffage central.

Cette luxueuse maison est à louer à Cité des Mimosas. Les extérieurs se composent d'un jardin et d'une terrasse. Équipé d'une antenne parabolique. Sécurité dans la résidence.

Contactez-no...",https://www.mubawab-media.com/ad/8/311/100F/h/photo_0_82046510.avif
À partir de310 000 TND,"Résidence"" La Régence ""","El Menzah 9, El Menzah","['Haut standing', 'En cours de construction', 'Livraison:\n\t\t\t\t\t\t\t\t\t\tseptembre 2026']","['Jardin', 'Garage', 'Concierge', 'Cuisine équipée']","""la régence"" est la résidence la plus luxueuse du menzah 9. elle offre à ses résidents un style de vie luxueux et distingué.
les appartements sont bien conçus et profitent pleinement de la lumière du jour",https://www.mubawab-media.com/ad/8/321/672F/h/thumb_1298717_property_large_82157107.avif
5 300 TND,A louer une villa s5 à la Marsa ville,La Marsa,"['250 m²', '6 Pièces', '5 Chambres', '3 Salles de bains']","['Garage', 'Ascenseur', 'Meublé', 'Climatisation', 'Chauffage central', 'Sécurité', 'Cuisine équipée']","New Key La Marsa vous propose à la location une spacieuse villa en S5, idéalement située à La Marsa.
Ce bien se compose comme suit :
Au rez-de-chaussée, vous trouverez un salon lumineux, une salle d’eau pour les invités, une chambre ainsi qu’une seconde chambre avec sa propre salle d’eau et une sortie indépendante sur le jardin, pouvant également faire office de bureau ou de chambre de service.
À l’étage, la partie nuit comprend deux chambres...",https://www.mubawab-media.com/ad/8/328/468F/h/thumb_660960_property_large_82232073.avif
1 200 TND,A louer un appartement meublé à l'Aouina,"Aouina, La Marsa","['63 m²', '2 Pièces', '1 Chambre', '1 Salle de bain']","['Terrasse', 'Garage', 'Meublé', 'Chauffage central']","Au cœur de L’Aouina, dans une résidence sécurisée et bien entretenue, se cache un appartement S1 meublé pensé comme un véritable cocon de confort et de modernité.

Dès que vous franchissez la porte, une atmosphère chaleureuse vous enveloppe. Le salon, soigneusement aménagé avec goût, offre un espace de vie harmonieux où chaque détail a été choisi pour allier élégance et praticité. La lumière naturelle y trouve facilement sa place, rendant l’amb...",https://www.mubawab-media.com/ad/8/305/011F/h/thumb_1279490_property_large_81982852.avif
1 800 TND,Appartement s1 meublé à Ain zaghouan nord,"Ain Zaghouan Nord, La Marsa","['2 Pièces', '1 Chambre', '1 Salle de bain']","['Terrasse', 'Concierge', 'Meublé', 'Climatisation', 'Chauffage central', 'Sécurité', 'Double vitrage', 'Porte blindée', 'Cuisine équipée', 'Réfrigérateur', 'Four', 'TV', 'Machine à laver', 'Micro-ondes', 'Internet']","Seven Real Estate vous propose à la location un appartement s1 meublé situé dans une résidence gardée à Ain Zaghouan Nord
il se compose comme suit : 
un salon donnant sur un balcon , une cuisine américaine aménagée et équipée , une chambre à coucher avec dressing et une salle de douche 
L’appartement est équipé du chauffage central et de climatiseurs et dispose d’une place de parking au sous-sol",https://www.mubawab-media.com/ad/8/228/003F/h/thumb_1177090_property_xlarge_81155831.avif
1 700 TND,Appartement s3 meublé à l'aouina,"Aouina, La Marsa","['4 Pièces', '3 Chambres', '3 Salles de bains']","['Terrasse', 'Garage', 'Chauffage central']","Seven Real Estate vous propose à la location un appartement S3 richement meublé occupant le rez-de-chaussée d'une résidence sécurisée à l'Aouina composé comme suit : un grand salon salle à manger donnant sur un balcon , une cuisine aménagée et équipée (plaque ,hotte , four, micro-onde ,réfrigérateur, machine à laver ) attenante à un séchoir et une salle d'eau invités , une suite parentale , deux chambres à coucher avec dressings et une salle de b...",https://www.mubawab-media.com/ad/8/296/890F/h/thumb_1270736_property_large_81897949.avif
2 700 TND,Appartement s3 avec terrasse à Ain Zaghouan Nord,"Ain Zaghouan Nord, La Marsa","['160 m²', '4 Pièces', '3 Chambres', '1 Salle de bain']","['Terrasse', 'Chauffage central']","Seven Real Estate vous propose à la location un appartement s3 avec terrasse situé dans une résidence gardée à Ain Zaghouan Nord 
il est composé comme suit : 
un salon salle à manger donnant sur une terrasse , une cuisine aménagée et équipée attenante à un séchoir, une salle de douche, trois chambres à coucher et une salle de bain 
L’appartement est équipée du chauffage central et de climatiseurs et dispose d’une place de parking au sou-sol",https://www.mubawab-media.com/ad/8/320/731F/h/thumb_1297234_property_large_82147852.avif
1 250 TND,Appartement s1 à ain zaghouan,"Ain Zaghouan Nord, La Marsa","['2 Pièces', '1 Chambre', '1 Salle de bain']","['Terrasse', 'Garage', 'Climatisation', 'Chauffage central', 'Sécurité', 'Double vitrage', 'Porte blindée', 'Cuisine équipée', 'Four']","Seven Real Estate vous propose à la location un appartement s1 situé dans une résidence gardée à Ain Zaghouan 
il se compose comme suit : un salon donnant sur un balcon , une cuisine américaine aménagée et équipée , une salle de douche , et une chambre à coucher avec dressing 
l’appartement est équipée du chauffage central et de climatiseurs",https://www.mubawab-media.com/ad/8/296/356F/h/thumb_1270130_property_xlarge_82089515.avif
2 200 TND,Appartement s2 à ain zaghouan nord,"Ain Zaghouan Nord, La Marsa","['130 m²', '3 Pièces', '2 Chambres', '1 Salle de bain']","['Terrasse', 'Garage', 'Vue sur mer', 'Concierge', 'Meublé', 'Climatisation', 'Chauffage central', 'Sécurité', 'Double vitrage', 'Porte blindée', 'Cuisine équipée', 'Réfrigérateur', 'Four', 'TV', 'Machine à laver', 'Micro-ondes']","Seven Real Estate vous propose à la location un appartement S2 occupant le deuxième étage d’une résidence gardée située à Ain Zaghouan Nord.
il se compose comme suit : un salon donnant sur un balcon, une cuisine aménagée et équipée attenante à un séchoir, une salle d’eau invités , deux chambres à coucher et une salle de bain 
L’appartement est équipé du chauffage central et de climatiseurs et dispose d’une place de parking au sous-sol",https://www.mubawab-media.com/ad/8/298/369F/h/ee245c14-53e1-4575-bf49-46d80ce279bd_82244356.avif
5 000 TND,Duplex S3 Meublé vue mer à louer à Gammarth,"Gammarth, La Marsa","['300 m²', '4 Pièces', '3 Chambres', '3 Salles de bains']","['Terrasse', 'Garage', 'Ascenseur', 'Concierge', 'Meublé', 'Climatisation', 'Chauffage central', 'Sécurité', 'Double vitrage', 'Porte blindée', 'Cuisine équipée', 'Réfrigérateur', 'Four', 'TV', 'Machine à laver', 'Micro-ondes']","BONACASA vous proposons à la location un magnifique duplex richement meublé, au style à la fois traditionnel et atypique, bénéficiant d’une entrée indépendante, situé sur les collines de Gammarth.
À l’entrée, une agréable terrasse vous accueille et mène à un hall spacieux et soigneusement décoré. Vous y découvrirez ensuite un double salon lumineux et convivial, une cuisine américaine moderne entièrement équipée, ainsi qu’une salle d’eau invités...",https://www.mubawab-media.com/ad/8/308/048F/h/748a5ff1-d8dd-4f9c-8517-dc439d2f5c4b_82146043.avif
3 700 TND,S2 Meublé à louer à la Marsa,La Marsa,"['130 m²', '3 Pièces', '2 Chambres', '2 Salles de bains']","['Terrasse', 'Vue sur mer', 'Meublé', 'Climatisation', 'Chauffage central', 'Sécurité', 'Cuisine équipée']","BONACASA vous propose à la location un superbe appartement richement meublé situé au premier étage d'une résidence avec ascenseur, calme et sécurisée.
La partie jour se compose d'un salon/salle à manger spacieux et lumineux donnant sur une terrasse, une cuisine américaine totalement équipée et très bien agencée et une salle d'eau invités.
La partie nuit loge deux suites dont une dispose d'une salle d'eau avec une douche à l'italienne et l'autre...",https://www.mubawab-media.com/ad/7/452/385F/h/0_GF_1_59855106.avif
4 000 TND,Appart Lahore Meublé à Louer à Golden Tulipe,"Gammarth, La Marsa","['180 m²', '3 Pièces', '2 Chambres', '1 Salle de bain']","['Jardin', 'Terrasse', 'Garage', 'Piscine', 'Entre-seul', 'Salon européen', 'Antenne parabolique', 'Climatisation', 'Chauffage central', 'Sécurité', 'Double vitrage', 'Porte blindée', 'Cuisine équipée', 'Internet', 'Animaux domestiques autorisés']","Un appart au 2éme étage meublé avec une vue sur mer situé dans la résidence de l'hôtel golden tulipe de Gammarth. A L'entrée, On a un grand salon avec balcon , 2 chambres ,une salle de bain, et une terrasse au toit avec barbecue et vue panoramique",https://www.mubawab-media.com/ad/8/323/592F/h/thumb_1300586_property_large_82176614.avif
6 500 TND,Villa S3 neuve avec jardin à La Marsa,La Marsa,"['4 Pièces', '3 Chambres', '3 Salles de bains']",['Chauffage central'],"PHOENIX ESTATES, agence immobilière située à La Marsa, vous propose à la location une villa neuve avec jardin à La Marsa.
Elle se compose comme suit:
- Au rez-de-chaussée: Un salon-salle à manger, une salle d'eau invités et une cuisine équipée.
- Au premier étage: une suite parentale, deux suites junior, un séjour et une salle d'eau.
- A l'extérieur: un grand jardin et un garage",https://www.mubawab-media.com/ad/8/315/852F/h/thumb_1292810_property_large_82098749.avif
5 500 TND,À louer – Étage de villa à usage bureautique au Lac 2,"Les Berges Du Lac 2, La Marsa","['266 m²', '4 Pièces', '4 Chambres', '1 Salle de bain']","['Garage', 'Ascenseur']","Situé dans un emplacement stratégique au cœur du Lac 2, cet élégant étage de villa à usage bureautique offre une superficie généreuse de 266 m². Il se compose de 4 espaces de bureaux (S4), lumineux et bien agencés, parfaitement adaptés pour une société, un cabinet ou toute activité administrative.

Le bien bénéficie d’un cadre professionnel de haut standing, avec de beaux volumes, une excellente luminosité et un environnement calme et prestigie...",https://www.mubawab-media.com/ad/8/330/681F/h/thumb_1308679_property_large_82255435.avif
3 500 TND,À louer – Appartement à usage commercial ou centre,"Les Berges Du Lac 2, La Marsa","['140 m²', '4 Pièces', '4 Chambres', '1 Salle de bain']","['Terrasse', 'Garage', 'Ascenseur', 'Chauffage central', 'Sécurité', 'Four']","À louer – Appartement à usage commercial ou centre esthétique

Nous proposons à la location un bel appartement idéal pour une activité commerciale ou un centre d’esthétique / bien-être. Situé dans un emplacement stratégique avec accès direct sur la route, ce local bénéficie d’une excellente visibilité et d’un accès facile pour la clientèle.

Le bien se compose de 3 chambres pouvant servir de cabines de soins, d’un espace réception accueillant...",https://www.mubawab-media.com/ad/8/298/746F/h/gallery_81920050.avif
1 500 TND,A Louer Appartement S1 au Lac1,"Les Berges Du Lac 1, La Marsa","['60 m²', '1 Pièce', '1 Chambre', '1 Salle de bain']","['Terrasse', 'Garage', 'Ascenseur', 'Chauffage central', 'Sécurité', 'Four']","À louer S1 – 60 m²
Situé au rez-de-chaussée d’une résidence calme et bien entretenue, ce S1 de 60 m² offre un espace fonctionnel et confortable.
Le bien bénéficie d’un ascenseur, d’une place de parking et d’un agencement pratique, idéal pour habitation ou usage bureautique selon l’emplacement.
Emplacement agréable et facilement accessible",https://www.mubawab-media.com/ad/8/317/954F/h/gallery_82120296.avif
1 150 TND,S1 en location,"Aouina, La Marsa","['50 m²', '2 Pièces', '1 Chambre', '1 Salle de bain']","['Garage', 'Concierge', 'Meublé', 'Climatisation', 'Chauffage central', 'Sécurité', 'Cuisine équipée', 'Réfrigérateur', 'Four', 'TV', 'Machine à laver', 'Micro-ondes', 'Internet']","Appartement S1 haut standing situé dans une résidence sécurisée avec double ascenseur. L’entrée donne sur un salon spacieux et lumineux. La cuisine est aménagée et entièrement équipée (hotte, plaque et four). La partie nuit se compose d’une chambre à coucher avec dressing. Une salle d’eau avec cabine de douche est également disponible. L’appartement est équipé de chauffage central et de climatiseurs. Une place de parking au sous-sol ainsi qu’un c...",https://www.mubawab-media.com/ad/8/332/591F/h/WhatsApp%20Image%202026-04-10%20at%2012.30.57%20%288%29_82274998.avif
1 000 TND,S1 en location,"Aouina, La Marsa","['69 m²', '2 Pièces', '1 Chambre', '1 Salle de bain']","['Meublé', 'Climatisation', 'Chauffage central', 'Sécurité', 'Cuisine équipée', 'Réfrigérateur', 'Four', 'TV', 'Machine à laver', 'Micro-ondes']","Cet appartement  en S1 est situé dans une résidence sécurisée et bien entretenue, équipée de deux ascenseurs.
 À l’entrée, on découvre un salon spacieux et lumineux qui s’ouvre sur un balcon, offrant un espace de vie agréable. La cuisine est ouverte sur le salon ; elle est aménagée et équipée d’une plaque de cuisson, d’une hotte aspirante et d’un four.
 La partie jour comprend également une salle d’eau moderne avec une cabine de douche.
 La pa...",https://www.mubawab-media.com/ad/8/294/146F/h/thumb_1268379_property_xlarge_81865727.avif
1 700 TND,"Appartement S1 meublé, La Marsa","La Marsa, La Marsa","['40 m²', '2 Pièces', '1 Chambre', '1 Salle de bain']","['Jardin', 'Terrasse', 'Ascenseur', 'Concierge', 'Climatisation', 'Chauffage central', 'Cuisine équipée', 'Réfrigérateur', 'Four']","Cet appartement est bien situé au rez-de-chaussée dans une résidence sécurisée. Il se compose comme suit : un salon lumineux, une chambre à coucher avec dressing, et une salle de bain. L'appartement dispose également de la climatisation split, du chauffage central, ainsi qu'une place de parking",https://www.mubawab-media.com/ad/8/293/817F/h/1_81861805.avif
1 700 TND,A louer un s1 meublé au lac 2,"Les Berges Du Lac 2, La Marsa","['60 m²', '2 Pièces', '1 Chambre', '1 Salle de bain']","['Jardin', 'Terrasse', 'Climatisation', 'Chauffage central', 'Sécurité', 'Cuisine équipée', 'Réfrigérateur', 'Four']","CENTURY 21 BARROS Barros LAC 2 vous propose pour la location un appartement en s1 meublé au lac 2

– Un salon
– Une cuisine équipée
– Une chambres à coucher
– Une salle de douche

Contactez nous dès aujourd’hui pour plus d’informations et pour organiser une visite sur place :
Tél / WhatsApp : 216 23 024 000Email : sb@century21.tn",https://www.mubawab-media.com/ad/8/332/525F/h/llll_82274192.avif
6 000 TND,Appartement S3 avec jardin à Marsa Cube,"La Marsa, La Marsa","['250 m²', '4 Pièces', '3 Chambres', '3 Salles de bains']","['Terrasse', 'Garage', 'Ascenseur', 'Concierge', 'Climatisation', 'Chauffage central', 'Sécurité', 'Cuisine équipée', 'Réfrigérateur', 'Four']","Emplacement : Marsa Cube
Superficie : 250 m²
 Typologie : S3.
Etage : 1er étage
Etat : Vide

Composition :
Salon avec jardin.
Cuisine équipée de hotte, plaque, four, réfrigérateur et lave-vaisselle. 
Suite parentale avec dressing et salle de bain.
Deux chambres à coucher avec dressings et terrasse.
Salle de douche.
Salle d’eau. 

Climatiseurs.
Chauffage central.
Jardin.
Chambre de service.

Prix : 6000 Dinars/mois.
 
#Réf: MA...",https://www.mubawab-media.com/ad/8/332/528F/h/WhatsApp%20age%202026-04-14%20at%2011.49.15_82274148.avif
2 500 TND,Duplex S3 avec jardin à Gammarth Supérieur,"Gammarth Supérieur, La Marsa","['156 m²', '4 Pièces', '3 Chambres', '1 Salle de bain']","['Terrasse', 'Garage', 'Ascenseur', 'Climatisation', 'Chauffage central', 'Sécurité', 'Cuisine équipée']","À louer un agréable duplex S3 avec terrasse et jardin à Gammarth Supérieur.
Le rez-de-chaussée offre un espace de vie confortable comprenant un salon et une salle à manger ouvrant sur le jardin, une cuisine équipée ainsi qu’une salle d’eau pour les invités.
À l’étage, la partie nuit se compose de trois chambres à coucher avec dressings, une salle de bain commune et une terrasse.
Le duplex est équipé du chauffage central et de la climatisation...",https://www.mubawab-media.com/ad/8/332/529F/h/4f960249-38f4-4c7d-a8dd-c597b1be7644_82274203.avif
2 200 TND,A Louer Appartement S3 à La Marsa,"La Marsa, La Marsa","['180 m²', '4 Pièces', '3 Chambres', '3 Salles de bains']","['Jardin', 'Terrasse', 'Meublé', 'Climatisation', 'Chauffage central', 'Sécurité', 'Cuisine équipée', 'Réfrigérateur', 'Four', 'TV', 'Machine à laver', 'Micro-ondes']","REMAX VÏP vous propose à la location un appartement situé dans une résidence R2 sécurisée, dans un quartier très calme.

 La Marsa
 Type : S3
 Loyer : 2200 DT / mois

 
 Grand espace de vie
 Cuisine entièrement équipée
 Salle d'eau invités
 Suite parentale 
 Deux chambres à coucher
 Salle de bain commune

 Confort :
 Climatisation dans chaque chambre
 Chauffage central

Place de parking au sous-sol
Pour plus d'informations veui...",https://www.mubawab-media.com/ad/8/332/516F/h/Whatpp%20Image%202026-04-14%20at%2011.48.00_82274128.avif
1 500 TND,Appartement S2 à Ain Zaghouan Nord,"Ain Zaghouan, La Marsa","['100 m²', '3 Pièces', '2 Chambres', '1 Salle de bain']","['Terrasse', 'Meublé', 'Climatisation', 'Chauffage central', 'Cuisine équipée', 'Réfrigérateur', 'Four', 'TV', 'Machine à laver']","Nous vous proposons à la location un appartement S2 situé au 4ᵉ étage d’une résidence sécurisée à Ain Zaghouan Nord, offrant un cadre de vie agréable et fonctionnel, il se compose comme suit:

-Un salon lumineux donnant sur un balcon
-Une chambre avec dressing et accès balcon
-Une chambre avec pièce supplémentaire
-Une salle d’eau 
-Une cuisine 
-Un cellier 

-Chauffage central 
-Climatisation 
-1 place de parking

Loyer: 1500 DT

...",https://www.mubawab-media.com/ad/8/332/507F/h/WhatsApp%20Ige%202026-04-14%20at%2011.46.01_82274026.avif
4 800 TND,S3 Meublé avec jardin à louer au coeur de la Marsa,"La Marsa, La Marsa","['250 m²', '4 Pièces', '3 Chambres', '1 Salle de bain']","['Terrasse', 'Vue sur mer', 'Meublé', 'Salon européen', 'Climatisation', 'Chauffage central', 'Cuisine équipée']","BONACASA vous propose à la location un superbe appartement richement meublé à neuf, avec une entrée indépendante situé au rez-de-chaussée dans un quartier résidence calme, sécurisée, à proximité de toutes commodités et de la plage.
La partie jour se compose d'un salon/salle à manger spacieux et lumineux donnant sur une jolie terrasse et un agréable jardin arboré, une cuisine entièrement équipée et aménagée et une salle d'eau invités.
La partie...",
2 500 TND,Appartement S2 Meublé à la Marsa,"La Marsa, La Marsa","['120 m²', '3 Pièces', '2 Chambres', '1 Salle de bain']",[],"Nous vous proposons à la location un appartement S2 meublé au 1er étage idéalement situé à proximité du Lycée Gustave Flaubert (Cailloux) à La Marsa, dans un quartier calme et recherché, il se compose comme suit:

-Un salon lumineux donnant sur un balcon
-Deux chambres à coucher 
-Un petit balcon 
-Une salle de Bain
-Une cuisine 

-Chauffage central
-Climatisation en splite


Loyer: 2500 TND

REF: ED",
6 300 TND,Un triplex à gammarth avec piscine suspendu,"Gammarth, La Marsa","['200 m²', '6 Pièces', '4 Chambres', '2 Salles de bains']","['Jardin', 'Terrasse', 'Garage', 'Vue sur les montagnes', 'Piscine', 'Concierge', 'Chambre rangement', 'Meublé', 'Entre-seul', 'Antenne parabolique', 'Climatisation', 'Chauffage central', 'Sécurité', 'Double vitrage', 'Porte blindée', 'Cuisine équipée', 'Réfrigérateur', 'Four', 'TV', 'Machine à laver', 'Micro-ondes', 'Internet', 'Animaux domestiques autorisés']","A louer un triplex haut standing avec piscine suspendue et jardin à Gammarth

Rez-de-chaussée :
-Spacieux salon lumineux
-Cuisine moderne entièrement équipée
-Séchoir
-Jardin privatif

1er étage :
-Coin bureau
-Deux chambres avec dressings
-Salle de bain commune

2e étage :
-Grande suite parentale avec salle de douche privative
-Séjour privatif intégré à la suite
-Nombreux espaces de rangement

Rooftop :
-Terrasse aménagée avec...",
3 600 TND,À louer Triplex à usage bureautique au Lac 1,"Les Berges Du Lac 1, La Marsa","['300 m²', '5 Pièces', '4 Chambres', '3 Salles de bains']","['Jardin', 'Garage', 'Entre-seul', 'Climatisation', 'Chauffage central', 'Cuisine équipée', 'Internet']","La Maison de l’Immobilier vous propose à la location un triplex  à usage bureautique, idéalement situé aux Berges du Lac 1, dans un cadre professionnel, calme et prestigieux.

Le rez-de-chaussée comprend un open space, un bureau indépendant, une salle d’eau, une cuisine aménagée ainsi qu’un petit jardin.

À l’étage, se trouvent deux bureaux lumineux, une salle de bain commune et une suite de direction avec sa propre salle de bain.
Au sous-so...",
3 700 TND,Un appart Très Haut Standing,La Marsa,"['150 m²', '3 Pièces', '2 Chambres', '2 Salles de bains']","['Terrasse', 'Garage', 'Ascenseur', 'Chambre rangement', 'Meublé', 'Façade extérieure', 'Salon européen', 'Antenne parabolique', 'Climatisation', 'Chauffage central', 'Double vitrage', 'Porte blindée', 'Cuisine équipée', 'Réfrigérateur', 'Four', 'TV', 'Machine à laver', 'Micro-ondes', 'Internet', 'Animaux domestiques autorisés']","un s plus 2 avec une terrasse au 1er étage d'une petite résidence avec ascenseur.
l'appartement est composé:
- un salon avec une magnifique terrasse 
- une cuisine très bien agencée (totalement équipée même le lave-vaisselle est fourni et le tout est encastré)
- une salle d'eau pour invités 
- 02 suites parentales une avec salle d'eau douche et l'autre avec salle de bain.
1 ou 2 places parking sous sol.

il est équipé en chauffage central...",
3 700 TND,Un S 3 meublé Très Haut Standing,La Marsa,"['150 m²', '4 Pièces', '3 Chambres', '2 Salles de bains']","['Jardin', 'Terrasse', 'Garage', 'Meublé', 'Façade extérieure', 'Salon européen', 'Antenne parabolique', 'Climatisation', 'Chauffage central', 'Double vitrage', 'Porte blindée', 'Cuisine équipée', 'Réfrigérateur', 'Four', 'TV', 'Machine à laver', 'Micro-ondes', 'Internet', 'Animaux domestiques autorisés']","un s plus 3 avec une terrasse au 1er étage avec un jardin au rdc.

l'appartement est composé:
- un salon avec une petite terrasse
- une cuisine très bien agencée.
- une salle d'eau pour invités
- 03 chambres à coucher 
- une salle de bain.
- 1 ou 2 places parking avec abri 
- Entrée indépendante et sans vis à vis 

il est équipé en chauffage central et climatisation.
le quartier calme, sécurisé et ayant un accès facile.

ps: si cett...",https://www.mubawab-media.com/ad/8/317/937F/h/IMG_20260317_114722_82133430.avif
3 700 TND,Location joli appartement meublé,La Marsa,"['120 m²', '3 Pièces', '2 Chambres', '2 Salles de bains']","['Terrasse', 'Garage', 'Ascenseur', 'Chambre rangement', 'Meublé', 'Antenne parabolique', 'Climatisation', 'Chauffage central', 'Sécurité', 'Double vitrage', 'Porte blindée', 'Cuisine équipée', 'Réfrigérateur', 'Four', 'TV', 'Machine à laver', 'Micro-ondes', 'Internet']","On met a la location dans une petite résidence  composée de 4 appartements un bel appartement meublé s2 avec terrasse.
La résidence dispose d'un ascenseur et un parking au sous-sol.
L'appartement est composé
parie jour :
- une cuisine très bien équipée, avec un électroménager encastré.
- un vaste salon donnant sur une terrasse.
- une salle d'eau
- 01 place de parking (2ème place probable).

partie nuit
- 02 suites parentales avec dressi...",https://www.mubawab-media.com/ad/8/022/665F/h/IMG-20241023-WA0011_79088173.avif
8 000 TND,A louer une villa S4avec piscine jardin à Gammarth,"Gammarth Supérieur, La Marsa","['500 m²', '2 Pièces', '4 Chambres', '4 Salles de bains']","['Jardin', 'Terrasse', 'Garage', 'Vue sur mer', 'Vue sur les montagnes', 'Piscine', 'Concierge', 'Chambre rangement', 'Salon européen', 'Antenne parabolique', 'Climatisation', 'Chauffage central', 'Sécurité', 'Double vitrage', 'Porte blindée', 'Cuisine équipée', 'Four', 'Micro-ondes', 'Internet', 'Animaux domestiques autorisés']","Hexa Real Estate vous propose à la location une villa S4  avec piscine à Gammarth supérieur.
Au rez-de-chaussée: un spacieux salon avec vue dégagée, salle d'eau
Mi-1er niveau: une suite 
1er étage: suite parentale, une suite junior et une chambre.
Au rez-de-jardin: salon, cuisine équipée, salle à manger, une chambre, un débarras buanderie et une salle de douche.
Extérieur: un jardin et une belle piscine.
La villa est équipée du chauffage ce...",https://www.mubawab-media.com/ad/8/332/418F/h/Design%20sans%20titre%20-%202026-04-14T105914.398_82273092.avif
7 500 TND,Villa S4 avec piscine à La Marsa,La Marsa,"['1 Pièce', '4 Chambres', '5 Salles de bains']","['Jardin', 'Terrasse', 'Garage', 'Piscine', 'Chambre rangement', 'Cheminée', 'Climatisation', 'Chauffage central', 'Cuisine équipée']","Hexa Real Estate vous propose à la location une villa S4 avec piscine située dans un quartier résidentiel à La Marsa.
Au rez-de-chaussée: spacieux salon avec cheminée, séjour, salle d'eau invités, cuisine équipée, coin repas.
A l'étage: suite parentale, trois suites juniors.
Au rez-de-jardin: un espace de vie avec coin kitchenette, suite de service, suite d'amis, débarras.
Extérieur: jardin; piscine et entrée de voitures.
La villa est équipé...",https://www.mubawab-media.com/ad/8/311/885F/h/villa%20S4%20piscine%20%C3%A0%20la%20marsa%20%281%29_82057688.avif
À partir de310 000 TND,"Résidence"" La Régence ""","El Menzah 9, El Menzah","['Haut standing', 'En cours de construction', 'Livraison:\n\t\t\t\t\t\t\t\t\t\tseptembre 2026']","['Garage', 'Ascenseur', 'Meublé', 'Climatisation', 'Chauffage central', 'Cuisine équipée', 'Réfrigérateur', 'Four']","""la régence"" est la résidence la plus luxueuse du menzah 9. elle offre à ses résidents un style de vie luxueux et distingué.
les appartements sont bien conçus et profitent pleinement de la lumière du jour",https://www.mubawab-media.com/ad/8/031/187F/h/thumb_739168_property_large_79170262.avif
130 TND,Location S2 meublé à l'Aouina,"Aouina, La Marsa","['118 m²', '2 Pièces', '2 Chambres', '1 Salle de bain']","['Garage', 'Chauffage central', 'Four']","L'agence immobilière Premier Déclic vous propose à la location un appartement S2 entièrement meublé à L'Aouina .L’appartement est composé :-D’un salon.-Une cuisine équipée (plaque, hotte, four, réfrigérateur).-Deux chambres à coucher.-Une salle de bain.-Deux places de parking.NB: Les meubles sont neufs.-Courte durée minimum 3 jours 130 DT la nuitée ( que des familles).Nb : possible longue durée à 2300d par moisL’appartement est entièrement chauff...",https://www.mubawab-media.com/ad/8/312/760F/h/gallery_82066859.avif
1 400 TND,S2 en location,"Aouina, La Marsa","['111 m²', '3 Pièces', '2 Chambres', '1 Salle de bain']","['Garage', 'Ascenseur', 'Chauffage central', 'Sécurité']","Cet appartement en s2  est situé à la Nouvelle Soukra, offrant un cadre de vie agréable et moderne. Il bénéficie d’un emplacement idéal, à proximité de toutes les commodités.Dès l’entrée, vous serez accueilli par un salon lumineux ouvrant sur un fenetre .La cuisine, entièrement aménagée et équipée, dispose d’une plaque de cuisson, d’une hotte aspirante et d’un four électrique.L’espace nuit se compose de deux chambres à coucher équipées de dressin...",https://www.mubawab-media.com/ad/8/313/226F/h/gallery_82071928.avif
1 100 TND,S1 en location,"Aouina, La Marsa","['71 m²', '2 Pièces', '1 Chambre', '1 Salle de bain']","['Terrasse', 'Garage', 'Ascenseur', 'Concierge', 'Meublé', 'Façade extérieure', 'Climatisation', 'Chauffage central', 'Sécurité', 'Double vitrage', 'Porte blindée', 'Cuisine équipée', 'Four', 'TV', 'Machine à laver', 'Micro-ondes', 'Internet']","Appartement S1 situé dans une résidence sécurisée avec ascenseur, au rez-de-chaussée. Il se compose d’une cuisine ouverte donnant directement sur le salon, avec un accès à un espace extérieur. La partie nuit comprend une chambre à coucher équipée d’un dressing ainsi qu’une salle de douche. L’appartement est bien agencé et offre un cadre de vie agréable.                 L’appartement est équipé d’un climatiseur en système split ainsi que du chauff...",https://www.mubawab-media.com/ad/8/290/859F/h/13_81831371.avif
3 700 TND,A LOUER Appartement S3 meublé a Les Berges du Lac 2,"Les Berges Du Lac 2, La Marsa","['160 m²', '4 Pièces', '3 Chambres', '2 Salles de bains']","['Jardin', 'Ascenseur', 'Concierge', 'Meublé', 'Salon européen', 'Climatisation', 'Chauffage central', 'Sécurité', 'Double vitrage', 'Porte blindée', 'Cuisine équipée', 'Réfrigérateur', 'Four', 'TV', 'Machine à laver', 'Micro-ondes', 'Internet']","Cet appartement S3 meublé, est situé aux Berges du Lac 2.  Dès l’entrée, vous serez accueilli par un hall qui mène vers une pièce de vie spacieuse, idéale pour aménager un salon et une salle à manger s’ouvrent sur un balcon. La cuisine est équipée d’éléments de rangement, d’une hotte, d’une plaque, d’un four, d'un micro-ondes ainsi qu’une machine à laver, elle est complétée par un séchoir. La partie nuit se compose de trois chambres à coucher don...",https://www.mubawab-media.com/ad/8/322/763F/h/WhatsApp%20Image%202026-04-14%20at%2010.46.28_82272202.avif
2 700 TND,A LOUER Appartement S1 à Les berges du lac 2,"Les Berges Du Lac 2, La Marsa","['100 m²', '2 Pièces', '1 Chambre', '1 Salle de bain']","['Terrasse', 'Meublé', 'Salon européen', 'Climatisation', 'Chauffage central', 'Cuisine équipée', 'Réfrigérateur', 'Four', 'TV', 'Machine à laver']","Cet appartement S1 meublé, jamais habité, est situé aux Berges du Lac 2. Dès l’entrée, vous serez accueilli par un salon lumineux grâce à son ouverture sur un jardin. La cuisine américaine est équipée d’éléments de rangement, d’une hotte, d’une plaque et d’un four. La partie nuit se compose d’une chambre à coucher avec dressing. Une salle de douche est également disponible.

L’appartement dispose du chauffage central et de la climatisation cent...",https://www.mubawab-media.com/ad/8/316/358F/h/1000164278_82103957.avif
2 300 TND,Appartement s2 meublé,La Marsa,"['80 m²', '3 Pièces', '2 Chambres', '1 Salle de bain']","['Jardin', 'Terrasse', 'Garage', 'Entre-seul', 'Climatisation', 'Chauffage central', 'Cuisine équipée']","À louer à La Marsa Ville, à proximité des écoles, des plages et des commerces, un appartement richement meublé situé dans une résidence calme et sécurisée.

L’appartement se compose de deux chambres à coucher, d’un salon, d’une salle de douche, ainsi que d’une cuisine entièrement équipée. Il dispose également d’un balcon.

Ce logement bénéficie d’un emplacement pratique, proche de toutes les commodités.

Pour plus d’informations ou pour org...",https://www.mubawab-media.com/ad/8/328/215F/h/1000097916_82228952.avif
4 500 TND,Villa indépendante à La Marsa,La Marsa,"['20 m²', '5 Pièces', '4 Chambres', '2 Salles de bains']","['Terrasse', 'Climatisation', 'Chauffage central', 'Sécurité', 'Cuisine équipée']","À louer, villa indépendante située dans un quartier calme et résidentiel, à proximité des commerces, des plages et des écoles.

La villa se compose, au rez-de-chaussée, d’un salon, d’une salle à manger, d’une chambre, d’une salle de douche ainsi que d’une cuisine.

À l’étage, elle dispose de trois chambres et d’une salle de bain.

À l’extérieur, la propriété bénéficie d’un jardin et d’un garage.

Bien adapté pour une famille recherchant u...",https://www.mubawab-media.com/ad/8/331/592F/h/WhatsApp%20Image%202026-04-10%20at%2015.51.58_82264156.avif
1 200 TND,Rez de chaussée S1 avec terrasse à la Marsa,La Marsa,"['70 m²', '2 Pièces', '1 Chambre', '1 Salle de bain']","['Vue sur mer', 'Meublé', 'Salon européen', 'Climatisation', 'Chauffage central', 'Sécurité', 'Double vitrage', 'Porte blindée', 'Cuisine équipée', 'Réfrigérateur', 'Four', 'TV', 'Machine à laver', 'Micro-ondes', 'Internet']","22Estates vous propose à la location un charmant appartement S1, situé dans une résidence calme et sécurisée à La Marsa.
Ce bien se compose d’un salon lumineux, d’une cuisine équipée, d’une salle d’eau avec cabine de douche ainsi que d’une chambre à coucher donnant sur une petite terrasse.
Pour plus d’informations, veuillez contacter le 27 320 200",https://www.mubawab-media.com/ad/8/300/975F/h/thumb_1275798_property_large_81942444.avif
2 600 TND,Duplex S3 meublé avec vue mer à Gammarth,"Gammarth, La Marsa","['170 m²', '4 Pièces', '3 Chambres', '2 Salles de bains']","['Jardin', 'Terrasse', 'Vue sur mer', 'Piscine', 'Concierge', 'Chambre rangement', 'Meublé', 'Façade extérieure', 'Climatisation', 'Chauffage central', 'Sécurité', 'Double vitrage', 'Porte blindée', 'Cuisine équipée', 'Réfrigérateur', 'Four', 'TV', 'Machine à laver', 'Micro-ondes']","22Estates vous propose à la location un superbe duplex richement meublé, offrant une magnifique vue sur mer, situé à Gammarth.
Le rez-de-chaussée comprend un salon/salle à manger lumineux, une cuisine entièrement équipée ainsi qu’une salle d’eau invités.
La partie nuit se compose de trois chambres à coucher se partageant une salle de bain. Pour toute information complémentaire, veuillez contacter le 27 320 200",https://www.mubawab-media.com/ad/8/326/178F/h/684ec248-0cde-4c4d-a4c1-bda9c4c2c43c_82207154.avif
8 500 TND,Appartement S3 meuble avec piscine et Vue sur lac,"Les Berges Du Lac 1, La Marsa","['4 Pièces', '3 Chambres', '1 Salle de bain']","['Jardin', 'Terrasse', 'Garage', 'Piscine', 'Entre-seul', 'Salon européen', 'Antenne parabolique', 'Climatisation', 'Chauffage central', 'Sécurité', 'Double vitrage', 'Porte blindée', 'Cuisine équipée', 'Réfrigérateur', 'Four', 'Internet', 'Animaux domestiques autorisés']","Clé d’Or Immobilier vous propose à la location un magnifique appartement S3 richement meublé, idéalement situé au Lac 1, offrant une vue imprenable sur le lac 
L’appartement se compose
 d’un spacieux salon lumineux avec salle à manger, ouvrant directement sur un bel espace extérieur avec jardin et piscine
La cuisine est entièrement équipée et complétée par une kitchenette au niveau du séchoir, offrant un espace fonctionnel supplémentaire.
La...",https://www.mubawab-media.com/ad/8/130/932F/h/image_1_80156813.avif
7 000 TND,Triplex S4 avec piscine au Lac 2,"Les Berges Du Lac 2, La Marsa","['5 Pièces', '4 Chambres', '4 Salles de bains']","['Jardin', 'Terrasse', 'Garage', 'Ascenseur', 'Piscine', 'Concierge', 'Façade extérieure', 'Salon européen', 'Antenne parabolique', 'Climatisation', 'Chauffage central', 'Sécurité', 'Double vitrage', 'Porte blindée', 'Cuisine équipée', 'Réfrigérateur', 'Four', 'Internet', 'Animaux domestiques autorisés']","PHOENIX ESTATES, agence immobilière située à la Marsa, vous propose à la location un triplex avec piscine au Lac 2.
Il se compose comme suit:
Au rez-de-chaussée: une cuisine équipée avec séchoir, un salon, , une chambre à coucher, une salle d'eau invités.
A l' étage:  Une suite parentale, deux suites juniors et une terrasse.
Au sous sol: Un open space et deux places de parking",https://www.mubawab-media.com/ad/8/139/306F/h/image_2_80242062.avif
7 000 TND,Penthouse S4 avec piscine au Lac 2,"Les Berges Du Lac 2, La Marsa","['5 Pièces', '4 Chambres', '5 Salles de bains']","['Terrasse', 'Garage', 'Ascenseur', 'Concierge', 'Meublé', 'Façade extérieure', 'Salon européen', 'Antenne parabolique', 'Climatisation', 'Chauffage central', 'Sécurité', 'Double vitrage', 'Porte blindée', 'Cuisine équipée', 'Réfrigérateur', 'Four', 'TV', 'Machine à laver']","PHOENIX ESTATES, agence immobilière située à La Marsa, vous propose à la location un penthouse au Lac 2.
Il est situé  au 6eme étage et dernier étage d'une résidence privée.
Il se compose comme suit:
Un salon-salle à manger, une cuisine équipée avec séchoir, une salle d'eau invités, deux suites parentale, deux chambres à coucher, une salle de bain, une chambre de service une terrasse.
-Au sous sol: il bénéficie de deux places de parking et un...",https://www.mubawab-media.com/ad/8/301/724F/h/2_81950143.avif
1 700 TND,Appartement S1 meublé à Ain Zaghouan Nord,"Ain Zaghouan Nord, La Marsa","['65 m²', '2 Pièces', '1 Chambre', '1 Salle de bain']","['Jardin', 'Terrasse', 'Garage', 'Piscine', 'Cuisine équipée']","Emplacement : Ain Zaghouan Nord
Superficie : 65 m²
Typologie : S1
État : meublé
Étage : 2ème étage

Composition :
Un salon avec balcon
Une cuisine ouverte équipée de hotte, plaque, four, réfrigérateur et lave-linge
Une chambre à coucher avec dressing
Une salle de douche

Climatisation : Split-Système
Chauffage central

Une place de parking au sous-sol",https://www.mubawab-media.com/ad/8/077/881F/h/thumb_996830_property_xlarge_79632329.avif
3 500 TND,Duplex S5 à Louer à La Marsa,La Marsa,"['350 m²', '5 Chambres']","['Jardin', 'Terrasse', 'Garage', 'Piscine', 'Concierge', 'Chambre rangement', 'Entre-seul', 'Antenne parabolique', 'Climatisation', 'Chauffage central', 'Sécurité', 'Double vitrage', 'Porte blindée', 'Cuisine équipée', 'Réfrigérateur', 'Four', 'TV', 'Micro-ondes', 'Animaux domestiques autorisés']","New Key La Marsa vous propose à la location un duplex S5 avec jardin et piscine.

Au rez-de-chaussée, un hall d'entrée qui mène à un grand salon avec accès au jardin, une cuisine entièrement équipée avec accès au jardin et à la piscine, ainsi que deux chambres à coucher qui partagent une salle d'eau avec douche.

A l'étage, trois chambres à coucher dont une avec un grand balcon, qui partagent une salle de bain.

Toutes les chambres à l'étage sont...",https://www.mubawab-media.com/ad/8/231/252F/h/WhatsApp%20Image%202025-10-08%20at%2014.39.28%20%283%29_81193015.avif
7 500 TND,Villa S5 avec piscine au Lac 2,"Les Berges Du Lac 2, La Marsa","['6 Pièces', '5 Chambres', '4 Salles de bains']","['Terrasse', 'Garage', 'Cuisine équipée']","AYLENE immobilière vous propose à la location une villa avec piscine au Lac 2.
Elle se compose comme suit:
-Au rez-de-chaussée : Un grand salon lumineux ouvert sur le jardin et la piscine, un séjour, une cuisine entièrement équipée, une salle d’eau invités, une suite avec une salle de douche.
-Au premier étage : Deux suites junior avec dressing et salle de douche, deux chambres à coucher avec dressings, une salle de douche commune, une suite p...",https://www.mubawab-media.com/ad/8/330/367F/h/thumb_1308357_property_xlarge_82252113.avif
2 000 TND,Appartement S3 à louer à Cité les Palmeraies,"Aouina, La Marsa","['150 m²', '4 Pièces', '3 Chambres', '3 Salles de bains']","['Terrasse', 'Garage', 'Concierge', 'Salon européen', 'Climatisation', 'Chauffage central', 'Cuisine équipée']","New Key La Soukra met à la location un grand appartement S3 jamais habité situé dans une résidence récente proche de toute les commodités à cité les palmeraies L'aouina.
Cet appartement composé de :
- Salon lumineux avec balcon, cuisine bien equipée avec séchoir, salle d'eau pour invité.
Partie nuit : 
- Suite parentale, 02 chambres à coucher avec salle de bain.
Place de parking au sous-sol met à votre disposition.

   Référence du bien: R...",https://www.mubawab-media.com/ad/8/332/498F/h/WhaApp%20Image%202026-04-14%20at%2011.45.34_82273952.avif
2 600 TND,Appartement S3 à La Marsa quartier du Stade,"La Marsa, La Marsa","['150 m²', '4 Pièces', '3 Chambres', '2 Salles de bains']","['Terrasse', 'Garage', 'Ascenseur', 'Piscine', 'Concierge', 'Chambre rangement', 'Climatisation', 'Chauffage central', 'Cuisine équipée', 'Four', 'Micro-ondes']","Nous vous proposons la location un appartement S3, situé dans un quartier calme et recherché de La Marsa, cet appartement spacieux offre un cadre de vie confortable et pratique, il se compose comme suit:
-Un salon Spacieux donnant sur une terrasse  
-Une suite parentale avec dressing et salle de douche 
-Deux chambres avec dressings et salle de douche commune 
-Une salle de bain 
-Une cuisine équipée 
-Un cellier et balcon 
-Un garage en s...",https://www.mubawab-media.com/ad/8/332/453F/h/thumb_1309834_property_xlarge_82273522.avif
7 000 TND,Duplex à louer au Lac 2 S4 avec piscine,"Les Berges Du Lac 2, La Marsa","['250 m²', '4 Pièces', '4 Chambres', '1 Salle de bain']","['Terrasse', 'Garage', 'Ascenseur', 'Concierge', 'Meublé', 'Climatisation', 'Chauffage central', 'Porte blindée', 'Cuisine équipée', 'Réfrigérateur', 'Four', 'TV', 'Machine à laver', 'Micro-ondes']","Agence immobilière le Carré 9 vous propose à la location un Duplex S4 avec une vue dégagée situé dans une résidence gardée et sécurisée aux Berges Du Lac 2.
Ce duplex est d’une superficie de 250m² avec une piscine et un ascenseur privé occupant entièrement le 1er et 2ème étage.

-Le 1er niveau loge un grand salon et une salle à manger donnant sur une terrasse découverte et la piscine, 
-Une cuisine bien équipée, 
-Une salle d’eau invités,
-...",https://www.mubawab-media.com/ad/8/250/701F/h/thumb_1281614_property_xlarge_81992666.avif
4 500 TND,A louer un S3 richement meublé au Lac 1,"Les Berges Du Lac 1, La Marsa","['175 m²', '4 Pièces', '3 Chambres', '2 Salles de bains']","['Jardin', 'Garage', 'Vue sur mer', 'Piscine', 'Façade extérieure', 'Climatisation', 'Chauffage central', 'Sécurité', 'Double vitrage', 'Porte blindée', 'Cuisine équipée', 'Réfrigérateur', 'Four', 'Animaux domestiques autorisés']","Agence immobilière le Carré 9 vous propose à la location un appartement S3 richement meublé situé au 2ème étage d’une résidence gardée et sécurisée aux Berges du Lac 1 qui se compose comme suit :

-Un salon avec et salle à manger donnant sur une terrasse aménagée,
-Une cuisine bien équipée avec un séchoir, 
-Une salle d’eau invités,
-Une suite avec sa salle de bain en baignoire et douche,
-Deux chambres à coucher,
-Une chambre de dressing...",https://www.mubawab-media.com/ad/8/332/437F/h/304936239_1385907535480204_4920281251449997577_n_82273264.avif
4 000 TND,Appartement spacieux a la marsa plage,"La Marsa, La Marsa","['120 m²', '4 Pièces', '3 Chambres', '2 Salles de bains']","['Terrasse', 'Ascenseur', 'Concierge', 'Façade extérieure', 'Climatisation', 'Chauffage central', 'Sécurité', 'Cuisine équipée', 'Four']","À louer : Appartement spacieux avec place de parking

L’appartement se compose d’un salon/salle à manger lumineux, d’une suite parentale avec salle de douche, de deux chambres à coucher, d’une salle de bain ainsi que d’une salle d’eau.

La cuisine est entièrement équipée avec :

L’appartement comprend également :

Un salon/salle à manger lumineux
Une suite parentale avec salle de douche
Deux chambres à coucher
Une salle de bain
Une sa...",https://www.mubawab-media.com/ad/8/281/450F/h/dbeaf6fb-a677-40c1-aea2-e45dd0adae95_81736147.avif
1 000 TND,S1 Jamais habité à louer ain zaghouan,"Ain Zaghouan, La Marsa","['51 m²', '2 Pièces', '1 Chambre', '1 Salle de bain']","['Terrasse', 'Ascenseur', 'Concierge', 'Meublé', 'Façade extérieure', 'Salon européen', 'Climatisation', 'Chauffage central', 'Sécurité', 'Double vitrage', 'Porte blindée', 'Cuisine équipée', 'Réfrigérateur', 'Four', 'TV', 'Machine à laver']","Sarah immo vous propose un spacieux S1 jamais habité dans une nouvelle résidence située dans une zone résidentielle calme et bien sécurisée.
• Il se compose comme suit:
- Salon spacieux et lumineux avec balcon
- Chambre à coucher
- Cuisine équipée et agencée avec séchoir
- Salle de douche avec cabine

• Climatisions et chauffage central sont à disposition
• Pour visiter ou plus d’informations veuillez me contacter au 00216 50509324",https://www.mubawab-media.com/ad/8/250/736F/h/1a06ca63-8737-4107-b055-7a487e80a1eb_81393140.avif
1 300 TND,S1 Meublé à louer Ain zaghouan,"Aouina, La Marsa","['58 m²', '2 Pièces', '1 Chambre', '1 Salle de bain']","['Terrasse', 'Ascenseur', 'Concierge', 'Meublé', 'Façade extérieure', 'Climatisation', 'Chauffage central', 'Sécurité', 'Double vitrage', 'Porte blindée', 'Cuisine équipée', 'Réfrigérateur', 'Four', 'TV', 'Machine à laver']","Sarah immo vous propose un appartement S1 richement meublé dans une résidence située à ain zaghouan prés de toutes les commidités
pour visiter ou plus d'information veuillez me contacter au 50509324",https://www.mubawab-media.com/ad/8/237/940F/h/18f92e5e-0950-48f4-90aa-e64f7a05a8b0_81261268.avif
1 400 TND,S1 Meublé a louer ain zaghouan,"Aouina, La Marsa","['60 m²', '2 Pièces', '1 Chambre', '1 Salle de bain']","['Terrasse', 'Ascenseur', 'Concierge', 'Façade extérieure', 'Antenne parabolique', 'Climatisation', 'Chauffage central', 'Sécurité', 'Double vitrage', 'Porte blindée', 'Cuisine équipée', 'Four']","sarah immo vous propose un appartement s1 jamais habité et meublé tout neuf dans une nouvelle résidence située a ain zaghouan sur la route de khaled ibn walid prés de ben yeghlene
pour visiter ou plus d'information veuillez me contacter au 00216 50509324",https://www.mubawab-media.com/ad/8/296/250F/h/20f863c3-4d57-4bed-8893-3e046d39fc4a_81891345.avif
1 450 TND,S1 HS Jamais habité à louer,"Ain Zaghouan Nord, La Marsa","['78 m²', '2 Pièces', '1 Chambre', '1 Salle de bain']","['Terrasse', 'Garage', 'Ascenseur', 'Concierge', 'Façade extérieure', 'Antenne parabolique', 'Climatisation', 'Chauffage central', 'Sécurité', 'Cuisine équipée', 'Four']","Sarah immo vous propose un spacieux  appartement S1 jamais habité au 1er étage dans une nouvelle résidence avec double ascenseurs, située à Ain Zaghouan Nord.

Il se compose comme suite :
- Salon spacieux et lumineux avec balcon
- Cuisine séparée bien équipée et agencée
- Chambre à coucher avec dressing 
- Salle de douche / toilette

-Chauffage central et climatisation sont à disposition

Pour visiter ou plus d’informations veuillez me...",https://www.mubawab-media.com/ad/8/273/447F/h/f72ade67-d569-44f2-970a-c4f88806a4c2_81645376.avif
1 150 TND,À louer un appartement s1 neuf av place parking,"Aouina, La Marsa","['60 m²', '1 Chambre', '1 Salle de bain']","['Garage', 'Ascenseur', 'Concierge', 'Antenne parabolique', 'Climatisation', 'Chauffage central', 'Sécurité', 'Porte blindée', 'Cuisine équipée', 'Four']","Carthage City vous propose à la location un superbe appartement neuf de très haut standing, situé au rez-de-chaussée d’une résidence R5 récemment construite à La Nouvelle Soukra, à proximité immédiate de toutes les commodités.
L’appartement bénéficie également d’une place de parking au sous-sol",
1 000 TND,Location s1 neuf wahat,"Aouina, La Marsa","['66 m²', '1 Chambre', '1 Salle de bain']","['Terrasse', 'Ascenseur', 'Concierge', 'Antenne parabolique', 'Climatisation', 'Chauffage central', 'Sécurité', 'Double vitrage', 'Porte blindée', 'Cuisine équipée', 'Four']",Carthage city  vous propose pour la location un appartement s1 neuf se trouve au 7ème et dernier étage d’un immeuble de R7 à proximité de nouveau carrefour market de cité Wahat,
12 000 TND,Villa meublée s5 avec piscine à La Marsa,La Marsa,"['6 Pièces', '5 Chambres', '6 Salles de bains']","['Jardin', 'Terrasse', 'Garage', 'Piscine', 'Meublé', 'Entre-seul', 'Climatisation', 'Chauffage central', 'Cuisine équipée']","La Croisette Immobilière Tunisie vous propose à la location une villa meublée S5 avec piscine située dans un quartier résidentiel à La Marsa.

La bâtisse se compose comme suit :
Au rez-de-chaussée : un salon-salle à manger avec cheminé spacieux donnant sur la piscine, une cuisine aménagée entièrement équipée, une salle d'eau invités, un séjour fermé et une suite.
A l’étage : une suite parentale, une suite junior, deux chambres à coucher avec...",
1 300 TND,S2 à Ain Zaghouan Nord,"Ain Zaghouan Nord, La Marsa","['100 m²', '1 Pièce', '2 Chambres', '1 Salle de bain']","['Ascenseur', 'Climatisation', 'Chauffage central', 'Cuisine équipée']","Hexa Real Estate vous propose à la location un appartement S2 occupant le 2eme étage d'une résidence privée avec ascenseur à Ain Zaghouan Nord.
Salon, cuisine équipée, séchoir, salle de douche et deux chambres à coucher.
L'appartement est équipé du chauffage central et climatiseur",https://www.mubawab-media.com/ad/8/308/088F/h/1_82014539.avif
2 600 TND,La marsa résidence,La Marsa,"['200 m²', '5 Pièces', '4 Chambres', '2 Salles de bains']","['Terrasse', 'Climatisation', 'Chauffage central', 'Cuisine équipée']","Location d'un joli étage de villa s4 pour usage d'habitation ou bureautique au cœur de la marsa proche de toutes les commoditées (commerces, cafés,  restaurants, transports...).
Tel/WhatsApp : 00 216 24 26 88 33",https://www.mubawab-media.com/ad/8/258/558F/h/motion_photo_3751033211876392914_81472944.avif
2 900 TND,Appart S3 Sirens à louer au berges Du lac 2,"Les Berges Du Lac 2, La Marsa","['160 m²', '4 Pièces', '3 Chambres', '2 Salles de bains']","['Terrasse', 'Garage', 'Climatisation', 'Chauffage central', 'Cuisine équipée']","Un Appart S3 d'une superficie 160m² situé au 3éme étage  dans une résidence au Berges du lac 2 . on trouve un salon , une cuisine équipé , une suite parentale , 2 chambres a coucher ,une salle de bain  et un terrasse. A l'extérieur on trouve 2 places parking et un  un cellier au sous-sol",https://www.mubawab-media.com/ad/8/196/237F/h/bf73cc51-fd1c-4c27-a3e9-0c67d784b8f7_GF_80825980.avif
9 000 TND,Villa Maryland à Louer Aux Berges Du Lac2,"Les Berges Du Lac 2, La Marsa","['700 m²', '6 Pièces', '5 Chambres', '2 Salles de bains']","['Jardin', 'Terrasse', 'Entre-seul', 'Climatisation', 'Chauffage central', 'Cuisine équipée']","Une coquette villa de haut standing d'une superficie de 700m² située dans un quartier résidentiel aux Berges du Lac 2. Au Sous-sol, on trouve une cuisine équipée et 2 chambres. Au RDC, on a un salon, un séjour et une salle de bain. A L'étage, on trouve une suite parentale et 3 chambres avec balcon. A L'extérieur, on a un jardin. NB : usage bureautique à 14MD. Pour tous les renseignements, Contacter l'agent sur le",https://www.mubawab-media.com/ad/8/070/993F/h/0d7dc881-5746-49bc-bc98-391a28b2b89a_GF_79565144.avif
Prix à consulter,Résidence FLAVA aux Jardin de Carthage,"Les Jardins de Carthage, Le Kram","['Haut standing', 'En cours de construction', 'Livraison:\n\t\t\t\t\t\t\t\t\t\tmars 2028']","['Jardin', 'Garage', 'Entre-seul', 'Climatisation']","installée au cœur du prestigieux lotissement résidences du parc, dans le quartier prisé des jardins de carthage, flava résidences vous offre un équilibre parfait entre effervescence urbaine et",https://www.mubawab-media.com/ad/8/189/599F/h/abb89e9a-095f-411d-980c-f98cf72db9ad_GF_80758881.avif
3 700 TND,Duplex cyrelle à louer au berge du lac 1,"Les Berges Du Lac 1, La Marsa","['200 m²', '3 Pièces', '2 Chambres', '2 Salles de bains']","['Jardin', 'Terrasse', 'Garage', 'Façade extérieure', 'Salon européen', 'Antenne parabolique', 'Climatisation', 'Chauffage central', 'Sécurité', 'Double vitrage', 'Porte blindée', 'Cuisine équipée', 'Four', 'Internet', 'Animaux domestiques autorisés']","Un duplex d'une superficie de 200 m² situé  aux Berges du Lac 1. Au RDC, on a un salon, une salle à manger,  une cuisine et une salle d’eau . À l’étage, on a 3 chambres et une salle de bain. Le sous-sol comprend une spacieuse pièce avec fenêtre et climatisation ainsi qu'un arbi pour voitures. contacter L’agent sur le 52860740",https://www.mubawab-media.com/ad/8/298/834F/h/image_1_81920957.avif
3 500 TND,Appartement S2 avec jardin à La Marsa,La Marsa,"['3 Pièces', '2 Chambres', '2 Salles de bains']","['Jardin', 'Terrasse', 'Garage', 'Concierge', 'Meublé', 'Entre-seul', 'Salon européen', 'Antenne parabolique', 'Climatisation', 'Chauffage central', 'Sécurité', 'Double vitrage', 'Porte blindée', 'Cuisine équipée', 'Réfrigérateur', 'Four', 'TV', 'Machine à laver', 'Micro-ondes', 'Internet', 'Animaux domestiques autorisés']","PHOENIX ESTATES, agence immobilière située à La Marsa, vous propose à la location un appartement situé au rez-de-chaussée d'une résidence à La Marsa.
Il se compose comme suit:
Un salon, un séjour, cuisine équipée, une salle d'eau invités, deux chambres à coucher, une salle de douche et une place de parking au sous sol",https://www.mubawab-media.com/ad/8/215/160F/h/image_1_81018134.avif
3 500 TND,Duplex S3 meublé avec terrasse à La Marsa,La Marsa,"['4 Pièces', '3 Chambres', '2 Salles de bains']","['Jardin', 'Terrasse', 'Garage', 'Vue sur mer', 'Concierge', 'Meublé', 'Entre-seul', 'Antenne parabolique', 'Climatisation', 'Chauffage central', 'Sécurité', 'Double vitrage', 'Porte blindée', 'Cuisine équipée', 'Réfrigérateur', 'Four', 'TV', 'Machine à laver', 'Micro-ondes', 'Internet', 'Animaux domestiques autorisés']","PHOENIX ESTATES, agence immobilière située à La Marsa, vous propose à la location un duplex meublé  à La Marsa.
IL est situé au rez-de-chaussée d'une résidence R3.
Il se compose comme suit:
Un salon,  une cuisine équipée avec séchoir, une suite parentale, deux  chambres à coucher et une salle de douche. 
Au sous sol: une place de parking.",https://www.mubawab-media.com/ad/8/318/531F/h/image_1_82126381.avif
5 500 TND,Duplex S3 avec jardin à Gammarth,"Gammarth, La Marsa","['4 Pièces', '3 Chambres', '2 Salles de bains']","['Terrasse', 'Garage', 'Ascenseur', 'Climatisation', 'Chauffage central', 'Double vitrage', 'Porte blindée', 'Cuisine équipée', 'Micro-ondes']","PHOENIX ESTATES, agence immobilière située à La Marsa, vous propose à la location un duplex meublé avec jardin à Gammarth. 
Il se compose comme suit: 
- Au rez-de-chaussée: un salon-salle à manger, une cuisine équipée, un séchoir, une chambre à coucher  et une salle de douche. 
-A l'étage: Une grande chambre, une deuxiéme chambre et une salle de bain.
-A l'extérieur: Un jardin, une terrasse et une terrasse sur le toit",https://www.mubawab-media.com/ad/8/286/862F/h/WhatsApp%20Image%202026-01-15%20at%2016.34.13%20%283%29_81789504.avif
3 500 TND,"Appartement S2 Haut standing, Marsa Nassim",La Marsa,"['150 m²', '3 Pièces', '2 Chambres', '3 Salles de bains']","['Jardin', 'Terrasse', 'Garage', 'Meublé', 'Façade extérieure', 'Climatisation', 'Chauffage central', 'Sécurité', 'Double vitrage', 'Porte blindée', 'Cuisine équipée', 'Réfrigérateur', 'Four', 'TV', 'Machine à laver', 'Micro-ondes', 'Internet']","Cet appartement de haut standing, situé au RDC d'une résidence prestigieuse, offre un cadre de vie exceptionnel. Il se compose d'un grand salon lumineux avec accès à une belle terrasse, d'un point d'eau pour invités, et de deux suites spacieuses. L'une dispose d'une salle de douche, l'autre d'une salle de bain, et les deux sont équipées de dressings. La cuisine, entièrement équipée, bénéficie également d'un accès direct à la terrasse. L'apparteme...",https://www.mubawab-media.com/ad/8/326/161F/h/WhatsApp%20Image%202026-04-03%20at%2012.05.34_82206989.avif
4 000 TND,"Etage de villa S3 meublé avec jardin, Marsa wifak",La Marsa,"['140 m²', '4 Pièces', '3 Chambres', '2 Salles de bains']","['Terrasse', 'Garage', 'Concierge', 'Meublé', 'Salon européen', 'Climatisation', 'Chauffage central', 'Cuisine équipée']","Cet étage de villa meublée est situé dans un quartier calme et sécurisé à Marsa Wifek.
La partie jour se compose d'un salon spacieux avec un balcon donnant sur le jardin, ainsi que d'une salle d'eau pour les invités. La cuisine est entièrement équipée.
Dans la partie nuit, vous trouverez trois chambres à coucher, qui se partagent une salle de bain bien aménagée. Un jardin et un garage pour une voiture complètent cette propriété",https://www.mubawab-media.com/ad/8/328/843F/h/1_82236032.avif
3 700 TND,Appartement s2 meublé à La Marsa,La Marsa,"['3 Pièces', '2 Chambres', '2 Salles de bains']","['Terrasse', 'Meublé', 'Salon européen', 'Antenne parabolique', 'Climatisation', 'Chauffage central', 'Sécurité', 'Double vitrage', 'Porte blindée', 'Cuisine équipée', 'Réfrigérateur', 'Four', 'TV', 'Machine à laver', 'Micro-ondes', 'Internet']","La Croisette Immobilière Tunisie vous propose à la location un appartement S2 meublé occupant le premier étage d'une résidence gardée à La Marsa.

Ce dernier est composé d'un salon-salle à manger donnant sur une terrasse, d'une cuisine ouverte aménagée et équipée, d'une salle d'eau invités et de deux suites.
L'appartement est équipé du chauffage central et de climatiseurs et dispose d'une place de parking au sous-sol. 
ref:MAL2190",https://www.mubawab-media.com/ad/8/139/405F/h/1000024092_80435123.avif
1 800 TND,A louer à la marsa un spacieux appartement meublé,La Marsa,"['90 m²', '3 Pièces', '2 Chambres', '2 Salles de bains']","['Jardin', 'Climatisation', 'Chauffage central']","Cube Immo vous propose un appartement lumineux et confortable, situé au 1er étage d’une petite résidence sécurisée, idéal pour un quotidien paisible et pratique.
Salon ouvrant sur un balcon terrasse
Cuisine équipée
Deux chambres à coucher
Une salle d’eau
Une salle de douche
Chauffage central et Climatisation
Connexion à internet",https://www.mubawab-media.com/ad/8/328/971F/h/thumb_1306775_property_large_82237513.avif
1 100 TND,A louer un s1 avec jardin à Ain Zaghouan nord,"Ain Zaghouan Nord, La Marsa","['70 m²', '2 Pièces', '1 Chambre', '1 Salle de bain']","['Jardin', 'Terrasse', 'Garage', 'Vue sur les montagnes', 'Chambre rangement', 'Meublé', 'Entre-seul', 'Salon européen', 'Climatisation', 'Chauffage central', 'Sécurité', 'Porte blindée', 'Cuisine équipée', 'Réfrigérateur', 'Four', 'TV', 'Machine à laver', 'Micro-ondes', 'Internet']","Agence Immobilière le Carré 9 vous propose à la location un appartement S1 avec jardin richement situé au rez de chaussée d’une résidence gardée et sécurisée à Ain Zaghouan nord.

L’appartement se compose d’un salon donnant sur le jardin
Une kitchenette équipée
Une chambre à coucher 
Une salle d’eau avec douche

 Chauffage central et climatisation en split dans toutes les pièces .

Pour plus d’informations veuillez nous contacter au 2230...",https://www.mubawab-media.com/ad/8/310/905F/h/WhatsApp%20Image%202026-02-24%20at%201.10.38%20PM_82044609.avif
3 500 TND,Location villa meublée s4 indépendante gammarth,"Gammarth, La Marsa","['300 m²', '10 Pièces', '4 Chambres', '1 Salle de bain']","['Terrasse', 'Salon européen', 'Climatisation', 'Chauffage central', 'Cuisine équipée']","à louer une villa s4 indépendante entièrement meublée, offrant des espaces généreux et un cadre de vie confortable.

elle se compose au rez-de-chaussée d’un salon lumineux ouvrant sur la terrasse, d’une salle à manger, d’un séjour de style marocain, d’une salle d’eau avec douche et d’une cuisine équipée par plaque, hotte, four, micro-ondes et réfrigérateur, attenante à un séchoir.

au premier étage, on trouve un deuxième salon, trois chambres...",https://www.mubawab-media.com/ad/8/320/366F/h/1000171235_82144007.avif
3 500 TND,Etage de villa à la Marsa,La Marsa,"['160 m²', '4 Pièces', '3 Chambres', '3 Salles de bains']","['Terrasse', 'Garage', 'Ascenseur', 'Concierge', 'Salon européen', 'Climatisation', 'Chauffage central', 'Cuisine équipée']","A louer Marsa dans un quartier calme et résidentiel un bel étage de villa complètement rénové composée d un salon. Salle a manger une cuisine équipée salle d eau invite 
3 chambres a coucher ainsi que deux salles de bain.
Espace extérieur grande terrasse aménagé",https://www.mubawab-media.com/ad/8/304/718F/h/1000163304_81980024.avif
1 800 TND,Appartement s2 haut standing,"Cité Du Stade, La Marsa","['100 m²', '3 Pièces', '2 Chambres', '2 Salles de bains']","['Terrasse', 'Garage', 'Ascenseur', 'Concierge', 'Façade extérieure', 'Salon européen', 'Climatisation', 'Chauffage central', 'Sécurité', 'Double vitrage', 'Porte blindée', 'Cuisine équipée']","À louer à La Marsa, côté stade, un appartement spacieux de haut standing situé au 2ᵉ et dernier étage d’une résidence neuve, calme et sécurisée.
Le logement se compose d’un salon–salle à manger lumineux, d’une salle d’eau pour invités, d’une cuisine fonctionnelle, de deux chambres à coucher ainsi que d’une salle de douche. Un balcon complète l’ensemble.
Une place de parking et un cellier sont également mis à disposition.
Pour plus d’informatio...",https://www.mubawab-media.com/ad/8/312/081F/h/1c06ebac-930d-4768-8013-0262142b2aa8_82059947.avif
1 700 TND,Appartement S1 à La Marsa Plage,La Marsa,"['3 Pièces', '2 Chambres', '1 Salle de bain']","['Terrasse', 'Garage', 'Ascenseur', 'Concierge', 'Façade extérieure', 'Salon européen', 'Climatisation', 'Chauffage central', 'Double vitrage', 'Porte blindée', 'Cuisine équipée']","On met à la location un spacieux appartement situé dans une petite résidence de standing gardée et sécurisée située au coeur de La Marsa Plage.
Comprend : 
un lumineux salon-salle à manger avec petite terrasse
1 chambre à coucher
1 petite chambre bureau
1 salle de douche
1 cuisine ouverte
1 séchoir
parking sous-sol disponible.
Loyer : 1700 DT",https://www.mubawab-media.com/ad/8/290/612F/h/9885c9f3-ee84-48d3-9eb0-de21f1e0cbfd_82010945.avif
1 600 TND,Appartement S4 à La Marsa,"Aouina, La Marsa","['5 Pièces', '4 Chambres', '2 Salles de bains']","['Jardin', 'Terrasse', 'Garage', 'Salon européen', 'Climatisation', 'Chauffage central', 'Double vitrage', 'Porte blindée', 'Cuisine équipée', 'Four']","A louer un grand appartement S4 situé dans une résidence gardée à L'Aouina-La Marsa.
Il comprend :
un salon -salle à manger
une chambre séjour
une suite avec salle de bain
3 chambres à coucher 
une salle de bain
une cuisine équipée
Parking disponible.
Loyer : 1600 DT",https://www.mubawab-media.com/ad/8/252/661F/h/0d10b141-ad9f-4f5b-9044-da934149d4be_81412262.avif
4 500 TND,Villa S4 avec grand jardin à La Marsa Ville,La Marsa,"['5 Pièces', '4 Chambres', '3 Salles de bains']","['Terrasse', 'Garage', 'Ascenseur', 'Concierge', 'Chambre rangement', 'Meublé', 'Façade extérieure', 'Climatisation', 'Chauffage central', 'Sécurité', 'Double vitrage', 'Cuisine équipée', 'Réfrigérateur', 'Four', 'TV', 'Machine à laver', 'Micro-ondes', 'Internet']","A louer une coquette villa dotée d'un grand jardin située dans un quartier résidentiel calme au coeur de La Marsa Ville.
Elle comprend : 
**Rez de chaussée : Un grand salon ; une chambre séjour ; Une cuisine équipée de plaque, hotte et four ; Une salle d’eau
**1èr étage : Une suite parentale avec un dressing et une salle de douche ; Deux chambres à coucher avec dressings ; Une salle de bain.
- A l'extérieur : Un grand jardin gazonné et Un pet...",https://www.mubawab-media.com/ad/8/332/382F/h/701dfe82-bc1e-4a64-b574-2f0b053a67d3_82272751.avif
Prix à consulter,À louer appartement S3 meublé Les berges du Lac 2,"Les Berges Du Lac 2, La Marsa","['235 m²', '4 Pièces', '3 Chambres', '2 Salles de bains']","['Terrasse', 'Garage', 'Ascenseur', 'Concierge', 'Façade extérieure', 'Chauffage central', 'Sécurité', 'Double vitrage', 'Porte blindée', 'Cuisine équipée', 'Four']","CENTURY 21 LAC 2 BARROS vous propose pour la location un appartement meublé S3 au lac 2.

Il est composé de:
-Un salon,
-Une cuisine équipée
-Une suite parentale
-Deux chambres à coucher
-Une salle d’eau invités
-Une salle de bain

*Chauffage central
*Climatisation multi split
*Une place de parking sous sol

Contactez nous dès aujourd’hui pour plus d’informations et pour organiser une visite sur place : Tel/ WhatsApp 216 23 024 000
...",https://www.mubawab-media.com/ad/8/271/859F/h/1_81628405.avif
1 300 TND,S2 Jamais habité à louer avec place de parking,"Aouina, La Marsa","['100 m²', '3 Pièces', '2 Chambres', '1 Salle de bain']","['Garage', 'Ascenseur', 'Concierge', 'Meublé', 'Climatisation', 'Chauffage central', 'Double vitrage', 'Cuisine équipée', 'Réfrigérateur', 'Four', 'TV', 'Machine à laver']","Sarah Immo vous propose un appartement S2 jamais habité dans une nouvelle résidence situé à ain zaghouan sur la route de khaled ibn walid prés de ben yaghlen
il se compose comme suite : 
Salon lumineux balcon vue dégagée 
Cuisine équipée et agencée  
Deux Chambre à coucher dont une avec dressing et l'autre avec balcon 
Salle de douche  toilette 
Pour visiter ou plus d'information veuillez me contacter au 50509324",https://www.mubawab-media.com/ad/8/332/317F/h/1_82272519.avif
2 500 TND,A louer un appartement en s3 meublé,"Aouina, La Marsa","['157 m²', '4 Pièces', '3 Chambres', '2 Salles de bains']","['Jardin', 'Garage', 'Piscine', 'Chambre rangement', 'Meublé', 'Salon européen', 'Antenne parabolique', 'Climatisation', 'Chauffage central', 'Sécurité', 'Double vitrage', 'Porte blindée', 'Cuisine équipée', 'Réfrigérateur', 'Four', 'Machine à laver', 'Micro-ondes']","Cet appartement meublé est situé au premier étage d’une résidence dotée d’un ascenseur, dans un quartier résidentiel prisé aux Jardins de l’Aouina.

L’espace de vie se compose d’un salon aménagé avec deux canapés, une table basse, un meuble TV et une télévision.

La cuisine, entièrement équipée, dispose d’une hotte aspirante, d’un four électrique, d’une plaque de cuisson, d’un réfrigérateur, d’une machine à laver ainsi que d’un coin repas ave...",https://www.mubawab-media.com/ad/8/258/126F/h/thumb_1208163_property_large_81468208.avif
6 000 TND,Villa meublé avec piscine au Golden Tulip,"Gammarth Supérieur, La Marsa","['190 m²', '3 Pièces', '2 Chambres', '2 Salles de bains']","['Jardin', 'Terrasse', 'Garage', 'Piscine', 'Façade extérieure', 'Antenne parabolique', 'Climatisation', 'Chauffage central', 'Porte blindée', 'Cuisine équipée']","À louer superbe villa meublée avec piscine et jardin, située dans un environnement résidentiel calme et sécurisé au Golden Tulip – Gammarth.
La villa offre une surface habitable d’environ 170 m² ainsi que 90 m² d’espaces extérieurs aménagés.

Elle se compose de :
-Un salon spacieux et lumineux ouvrant sur le jardin et la piscine
-Une cuisine moderne, entièrement équipée et meublée (four, micro-ondes, machine à laver, lave-vaisselle, réfrigér...",https://www.mubawab-media.com/ad/8/256/698F/h/thumb_1209973_property_large_81454368.avif
5 000 TND,Triplex avec piscine à Gammarth,"Gammarth, La Marsa","['250 m²', '5 Pièces', '4 Chambres', '4 Salles de bains']","['Garage', 'Ascenseur', 'Concierge', 'Meublé', 'Climatisation', 'Chauffage central', 'Sécurité', 'Cuisine équipée', 'Réfrigérateur', 'Four', 'TV', 'Machine à laver', 'Micro-ondes', 'Internet']","Emplacement : Gammarth
Superficie : 250 m²
Typologie : S4 
État : vide

Composition :

**Rez de chaussée : 
Un salon.
Une cuisine équipée de hotte et plaque.
Une salle de douche 
Une chambre à coucher

**1èr étage : 
Une suite parentale avec un dressing, un balcon et une salle de bain.
Deux chambres à coucher avec dressings.
Une salle de bain

**2ème étage :
Un séjour
Une kitchenette.
Une salle de douche 
Une terrasse

Cli...",https://www.mubawab-media.com/ad/8/256/362F/h/thumb_1211213_property_large_81450905.avif
5 600 TND,A louer un duplex S4 meublé au lac 2,"Les Berges Du Lac 2, La Marsa","['200 m²', '5 Pièces', '4 Chambres', '3 Salles de bains']","['Terrasse', 'Garage', 'Meublé', 'Climatisation', 'Chauffage central', 'Sécurité', 'Cuisine équipée', 'Réfrigérateur', 'Four', 'TV', 'Machine à laver', 'Micro-ondes']","Agence immobilière le Carré 9 vous propose à la location un duplex S4 richement meublé situé dans une petite résidence gardée et sécurisée aux Berges du Lac 2.

Le RDC se compose de :
-Un salon et salle à manger,
-Un séjour,
-Une cuisine bien équipée avec un séchoir,

L’étage contient :
-Une suite parentale avec sa propre salle de bain,
-Deux chambres à coucher,
-Une salle de bain commune,
-Deux places de parking aux sous-sol.

Chauf...",https://www.mubawab-media.com/ad/8/332/347F/h/thumb_1309854_property_large_82272404.avif
2 600 TND,A louer un loft S1 meublé au lac 2,"Les Berges Du Lac 2, La Marsa","['70 m²', '2 Pièces', '1 Chambre', '2 Salles de bains']","['Terrasse', 'Garage', 'Ascenseur', 'Concierge', 'Meublé', 'Climatisation', 'Chauffage central', 'Cuisine équipée', 'Réfrigérateur', 'Four', 'TV', 'Machine à laver', 'Micro-ondes']","Agence immobilière le Carré 9 vous propose à la location un Loft S1 richement meublé d’une superficie de 70m² situé dans une résidence gardée et sécurisée aux Berges du Lac 2 et se compose comme suit :

-Un grand salon avec balcon,
-Une cuisine ouverte et bien équipée,
-Une salle d’eau invités,
-Une suite avec dressing et sa salle de bain avec Jacuzzi. 
-Une place de parking au sous-sol. 

Pour plus d’informations veuillez nous au 2817738...",https://www.mubawab-media.com/ad/8/248/082F/h/thumb_1201079_property_large_81365508.avif
4 000 TND,A louer appartement S3 meublé au lac 2,"Les Berges Du Lac 2, La Marsa","['200 m²', '4 Pièces', '3 Chambres', '2 Salles de bains']","['Terrasse', 'Garage', 'Piscine', 'Cheminée', 'Climatisation', 'Chauffage central']","Agence immobilière le Carré 9 vous propose à la location un appartement S3 richement meublé situé dans une résidence gardée et sécurisée aux Berges du Lac 2 qui se compose comme suit :

-Un salon et salle à manger donnant sur un grand balcon,
-Une cuisine installée et équipée avec un séchoir,
-Une salle d’eau invités,
-Une suite parentale avec sa salle de bain,
-Deux chambres à coucher,
-Une salle de bain commune,
-Une place de parking au...",
7 000 TND,Un appartement s3 avec piscine au Lac 2,"Les Berges Du Lac 2, La Marsa","['5 Pièces', '3 Chambres', '1 Salle de bain']","['Jardin', 'Garage', 'Meublé', 'Entre-seul', 'Climatisation', 'Chauffage central', 'Sécurité', 'Double vitrage', 'Porte blindée', 'Cuisine équipée', 'Réfrigérateur', 'Four', 'TV', 'Machine à laver', 'Micro-ondes', 'Internet']","Seven Real Estate vous propose à la location un appartement S3 avec piscine occupant le premier étage d’une résidence gardée aux Berges du Lac 2.
il est composé comme suit : un grand salon avec cheminée à l’éthanol donnant sur la terrasse et la piscine, une cuisine américaine aménagée et équipée, une salle d’eau invités, une chambre de service, une suite parentale , deux suites juniors. 
L’appartement est équipé du chauffage par le sol et de la...",
2 600 TND,La marsa résidence,La Marsa,"['200 m²', '5 Pièces', '4 Chambres', '2 Salles de bains']","['Terrasse', 'Climatisation', 'Chauffage central', 'Cuisine équipée']","Location d'un joli étage de villa s4 pour usage d'habitation ou bureautique au cœur de la marsa proche de toutes les commoditées (commerces, cafés,  restaurants, transports...).
Tel/WhatsApp : 00 216 24 26 88 33",
2 900 TND,Appart S3 Sirens à louer au berges Du lac 2,"Les Berges Du Lac 2, La Marsa","['160 m²', '4 Pièces', '3 Chambres', '2 Salles de bains']","['Terrasse', 'Garage', 'Climatisation', 'Chauffage central', 'Cuisine équipée']","Un Appart S3 d'une superficie 160m² situé au 3éme étage  dans une résidence au Berges du lac 2 . on trouve un salon , une cuisine équipé , une suite parentale , 2 chambres a coucher ,une salle de bain  et un terrasse. A l'extérieur on trouve 2 places parking et un  un cellier au sous-sol",
9 000 TND,Villa Maryland à Louer Aux Berges Du Lac2,"Les Berges Du Lac 2, La Marsa","['700 m²', '6 Pièces', '5 Chambres', '2 Salles de bains']","['Jardin', 'Terrasse', 'Entre-seul', 'Climatisation', 'Chauffage central', 'Cuisine équipée']","Une coquette villa de haut standing d'une superficie de 700m² située dans un quartier résidentiel aux Berges du Lac 2. Au Sous-sol, on trouve une cuisine équipée et 2 chambres. Au RDC, on a un salon, un séjour et une salle de bain. A L'étage, on trouve une suite parentale et 3 chambres avec balcon. A L'extérieur, on a un jardin. NB : usage bureautique à 14MD. Pour tous les renseignements, Contacter l'agent sur le",
3 700 TND,Duplex cyrelle à louer au berge du lac 1,"Les Berges Du Lac 1, La Marsa","['200 m²', '3 Pièces', '2 Chambres', '2 Salles de bains']","['Jardin', 'Garage', 'Entre-seul', 'Climatisation']","Un duplex d'une superficie de 200 m² situé  aux Berges du Lac 1. Au RDC, on a un salon, une salle à manger,  une cuisine et une salle d’eau . À l’étage, on a 3 chambres et une salle de bain. Le sous-sol comprend une spacieuse pièce avec fenêtre et climatisation ainsi qu'un arbi pour voitures. contacter L’agent sur le 52860740",https://www.mubawab-media.com/ad/8/189/599F/h/abb89e9a-095f-411d-980c-f98cf72db9ad_GF_80758881.avif
5 850 TND,Local Commercial Zayna à louer à L'Aouina,"Aouina, La Marsa","['122 m²', '1 Pièce', '1 Chambre', '1 Salle de bain']","['Jardin', 'Garage', 'Piscine', 'Cuisine équipée']","Local Commercial d'une superficie de 122 m² avec deux entrés, situé à l'Aouina",https://www.mubawab-media.com/ad/8/302/984F/h/af6bbc09-0857-45a0-b6ee-2057128187b4_GF_81963189.avif
8 000 TND,Villa Rose Blanche à louer à Lac 2,"Les Berges Du Lac 2, La Marsa","['450 m²', '9 Pièces', '7 Chambres', '4 Salles de bains']","['Terrasse', 'Ascenseur']","Une luxueuse Villa située dans un quartier prisé à Lac 2 . Au rez de jardin, on a un grand garage, une cuisine et une chambre de service. Au RDC, on a un lumineux salon, un séjour, une cuisine équipée, une salle d’eau pour les invités et suite. À l’étage, on a trois  suite parentale et deux chambres avec dressing. A l'extérieur , on a une piscine et un grand jardin qui fait le tour. cette villa dispose un assesseur. Pour tous les renseignements...",https://www.mubawab-media.com/ad/8/138/779F/h/5a7a1a99-54d4-4a96-a47f-47980701e6d9_GF_80236458.avif
1 200 TND,Appart S2 Marenda à louer à l'Aouina,"Aouina, La Marsa","['100 m²', '3 Pièces', '2 Chambres', '1 Salle de bain']","['Terrasse', 'Garage', 'Climatisation', 'Chauffage central', 'Cuisine équipée']","Appart S2 situé au 7 éme  étage, dans une immeuble avec double ascenseur à l'Aouina. a l'entrée , on a un salon avec balcon, cuisine avec séchoir ,2  chambres ,une salle d'eau et  une salle de bain",https://www.mubawab-media.com/ad/8/324/781F/h/a9d963c7-8dfd-425b-ac2a-a78a14b80ebc_GF_82192848.avif
À partir de310 000 TND,"Résidence"" La Régence ""","El Menzah 9, El Menzah","['Haut standing', 'En cours de construction', 'Livraison:\n\t\t\t\t\t\t\t\t\t\tseptembre 2026']","['Jardin', 'Terrasse', 'Garage', 'Meublé', 'Cheminée', 'Climatisation', 'Chauffage central', 'Sécurité', 'Double vitrage', 'Porte blindée', 'Cuisine équipée', 'Réfrigérateur', 'Four', 'TV', 'Machine à laver', 'Micro-ondes']","""la régence"" est la résidence la plus luxueuse du menzah 9. elle offre à ses résidents un style de vie luxueux et distingué.
les appartements sont bien conçus et profitent pleinement de la lumière du jour",https://www.mubawab-media.com/ad/8/197/697F/h/f67d60dd-0257-4fe3-9b2a-468974b2092f_GF_80839477.avif
3 800 TND,Duplex Chahrazed EL Ward à Louer à Sidi Daoud,"Sidi Daoued, La Marsa","['180 m²', '2 Pièces', '3 Chambres', '2 Salles de bains']","['Terrasse', 'Garage', 'Piscine', 'Concierge', 'Climatisation', 'Chauffage central', 'Sécurité', 'Double vitrage', 'Porte blindée', 'Cuisine équipée', 'Réfrigérateur', 'Four', 'Machine à laver', 'Micro-ondes']","Un charmant duplex moderne situé dans une résidence de haut standing à Sidi Daoud, La Marsa. Au RDC, On trouve un salon donnant sur une terrasse, une cuisine bien équipée, une salle d’eau pour les invités et une chambre. À l’étage, on a 2 chambres à coucher et une salle de bains. Il dispose d’une place de parking au sous-sol",https://www.mubawab-media.com/ad/8/287/532F/h/f7e097dd-9ab4-4d95-a3e7-216da1a1ad0f_82232598.avif
3 700 TND,Etage de villa S3 Meublé à louer à la Marsa,La Marsa,"['180 m²', '4 Pièces', '3 Chambres', '2 Salles de bains']","['Jardin', 'Terrasse', 'Garage', 'Vue sur mer', 'Piscine', 'Concierge', 'Chambre rangement', 'Entre-seul', 'Climatisation', 'Chauffage central', 'Sécurité', 'Double vitrage', 'Porte blindée', 'Cuisine équipée', 'Réfrigérateur', 'Four', 'Micro-ondes']","BONACASA vous propose à la location un bel étage de villa S3 meublé offrant un cadre de vie confortable et agréable, avec une terrasse ainsi qu’un jardin au rez-de-chaussée, situé au premier étage, dans un quartier résidentiel sécurisé et à 10 minutes du Lycée Gustave Flaubet.
Ce bien se compose d’un salon lumineux avec une petite terrasse, d’une cuisine moderne et bien agencée, d’une salle d’eau  invités, de trois chambres à coucher et d’une sa...",https://www.mubawab-media.com/ad/8/309/229F/h/c4f167c0-ce84-4767-8a41-9befba8022ca_82158827.avif
9 000 TND,Villa S4 Neuve avec piscine à louer à la Marsa,La Marsa,"['350 m²', '5 Pièces', '4 Chambres', '3 Salles de bains']","['Terrasse', 'Garage', 'Ascenseur', 'Vue sur mer', 'Concierge', 'Meublé', 'Climatisation', 'Chauffage central', 'Sécurité', 'Double vitrage', 'Porte blindée', 'Cuisine équipée', 'Réfrigérateur', 'Four', 'TV', 'Machine à laver', 'Micro-ondes', 'Internet']","BONACASA vous propose à la location une magnifique villa jumelée neuve située dans un quartier résidentiel calme et sécurisé.
Le rez-de-chaussée se compose d’un salon/salle à manger spacieux et lumineux grâce à l’ouverture de ses baies vitrais qui donnent sur une grande terrasse et la piscine, un séjour/chambre à coucher, une cuisine en îlot très bien équipée et une salle d’eau invité.
L'étage abrite une suite parentale et deux suites juniors.
...",https://www.mubawab-media.com/ad/8/294/154F/h/7d9543f1-dba5-4e18-9d10-90e60947168d_81892682.avif
7 000 TND,Villa S4 vide piscine&jardin à louer à Gammarth,"Gammarth, La Marsa","['600 m²', '6 Pièces', '4 Chambres', '3 Salles de bains']","['Terrasse', 'Garage', 'Ascenseur', 'Concierge', 'Chambre rangement', 'Meublé', 'Climatisation', 'Chauffage central', 'Sécurité', 'Porte blindée', 'Cuisine équipée']","BONACASA vous propose à la location une somptueuse villa vide sur trois niveaux située dans une résidence calme et bien gardée.
Le rez-de-chaussée se compose d’un vaste salon/salle à manger lumineux grâce à l’ouverture de sa baie vitrée qui donne sur une terrasse et une beau jardin gazonné, un séjour, une cuisine entièrement équipée, un séchoir, une suite de service et une salle d’eau invités.
Le premier étage abrite une grande suite parentale...",https://www.mubawab-media.com/ad/8/266/542F/h/79d1da1f-584b-4f31-9b29-4c9b00165d49_82155631.avif
4 000 TND,S2 meublé vue sur mer à louer à la Marsa,La Marsa,"['130 m²', '3 Pièces', '2 Chambres', '2 Salles de bains']","['Terrasse', 'Garage', 'Ascenseur', 'Vue sur mer', 'Piscine', 'Concierge', 'Climatisation', 'Chauffage central', 'Sécurité', 'Double vitrage', 'Porte blindée', 'Cuisine équipée', 'Four']","BONACASA vous propose à la location un très joli appartement richement meublé situé dans une résidence sécurisée, proche de toutes commodités et de la mer de La Marsa.
Il se compose d’un spacieux salon/salle à manger lumineux ouvrant sur une belle terrasse avec vue dégagée sur la mer, idéale pour profiter de moments de détente et une cuisine entièrement équipée et fonctionnelle donnant sur un séchoir. 
L’espace nuit comprend deux chambres à cou...",https://www.mubawab-media.com/ad/8/323/475F/h/IMG-20260330-WA0001%281%29_82176305.avif
2 000 TND,Location appart vide ou meublé ala marsa,La Marsa,"['120 m²', '3 Pièces', '2 Chambres', '2 Salles de bains']","['Jardin', 'Garage', 'Piscine', 'Entre-seul', 'Cheminée', 'Climatisation', 'Chauffage central', 'Cuisine équipée', 'Four']","On vous propose a la location un appartement s2 standing à la marsa Maalaga composée de salon , salle a manger , 2 chambres a couchers , cuisine équipée, salle d'eau douche a L'italienne , sale d'eau des invités , chauffage centrale , clims , place parking .
vide :2000 dinars 
avec le meuble 2500 dinars",https://www.mubawab-media.com/ad/8/309/704F/h/f4bf759f-d2b7-410c-8107-144c1f94e164_82031945.avif
2 800 TND,S3 avec vue sur mer à louer à Gammarth,"Gammarth, La Marsa","['200 m²', '4 Pièces', '3 Chambres', '2 Salles de bains']","['Jardin', 'Garage', 'Entre-seul', 'Antenne parabolique', 'Climatisation', 'Chauffage central', 'Porte blindée', 'Cuisine équipée', 'Four']","BONACASA vous propose à la location un joli appartement situé dans une petite résidence avec piscine, bien gardée et sécurisée.
La partie jour loge un salon spacieuse et lumineux donnant sur une terrasse avec une vue sur la mer, une cuisine bien équipée donnant sur un séchoir et une salle d’eau invités.
La partie nuit loge une suite parentale avec son dressing et sa salle d’eau avec une douche à l’italienne et deux chambres à coucher avec dress...",https://www.mubawab-media.com/ad/8/268/640F/h/thumb_1222013_property_large_81594373.avif
13 000 TND,A louer une villa au Lac 2,"Les Berges Du Lac 2, La Marsa","['800 m²', '7 Pièces', '5 Chambres', '3 Salles de bains']","['Jardin', 'Terrasse', 'Garage', 'Piscine', 'Entre-seul', 'Antenne parabolique', 'Climatisation', 'Chauffage central', 'Sécurité', 'Porte blindée', 'Cuisine équipée', 'Four', 'Machine à laver', 'Micro-ondes']","Agence immobilière le Carré 9 vous propose à la location une magnifique villa situé dans quartier résidentiel aux Berges du Lac 2.
Cette demeure est édifiée sur un terrain de 800m² avec une bâtisse de 930 sur trois niveaux et se compose comme suit : 

-Un grand salon lumineux avec salle de séjour et cheminée donnant sur la piscine et le jardin.
-Une salle à manger,
-Un bureau ou chambre d’invités,
-Une salle d’eau invités,
-Une grande cuis...",https://www.mubawab-media.com/ad/8/327/775F/h/329959191_176633145179542_8954861170443538496_n_82224468.avif
2 200 TND,Maison en plain pied à Gammarth Supérieur,"Gammarth, La Marsa","['110 m²', '3 Pièces', '2 Chambres', '1 Salle de bain']","['Jardin', 'Terrasse', 'Garage', 'Climatisation', 'Chauffage central', 'Sécurité', 'Double vitrage', 'Porte blindée', 'Cuisine équipée', 'Four', 'Micro-ondes']","Emplacement : Gammarth supérieur
Superficie : 110 m²
Typologie : S2
État : Vide

**Composition :
Un salon.
Une cuisine équipée de hotte, plaque et four.
Deux chambres à coucher avec dressing
Une salle de bain

Climatisation : Split-Système 
Chauffage central 

Un jardin de 160 m²
Un garage pour deux voitures",https://www.mubawab-media.com/ad/8/325/572F/h/1_82202062.avif
5 000 TND,Souplex S5 à La Marsa,La Marsa,"['300 m²', '6 Pièces', '5 Chambres', '4 Salles de bains']","['Jardin', 'Terrasse', 'Garage', 'Piscine', 'Cuisine équipée']","Emplacement : La Marsa
Superficie : 300 m²
Typologie : S5
État : vide 

Composition :

**Rez de chaussée : 
Un salon.
Une cuisine équipée de hotte, plaque, four et lave vaisselle.
Une suite avec un dressing et une salle de douche.
Une salle d'eau.

**Rez de jardin :
Un salon.
Une deuxième cuisine équipée de hotte, plaque, four et lave vaisselle.
Une suite parentale avec un dressing et une salle de bain.
Trois chambres à coucher a...",https://www.mubawab-media.com/ad/8/331/650F/h/photo_0_82264817.avif
5 850 TND,Belle villa avec beau jardin et piscine,"Gammarth, La Marsa","['400 m²', '5 Chambres', '5 Salles de bains']","['Terrasse', 'Garage', 'Ascenseur', 'Concierge', 'Antenne parabolique', 'Climatisation', 'Chauffage central', 'Sécurité', 'Double vitrage', 'Porte blindée', 'Cuisine équipée']","Raffinement et confort pour cette villa à louer. Prix 5 850 TND. 5 chambres, 5 salles de bains, superficie 400 m². Moins de 5 ans. Revêtement: Marbre. Bénéficiez du calme absolu avec fenêtres en double vitrage. Porte blindée et chauffage central.

Cette magnifique villa est en location à Gammarth. Jardin et terrasse propices à la détente. Cuisine équipée.

Contactez-nous si vous êtes intéressé par cette villa. Système de climatisation. Micro-onde...",https://www.mubawab-media.com/ad/8/199/658F/h/thumb_1118809_property_xlarge_80858533.avif
8 000 TND,Magnifique villa à la Marsaa,La Marsa,"['500 m²', '4 Chambres']","['Terrasse', 'Meublé', 'Cuisine équipée']","Newkey la Marsa met à la location une magnifique villa S4 moderne bâtie sur un terrain de 500m 
Au rez-de-chaussée l'espace est composé d'un grand salon salle à manger ouvrant sur le jardin et la piscine, une cuisine équipée et une salle d'eau invités quant au premier étage on trouve trois chambres avec une salle de bain commune et une grande suite parentale avec une terrasse au deuxième étage.
Un garage pour deux voitures est disponible  Référen...",https://www.mubawab-media.com/ad/8/320/395F/h/19973_82144409.avif
1 600 TND,A louer S2 à Ain Zaghouan,"Ain Zaghouan, La Marsa","['118 m²', '3 Pièces', '2 Chambres', '2 Salles de bains']","['Garage', 'Ascenseur', 'Concierge', 'Meublé', 'Salon européen', 'Antenne parabolique', 'Climatisation', 'Chauffage central', 'Sécurité', 'Double vitrage', 'Porte blindée', 'Cuisine équipée', 'Réfrigérateur', 'Four', 'TV', 'Machine à laver', 'Micro-ondes', 'Internet']","Descriptif
La Méditerranée immobilière Soukra vous propose un superbe appartement neuf, jamais habité, de haut standing, situé au 4? étage d’une résidence luxueuse à Ain Zaghouan. Il se compose d’un spacieux salon baigné de lumière naturelle, ouvrant sur un balcon agréable. L’espace nuit comprend une suite parentale avec salle de bain et dressing, ainsi qu’une deuxième chambre également équipée d’un dressing. La cuisine est moderne, installée e...",https://www.mubawab-media.com/ad/8/327/760F/h/thumb_1305263_property_large_82224249.avif
3 500 TND,A louer un s3 meublé avec terrasse à la Marsa,La Marsa,"['1 Pièce', '1 Chambre', '1 Salle de bain']","['Garage', 'Ascenseur', 'Concierge', 'Antenne parabolique', 'Climatisation', 'Chauffage central', 'Sécurité', 'Double vitrage', 'Porte blindée', 'Cuisine équipée', 'Four']","New Key La Marsa vous propose à la location un appartement S3 meublé avec terrasse, idéalement situé à La Marsa.
Ce bien se compose comme suit :
Un salon–salle à manger lumineux, une cuisine équipée, une suite parentale ainsi que deux chambres à coucher avec une salle de bain commune.
Référence : 9025A  Référence du bien: Ref9025a",https://www.mubawab-media.com/ad/8/189/436F/h/photo_00_80757016.avif
2 200 TND,À louer appartement meublé lac2,"Les Berges Du Lac 2, La Marsa","['80 m²', '1 Chambre', '1 Salle de bain']","['Terrasse', 'Garage', 'Ascenseur', 'Concierge', 'Meublé', 'Climatisation', 'Chauffage central', 'Cuisine équipée', 'Réfrigérateur', 'Four', 'TV', 'Machine à laver', 'Micro-ondes']","Carthage City vous propose pour la location un appartement S1 richement meublé (meuble tout neuf)se trouve dans une résidence de R3 bien située et proche de toutes commodites a les Berges du Lac 2 (à proximité de l’ambassade de Canada )
L’appartement se compose:
1 salon spacieux et lumineux
1 chambre à coucher avec dressing
1 cuisine entièrement équipée avec séchoir 
1 salle de bain 
Une place de parking au sous-sol",https://www.mubawab-media.com/ad/8/268/079F/h/photo_0_81588528.avif
1 050 TND,À louer s1 neuf Wahat avec place pkg,"Aouina, La Marsa","['60 m²', '1 Chambre', '1 Salle de bain']","['Terrasse', 'Garage', 'Piscine', 'Cheminée', 'Climatisation', 'Chauffage central']","Carthage City vous propose pour la location un appartement s1 Neuf situé dans une résidence recement construite à l’aouina derrière Monoprix 
Wahat
Place parking au sous sol",https://www.mubawab-media.com/ad/8/256/362F/h/thumb_1211213_property_large_81450905.avif
4 000 TND,A louer appartement S3 meublé au lac 2,"Les Berges Du Lac 2, La Marsa","['200 m²', '4 Pièces', '3 Chambres', '2 Salles de bains']","['Jardin', 'Garage', 'Meublé', 'Entre-seul', 'Climatisation', 'Chauffage central', 'Sécurité', 'Double vitrage', 'Porte blindée', 'Cuisine équipée', 'Réfrigérateur', 'Four', 'TV', 'Machine à laver', 'Micro-ondes', 'Internet']","Agence immobilière le Carré 9 vous propose à la location un appartement S3 richement meublé situé dans une résidence gardée et sécurisée aux Berges du Lac 2 qui se compose comme suit :

-Un salon et salle à manger donnant sur un grand balcon,
-Une cuisine installée et équipée avec un séchoir,
-Une salle d’eau invités,
-Une suite parentale avec sa salle de bain,
-Deux chambres à coucher,
-Une salle de bain commune,
-Une place de parking au...",https://www.mubawab-media.com/ad/8/332/347F/h/thumb_1309854_property_large_82272404.avif
7 000 TND,Un appartement s3 avec piscine au Lac 2,"Les Berges Du Lac 2, La Marsa","['5 Pièces', '3 Chambres', '1 Salle de bain']","['Jardin', 'Terrasse', 'Garage', 'Climatisation', 'Chauffage central', 'Cuisine équipée']","Seven Real Estate vous propose à la location un appartement S3 avec piscine occupant le premier étage d’une résidence gardée aux Berges du Lac 2.
il est composé comme suit : un grand salon avec cheminée à l’éthanol donnant sur la terrasse et la piscine, une cuisine américaine aménagée et équipée, une salle d’eau invités, une chambre de service, une suite parentale , deux suites juniors. 
L’appartement est équipé du chauffage par le sol et de la...",https://www.mubawab-media.com/ad/8/248/082F/h/thumb_1201079_property_large_81365508.avif
3 000 TND,Villa plain pied S2 meublé à La Marsa,"La Marsa, La Marsa","['200 m²', '3 Pièces', '2 Chambres', '1 Salle de bain']","['Terrasse', 'Climatisation', 'Chauffage central', 'Double vitrage', 'Cuisine équipée', 'Four']","22Estates vous propose à la location une charmante villa S2 située dans un quartier calme de La Marsa. Elle se compose à l’entrée d’un salon, d’un séjour, d’une cuisine entièrement équipée, de deux chambres à coucher et d’une salle de bain. À l’extérieur, vous profiterez d’un agréable jardin, d’un coin barbecue ainsi que d’un garage pouvant accueillir une voiture. Pour toutes autres informations, merci de contacter le 27320200",https://www.mubawab-media.com/ad/7/706/494F/h/45559e4b-8863-4f9d-8e3e-71c1e9eb7492_GF_48158881.avif
4 500 TND,Villa Amarante à Louer aux Berges du Lac2,"Les Berges Du Lac 2, La Marsa","['200 m²', '4 Pièces', '3 Chambres', '3 Salles de bains']","['Jardin', 'Terrasse', 'Garage', 'Ascenseur', 'Piscine', 'Climatisation', 'Chauffage central', 'Sécurité', 'Cuisine équipée']","Une coquette villa jumelée et meublé d’une superficie 200m² situé dans un quartier résidentiel aux Berges du Lac2. On a au RDC un spacieux salon avec balcon, une cuisine équipée, une salle d’eau pour les invités. A l’étage on trouve une suite parentale, 2 chambres à coucher dont chacune avec une salle de bain. A l’extérieur, on a un joli jardin et un garage pour 2 voitures. Cette villa dispose du chauffage central et climatiseurs. Pour plus de re...",https://www.mubawab-media.com/ad/8/276/461F/h/20251108_160234_81677430.avif
1 600 TND,Location bel appartement s2,"La Marsa, La Marsa","['120 m²', '3 Pièces', '2 Chambres', '2 Salles de bains']","['Jardin', 'Terrasse', 'Entre-seul', 'Climatisation', 'Chauffage central', 'Cuisine équipée']","On met a la location un bel appartement neuf s2 au ème étage sans ascenseur dans une petite résidence à la marsa lahwache proche de toutes les commoditées à 10 minutes à pied de la mer.
Tel/WhatsApp : 00 216 24 26 88 33",https://www.mubawab-media.com/ad/8/065/760F/h/34de83db-a718-49ad-a667-ce4f614d7398_GF_79513927.avif
8 000 TND,Villa Artso à Louer aux Berges Du Lac2,"Les Berges Du Lac 2, La Marsa","['750 m²', '9 Pièces', '7 Chambres', '5 Salles de bains']","['Terrasse', 'Garage', 'Piscine', 'Entre-seul', 'Climatisation', 'Chauffage central', 'Cuisine équipée', 'Four']","Une Villa Haut standing avec piscine et ascenseur situé aux Berges Du Lac2. Au RDJ, on a une cuisine, une chambre de service et une salle de jeux.  Au RDC, on a un salon spacieux ouvrant sur un magnifique jardin arboré, un séjour,  une cuisine équipée, une suite parentale, et une salle d'eau pour les invités. Au 1er étage, on a une suite parentale avec un grand dressing, 3 suites juniors, un bureau et une terrasse. A L’extérieur, on a un garage p...",https://www.mubawab-media.com/ad/8/179/276F/h/4560d79d-9474-4f1d-941c-6e1c05b90a37_GF_80655453.avif
5 500 TND,Triplex Azus à louer aux berges du lac2,"Les Berges Du Lac 2, La Marsa","['400 m²', '5 Pièces', '4 Chambres', '4 Salles de bains']","['Jardin', 'Terrasse', 'Garage', 'Piscine', 'Climatisation', 'Chauffage central']","Un Triplex d'une superficie terrain 400m² situé à lac2 . Au entresol, on trouve une chambre de service, une salle d’eau et un grand espace. Au RDC on trouve un grand salon, une salle à manger, une cuisine équipée, séjour, une salle d'eau et un grand terrasse. A l’étage, on trouve une suite parentale, 3 chambres à coucher, salle de bain et une salle de bain. A l'extérieur on a un jardin. NB: Disponible à partir de mois de aout",https://www.mubawab-media.com/ad/8/126/603F/h/0ac71cca-8c16-4250-aed8-8ef883c0e8ea_GF_80114019.avif
6 000 TND,Duplex Zayn à Ain Zaghouan Nord,"Ain Zaghouan Nord, La Marsa","['300 m²', '4 Pièces', '3 Chambres', '3 Salles de bains']",[],"Un luxueux duplex , situé au 3 éme étage d’une résidence R5 de haut standing à Ain Zaghouan. S3 située au troisième étage d'une résidence R5 à Ain zaghouen Nord, il se compose d'un salon donnant un accès aux espaces du Picine ,une cuisine équipée par plaque hotte four ,une suite parentale avec balcon,deux chambres à coucher ,une salle de bain commune , cet appartement  dispose la climatisation centrale et chauffage central et Place de parking sou...",https://www.mubawab-media.com/ad/8/033/849F/h/de736ac2-687a-4755-ae6c-0d45ffaf7e19_GF_79196464.avif
1 700 TND,Etage de Villa Ayden à louer à Ain Zaghouan Nord,"Ain Zaghouan Nord, La Marsa","['130 m²', '4 Pièces', '3 Chambres', '1 Salle de bain']","['Terrasse', 'Climatisation']","Etage de Villa avec entré indépendante, d'une superficie de 130 m² , situé à Ain Zaghouan Nord. A l'entrée, on a un salon avec balcon, 3 chambres dont deux avec placards, cuisine équipé, salle de bain, A l'extérieur, on a un abri de voiture. L'appart dispose une climatisation",
1 500 TND,Appart S2 Omnia à louer à Cité Wahat,"Aouina, La Marsa","['100 m²', '3 Pièces', '2 Chambres', '1 Salle de bain']","['Garage', 'Ascenseur']","Appart S2 situé au 7 éme étage, dans une immeuble avec double ascenseur à Cité Wahat. a l'entrée , on a un salon , cuisine ,2 chambres et  une salle de bain. NB: l'Appart dispose une place parking",
4 500 TND,Villa La Fontaine à Louer Aux Berges Du Lac2,"Les Berges Du Lac 2, La Marsa","['340 m²', '5 Pièces', '4 Chambres', '3 Salles de bains']","['Jardin', 'Terrasse', 'Garage', 'Climatisation', 'Chauffage central']","Une villa meublée et jumlée de haut standing située dans un quartier résidentiel juste à coté de l'embrassade de USA aux berges du lac 2. Au RDC, On a un grand salon, une cuisine bien équipée,  une chambre à coucher et une salle d'eau. Au 1er étage, on a une suite parentale, un séjour et une suite pour enfant. A l'extérieur, on a un joli jardin, une terrasse et un garage pour 2 voitures. pour tous renseignement contacter l'agent 53650940",
3 900 TND,Un triplex s4 à Ain Zaghouan,"Ain Zaghouan Nord, La Marsa","['6 Pièces', '4 Chambres', '1 Salle de bain']","['Jardin', 'Garage', 'Entre-seul', 'Climatisation', 'Chauffage central']","Seven Real Estate vous propose à la location un triplex S4 avec jardin située dans une résidence gardée à Ain Zaghouan Nord.
il se compose comme suit :
Au Rez-de-jardin : un espace de vie bien aérée et une chambre dressing 
Au rez-de-chaussée : un espace de vie spacieux et lumineux donnant sur un grand jardin, une cuisine aménagée entièrement équipée attenante à un séchoir et une salle d’eau invités.
Au premier étage : une suite parentale , t...",https://www.mubawab-media.com/ad/8/326/881F/h/thumb_1304610_property_large_82214950.avif
12 000 TND,Une Villa de charme aux Berges du Lac 2,"Les Berges Du Lac 2, La Marsa","['670 m²', '7 Pièces', '4 Chambres', '4 Salles de bains']","['Jardin', 'Terrasse', 'Garage', 'Piscine', 'Chambre rangement', 'Entre-seul', 'Climatisation', 'Chauffage central', 'Sécurité', 'Double vitrage', 'Porte blindée', 'Cuisine équipée', 'Four']","Seven Real Estate vous propose à la location une villa de charme avec jardin et piscine située dans un quartier résidentiel calme et sécurisé aux Berges du Lac 2. 
Le rez-de-chaussée se compose d’un espace de vie lumineux donnant sur une belle terrasse et une piscine ,d’une chambre à coucher, d’une cuisine spacieuse aménagée et équipée , d’une salle de bain et d’une salle d’eau invités. 
Au premier étage on trouve un séjour arabesque , une suit...",https://www.mubawab-media.com/ad/8/282/264F/h/thumb_1235585_property_xlarge_81744361.avif
5 000 TND,Une villa s4 retapée à neuf à la Marsa,La Marsa,"['6 Pièces', '4 Chambres', '4 Salles de bains']","['Jardin', 'Terrasse', 'Garage', 'Chambre rangement', 'Entre-seul', 'Salon européen', 'Climatisation', 'Chauffage central', 'Sécurité', 'Double vitrage', 'Porte blindée', 'Cuisine équipée', 'Réfrigérateur', 'Four', 'Micro-ondes']","Seven Real Estate vous propose à la location une villa jumelée retapée à neuf s4 avec une chambre de service  située dans un quartier résidentiel à la Marsa 
elle se compose comme suit : 
Au Rez-de-chaussée : un espace de vie lumineux , un séjour , une cuisine aménagée et équipée et une salle d'eau invités 
Au premier étage : une suite parentale , une suite junior , deux chambres à coucher et une salle de bain 
Au sous-sol : un espace de vie...",https://www.mubawab-media.com/ad/8/310/035F/h/thumb_1287005_property_xlarge_82035103.avif
5 000 TND,Une Villa s4 à La Marsa,La Marsa,"['5 Pièces', '4 Chambres', '4 Salles de bains']","['Terrasse', 'Garage', 'Piscine', 'Concierge', 'Entre-seul', 'Cheminée', 'Climatisation', 'Chauffage central', 'Cuisine équipée']","Seven Real Estate vous propose à la location une villa de charma situé dans un quartier résidentiel très bien sécurisée à la Marsa 
il se compose comme suit : 
Au rez-de-chaussée : un salon salle à manger donnant sur la piscine , une salle d’eau invités , une suite , une cuisine aménagée et équipée et un grand espace avec cheminée donnant sur la terrasse 
au 1er étage : une suite parentale , une suite junior et une chambre 
la villa est équip...",https://www.mubawab-media.com/ad/8/330/268F/h/thumb_1308064_property_large_82251093.avif
À partir de310 000 TND,"Résidence"" La Régence ""","El Menzah 9, El Menzah","['Haut standing', 'En cours de construction', 'Livraison:\n\t\t\t\t\t\t\t\t\t\tseptembre 2026']","['Jardin', 'Terrasse', 'Garage', 'Piscine', 'Climatisation', 'Chauffage central', 'Sécurité', 'Double vitrage', 'Porte blindée', 'Cuisine équipée', 'Réfrigérateur', 'Four', 'Micro-ondes']","""la régence"" est la résidence la plus luxueuse du menzah 9. elle offre à ses résidents un style de vie luxueux et distingué.
les appartements sont bien conçus et profitent pleinement de la lumière du jour",https://www.mubawab-media.com/ad/8/316/694F/h/aef727e2-4da2-4353-9640-8af5cb2a7b56_82110973.avif
9 000 TND,Villa S4 avec piscine et jardin à louer à la Marsa,La Marsa,"['800 m²', '5 Pièces', '4 Chambres', '3 Salles de bains']","['Jardin', 'Terrasse', 'Garage', 'Piscine', 'Meublé', 'Façade extérieure', 'Salon européen', 'Antenne parabolique', 'Climatisation', 'Chauffage central', 'Sécurité', 'Double vitrage', 'Porte blindée', 'Cuisine équipée', 'Réfrigérateur', 'Four', 'TV', 'Machine à laver', 'Micro-ondes', 'Internet', 'Animaux domestiques autorisés']","BONACASA vous propose à la location une luxueuse villa moderne sur trois étages située dans un quartier résidentiel calme et sécurisé.
Le rez-de-chaussée se compose d’un salon spacieux et lumineux grâce à l’ouverture de ses baies vitrais qui donnent sur la piscine et un beau jardin gazonné, un séjour/salle à manger, une cuisine en îlot bien équipée donnant également sur une terrasse et une salle d’eau invité.
Le premier étage abrite un salon, t...",https://www.mubawab-media.com/ad/8/308/367F/h/image_1_82017819.avif
7 500 TND,Appartement S3 meublé avec piscine au Lac 1,"Les Berges Du Lac 1, La Marsa","['4 Pièces', '3 Chambres', '3 Salles de bains']","['Climatisation', 'Chauffage central']","PHOENIX ESTATES, agence immobilière située à La Marsa, vous propose à la location un appartement au rez-de-chaussée meublé avec piscine dans une résidence au Lac 1.
Il se compose comme suit: Un salon, une salle à manger, une cuisine équipée, une cuisine de service, une salle d'eau invités, une suite parentale,  deux chambres à coucher et une salle de bain commune.
-A l'extérieur: une piscine, un jardin, une terrasse et une place de parking.",https://www.mubawab-media.com/ad/8/286/573F/h/photo_00_81922678.avif
2 000 TND,Appartement s3,La Marsa,"['155 m²', '3 Chambres', '1 Salle de bain']","['Jardin', 'Piscine', 'Concierge', 'Meublé', 'Salon européen', 'Climatisation', 'Chauffage central', 'Sécurité', 'Double vitrage', 'Porte blindée', 'Cuisine équipée', 'Réfrigérateur', 'Four', 'TV', 'Machine à laver', 'Micro-ondes', 'Animaux domestiques autorisés']","Agréable appartement à louer. Prix 1 950 TND. 3 chambres, 1 salle de bains, surface 155 m². 1er étage. Moins de 10 ans. Revêtement: Marbre. Chauffage central.

Cet appartement est à louer à La Marsa, La Marsa. Air conditionné",https://www.mubawab-media.com/ad/8/311/585F/h/1_82051937.avif
6 000 TND,Rez de jardin avec piscine à Gammarth Supérieur,"Gammarth Supérieur, La Marsa","['170 m²', '4 Pièces', '3 Chambres', '3 Salles de bains']","['Terrasse', 'Garage', 'Ascenseur', 'Vue sur mer', 'Concierge', 'Chambre rangement', 'Meublé', 'Façade extérieure', 'Salon européen', 'Antenne parabolique', 'Climatisation', 'Chauffage central', 'Sécurité', 'Double vitrage', 'Porte blindée', 'Cuisine équipée', 'Réfrigérateur', 'Four', 'TV', 'Machine à laver', 'Micro-ondes', 'Internet', 'Animaux domestiques autorisés']","À louer superbe rez-de-jardin meublé avec piscine, situé dans un environnement calme et agréable  à Gammarth Supérieur.

Le bien offre une surface habitable d’environ 170 m² et bénéficie d’un bel espace extérieur avec piscine.

Il se compose de :

Un salon spacieux et lumineux ouvrant directement sur la piscine

Une cuisine moderne, entièrement équipée (réfrigérateur, hotte, micro-ondes, four, machine à laver et lave-vaisselle)

Trois s...",https://www.mubawab-media.com/ad/8/111/886F/h/image_1_79963331.avif
5 500 TND,Appartement S3 meublé au Lac 1,"Les Berges Du Lac 1, La Marsa","['4 Pièces', '3 Chambres', '2 Salles de bains']","['Jardin', 'Terrasse', 'Garage', 'Piscine', 'Entre-seul', 'Salon européen', 'Antenne parabolique', 'Climatisation', 'Chauffage central', 'Sécurité', 'Double vitrage', 'Porte blindée', 'Cuisine équipée', 'Four', 'Internet', 'Animaux domestiques autorisés']","PHOENIX ESTATES, agence immobilière située à La Marsa, vous propose un appartement meublé à louer au Lac 1 situé au deuxième étage d'une Résidence R3.
Il se compose compose comme suit:
Un salon, une salle à manger, une cuisine équipée avec séchoir, une salle d’eau invités, une suite parentale, deux chambres à coucher, une salle de bain, une terrasse et une place de parking",https://www.mubawab-media.com/ad/8/329/143F/h/image_1_82239372.avif
6 500 TND,Villa S4 avec piscine à Gammarth,"Gammarth, La Marsa","['5 Pièces', '4 Chambres', '3 Salles de bains']","['Jardin', 'Terrasse', 'Garage', 'Ascenseur', 'Vue sur mer', 'Vue sur les montagnes', 'Concierge', 'Entre-seul', 'Salon européen', 'Antenne parabolique', 'Climatisation', 'Chauffage central', 'Sécurité', 'Double vitrage', 'Porte blindée', 'Cuisine équipée', 'Four', 'Micro-ondes', 'Animaux domestiques autorisés']","PHOENIX ESTATES, agence immobilière située à La Marsa, vous propose à la location  une villa avec piscine à Gammarth.
Elle se compose comme suit:
-Au rez-de-chaussée:  un salon, une cuisine équipée avec séchoir, une salle d’eau invités, une chambre à coucher, une cuisine de service et un patio.
-Au premier: un séjour, une salle d’eau invités avec douche à l’italienne.
-Au deuxième: une suite parentale avec un grand dressing, deux chambres à c...",https://www.mubawab-media.com/ad/7/560/697F/h/image_9_76759026.avif
7 500 TND,Villa S3 avec vue sur mer à Gammarth,"Gammarth, La Marsa","['375 m²', '4 Pièces', '3 Chambres', '3 Salles de bains']","['Jardin', 'Terrasse', 'Garage', 'Piscine', 'Entre-seul', 'Salon européen', 'Antenne parabolique', 'Climatisation', 'Chauffage central', 'Sécurité', 'Double vitrage', 'Porte blindée', 'Cuisine équipée', 'Four', 'Internet', 'Animaux domestiques autorisés']","PHOENIX ESTATES, agence immobilière située à La Marsa, vous propose une villa à louer vue sur mer avec jardin à Gammarth. 
Elle se compose comme suit:
 -au rez-de-chaussée: salon, salle à manger, cuisine équipée avec séchoir et salle d'eau invités, 
-au 1er étage: suite parentale et 2 chambres à coucher avec salle de bain commune, 
-au 2éme étage: séjour et terrasse vue sur mer,
 -au sous-sol: chambre de service et garage. 
surface terrain:...",https://www.mubawab-media.com/ad/8/329/103F/h/image_1_82238935.avif
5 500 TND,Villa S4 avec piscine à La Marsa,La Marsa,"['5 Pièces', '4 Chambres', '3 Salles de bains']","['Jardin', 'Terrasse', 'Garage', 'Piscine', 'Façade extérieure', 'Salon européen', 'Antenne parabolique', 'Climatisation', 'Chauffage central', 'Sécurité', 'Double vitrage', 'Porte blindée', 'Cuisine équipée', 'Four', 'Internet', 'Animaux domestiques autorisés']","PHOENIX ESTATES, agence immobilière située à La Marsa, vous propose à la location une villa avec piscine à La Marsa.
Elle se compose comme suit:
-Au Rez-de-chaussée: Un salon, une salle à manger avec cheminé, une cuisine équipée, une suite, une salle d'eau invités.
-Au premier étage: Une suite parentale, une suite junior et une chambre. 
-A l'extérieur: une place de parking",https://www.mubawab-media.com/ad/8/190/203F/h/image_3_80791237.avif
4 200 TND,Appartement S2 moderne avec piscine à Gammarth,"Gammarth, La Marsa","['3 Pièces', '2 Chambres', '2 Salles de bains']","['Terrasse', 'Garage', 'Meublé', 'Sécurité', 'Cuisine équipée']","PHOENIX ESTATES, agence immobilière située à La Marsa, vous propose à la location un Appartement situé au rez-de-chaussée d'une résidence R3  à Gammarth.
Il se compose comme suit:
Un salon-salle à manger,  une cuisine équipée ouverte, une salle d'eau invités, deux chambres à coucher avec une salle de bain.
A l'extérieur: Un jardin, une piscine et une place de parking au sous sol",https://www.mubawab-media.com/ad/8/328/268F/h/thumb_1141798_property_large_82229388.avif
2 500 TND,A louer S1 meublé à Gammarth,"Gammarth, La Marsa","['90 m²', '2 Pièces', '1 Chambre', '1 Salle de bain']","['Terrasse', 'Garage', 'Façade extérieure', 'Salon européen', 'Antenne parabolique', 'Climatisation', 'Chauffage central', 'Sécurité', 'Double vitrage', 'Porte blindée', 'Cuisine équipée', 'Four', 'Micro-ondes', 'Animaux domestiques autorisés']","Zephyr Immo, nous vous proposons à la location un bel appartement S1 meublé situé au rez-de-chaussée dans une résidence securisée à Gammarth.
 Il se compose d’une suite parentale, d’une salle d’eau pour les invités, d’une cuisine entièrement équipée ouverte sur un salon lumineux, le tout prolongé par une agréable terrasse. D’une superficie de 90 m², L’appartement dispose également d’une place de parking privative au sous-sol.
Le loyer est de 30...",https://www.mubawab-media.com/ad/8/319/736F/h/thumb_1292605_property_large_82138411.avif
2 200 TND,A louer duplex S3 à la Marsa,La Marsa,"['150 m²', '1 Pièce', '3 Chambres', '1 Salle de bain']","['Terrasse', 'Garage', 'Vue sur mer', 'Chambre rangement', 'Meublé', 'Salon européen', 'Antenne parabolique', 'Climatisation', 'Chauffage central', 'Sécurité', 'Double vitrage', 'Porte blindée', 'Cuisine équipée', 'Réfrigérateur', 'Four', 'TV', 'Machine à laver', 'Micro-ondes', 'Internet']","Zephyr Immo vous propose à la location un duplex neuf situé à La Marsa, dans un quartier calme et à proximité de toutes les commodités.
Au rez-de-chaussée, vous découvrirez un salon lumineux, une cuisine ouverte entièrement équipée, une salle d’eau pour les invités ainsi qu’une petite terrasse agréable.
À l’étage, la partie nuit se compose de deux chambres à coucher et d’une suite parentale.
Une place de parking est également disponible",https://www.mubawab-media.com/ad/7/849/786F/h/images_65749990.avif
3 800 TND,A louer un Appartement S3 meublé à Gammarth,"Gammarth, La Marsa","['200 m²', '1 Pièce', '3 Chambres', '2 Salles de bains']","['Jardin', 'Terrasse', 'Concierge', 'Meublé', 'Façade extérieure', 'Salon européen', 'Antenne parabolique', 'Climatisation', 'Chauffage central', 'Sécurité', 'Double vitrage', 'Porte blindée', 'Cuisine équipée', 'Réfrigérateur', 'Four', 'TV', 'Machine à laver', 'Micro-ondes', 'Animaux domestiques autorisés']","Zephyr Immo vous propose à la location un appartement S3 meublé avec vue mer situé dans une résidence calme et sécurisée à Gammarth.
La partie jour se compose d’un salon salle à manger qui donnent sur une une belle terrasse d’une superficie de 60m² avec vue mer une cuisine totalement équipée et une salle d’eau invités.
Une belle suite parentale qui ouvre sur la terrasse ainsi que deux chambres et une salle de bain complètent la partie nuit.
2...",https://www.mubawab-media.com/ad/8/287/730F/h/Design%20sans%20titre%20-%202026-04-14T112742.419_82272023.avif
2 500 TND,A louer S2 meublé avec jardin à Gammarth supérieur,"Gammarth Supérieur, La Marsa","['90 m²', '1 Pièce', '2 Chambres', '1 Salle de bain']","['Jardin', 'Terrasse', 'Garage', 'Ascenseur', 'Vue sur mer', 'Piscine', 'Concierge', 'Chambre rangement', 'Meublé', 'Façade extérieure', 'Salon européen', 'Antenne parabolique', 'Cheminée', 'Climatisation', 'Chauffage central', 'Sécurité', 'Double vitrage', 'Porte blindée', 'Cuisine équipée', 'Réfrigérateur', 'Four', 'TV', 'Machine à laver', 'Micro-ondes', 'Animaux domestiques autorisés']","Hexa Real Estate vous propose à la location un appartement S2 meublé occupant le rez-de-chaussée situé à Gammarth supérieur.
Salon donnant sur un jardin, cuisine équipée, deux chambres à coucher et une salle de bain.
L'appartement est équipé du chauffage central et climatiseurs.
Extérieur: jardin",https://www.mubawab-media.com/ad/8/326/151F/h/1_82206907.avif
7 500 TND,S3 meublé avec piscine et vue lac – Lac 1,"Les Berges Du Lac 1, La Marsa","['4 Pièces', '3 Chambres', '3 Salles de bains']","['Terrasse', 'Garage', 'Ascenseur', 'Concierge', 'Façade extérieure', 'Climatisation', 'Chauffage central', 'Double vitrage', 'Porte blindée', 'Cuisine équipée', 'Four']","IMMOWAYS vous propose à la location un appartement S3 meublé en rez-de-chaussée, situé dans une résidence sécurisée aux Berges du Lac 1.

Ce bien offre un cadre de vie agréable grâce à ses espaces extérieurs comprenant une piscine, un jardin et une terrasse avec une vue dégagée sur le lac.

Il se compose d’un salon lumineux, d’une salle à manger, d’une cuisine équipée complétée par une cuisine de service, ainsi que d’une salle d’eau pour les...",https://www.mubawab-media.com/ad/8/323/589F/h/photo_00_82176539.avif
345 000 TND,A vendres3 à côté l'école américaine,"Ain Zaghouan, La Marsa","['138 m²', '3 Chambres', '2 Salles de bains']","['Jardin', 'Terrasse', 'Garage', 'Meublé', 'Antenne parabolique', 'Climatisation', 'Chauffage central', 'Cuisine équipée', 'Réfrigérateur', 'Four']","A vendre un appartement s3 dans une résultat a côté de l'école américaine 
L'appartement se compose d'un salon avec balcon, salle d'eau pour invités, cuisine équipée avec séchoir
La partie nuit se compose de trois chambres et une salle de bain 
Une place de parking au sous sol",https://www.mubawab-media.com/ad/8/316/561F/h/CBCAEA47-EAAB-47DC-B392-A6482B34DA22_82105822.avif
3 000 TND,À louer maisonnette S2 meublé à la Marsa,La Marsa,"['200 m²', '3 Pièces', '2 Chambres', '1 Salle de bain']","['Terrasse', 'Meublé', 'Climatisation', 'Chauffage central', 'Cuisine équipée']","Hera immobilière vous propose à la location une maisonnette meublé à Marsa plage composée comme suit : 
-un hall d’entrée, un salon, deux chambres, une cuisine équipée et une salle de bain commune.
Un jardin qui fait le tour de la maison et un garage pour une voiture",https://www.mubawab-media.com/ad/8/320/370F/h/thumb_660740_property_large_82144033.avif
4 000 TND,A louer un appartement meublé à la Marsa plage,"La Marsa, La Marsa","['100 m²', '3 Pièces', '2 Chambres', '2 Salles de bains']","['Jardin', 'Terrasse', 'Piscine', 'Cuisine équipée']","A quelques pas de la mer, au cœur de La Marsa Plage, découvrez un appartement S2 qui allie confort, élégance et art de vivre.

Dès l’entrée, vous serez accueilli par un salon lumineux, baigné de lumière naturelle, offrant un espace de vie chaleureux et convivial. La cuisine, entièrement équipée, a été pensée pour allier fonctionnalité et modernité, idéale pour les amateurs de cuisine comme pour les moments de partage.

L’espace nuit se compos...",https://www.mubawab-media.com/ad/8/329/155F/h/thumb_1307055_property_large_82239495.avif
7 500 TND,Charmante villa style arabesque S3 avec piscine à,"La Marsa, La Marsa","['4 Pièces', '3 Chambres', '1 Salle de bain']","['Terrasse', 'Meublé', 'Climatisation', 'Chauffage central']","Luxury House  vous propose à la location une splendide villa avec un style atypique et une sculpture arabesque située dans un quartier résidentiel proche de la plage et de toutes commodités.
Elle se compose d’une jolie terrasse, une vaste salon/salle à manger avec une vue imprenable sur la mer, une cuisine bien équipée et salle d’eau invités.
Au rez-de-jardin on trouve une grande terrasse avec une vue sur la mer, une suite parentale avec son dr...",https://www.mubawab-media.com/ad/8/330/143F/h/thumb_1308013_property_large_82249842.avif
5 000 TND,Duplex S3 meublé avec vue sur mer à louer à Gammar,"Gammarth, La Marsa","['350 m²', '4 Pièces', '3 Chambres', '1 Salle de bain']","['Jardin', 'Terrasse', 'Garage', 'Climatisation', 'Chauffage central', 'Sécurité', 'Double vitrage', 'Porte blindée', 'Cuisine équipée', 'Four']","Luxury House vous proposons à la location un magnifique duplex S3 richement meublé, au style à la fois traditionnel et atypique, bénéficiant d’une entrée indépendante, situé sur les collines de Gammarth.
À l’entrée, une agréable terrasse vous accueille et mène à un hall spacieux et soigneusement décoré. Vous y découvrirez ensuite un double salon lumineux et convivial, une cuisine américaine moderne entièrement équipée, ainsi qu’une salle d’eau i...",https://www.mubawab-media.com/ad/8/288/768F/h/203ec874-cb27-43df-bd74-ef42cc0bee80_82156262.avif
2 500 TND,Duplex S4 jardin à louer à la Marsa,"La Marsa, La Marsa","['250 m²', '5 Pièces', '4 Chambres', '2 Salles de bains']","['Jardin', 'Terrasse', 'Garage', 'Piscine', 'Climatisation', 'Chauffage central', 'Cuisine équipée', 'Four']","BONACASA vous propose à la location un superbe duplex situé dans un quartier résidentiel calme et sécurisé.
Le rez-de-chaussée se compose d'un vaste salon lumineux donnant sur une agréable terrasse bien ensoleillée, un séjour/ une chambre à coucher, une cuisine entièrement équipée donnant sur séchoir et une salle d'eau invités.
L’étage abrite une suite parentale confortable avec un grand balcon privé et deux chambres à coucher partageant une sa...",https://www.mubawab-media.com/ad/8/073/086F/h/thumb_991301_property_xlarge_79585407.avif
3 300 TND,Villa S5 avec jardin et piscine à La Marsa,"La Marsa, La Marsa","['300 m²', '6 Pièces', '5 Chambres', '2 Salles de bains']","['Terrasse', 'Vue sur mer', 'Piscine', 'Climatisation', 'Chauffage central', 'Sécurité', 'Double vitrage', 'Porte blindée', 'Cuisine équipée', 'Four', 'Micro-ondes']","Emplacement : La Marsa.
Superficie : 300 m².
Typologie : S5.

Composition :
Rez de chaussée :
Salon.
Cuisine équipée de plaque, hotte et four.
Daux chambres à coucher.
Salle de douche.

A l'étage :
Trois chambres à coucher dont deux avec dressing et une avec terrasse. 
Salle de bain.

Chauffage central.
Climatiseurs.
Jardin.
Terrasse.
Place de parking.

Prix : 3300/mois y compris syndic.

#Réf : MA 06/25.
Pour plus d'infor...",https://www.mubawab-media.com/ad/8/270/300F/h/79bd1c4b-19d3-4c06-a146-9c6ad144026b_81611740.avif
7 000 TND,S3 piscine et vue mer à louer au coeur de la Marsa,"La Marsa, La Marsa","['300 m²', '5 Pièces', '3 Chambres', '2 Salles de bains']","['Jardin', 'Terrasse', 'Garage', 'Vue sur mer', 'Climatisation', 'Chauffage central', 'Sécurité', 'Cuisine équipée']","BONACASA vous propose à la location un superbe appartement situé au dernier étage d’une résidence calme, sécurisée et proche de toutes commodités.
Cet appartement se compose d’un vaste salon lumineux donnant sur une terrasse avec une vue imprenable sur la mer, une cuisine entièrement équipée donnant sur une deuxième terrasse et la piscine, une chambre de service et une salle d’eau invités.
On trouve également une suite parentale avec son dressi...",https://www.mubawab-media.com/ad/8/283/380F/h/c6897784-83cd-4cf4-85d0-1f5316f052f9_81753143.avif
5 800 TND,Villa plain pied S3 vue mer à louer à Gammarth,"Gammarth, La Marsa","['500 m²', '4 Pièces', '3 Chambres', '2 Salles de bains']","['Terrasse', 'Vue sur mer', 'Concierge', 'Meublé', 'Climatisation', 'Chauffage central', 'Sécurité', 'Double vitrage', 'Porte blindée', 'Cuisine équipée', 'Réfrigérateur', 'Four', 'TV', 'Machine à laver', 'Micro-ondes']","BONACASA vous propose à la location une magnifique villa plain pied avec un style traditionnelle et atypique située dans un quartier résidentiel calme et sécurisé sur les collines de Gammarth.
La partie jour abrite un salon/salle à manger spacieux et lumineux donnant sur une grande terrasse avec vue imprenable sur mer, une cuisine et une première salle de bain.
La partie nuit loge trois chambres à coucher avec dressing et une salle de bain comm...",https://www.mubawab-media.com/ad/8/250/644F/h/1e993145-b37c-4b29-a778-af717b76fc53_81392444.avif
7 500 TND,S3 Meublé pied dans l'eau à louer à la Marsa,"La Marsa, La Marsa","['250 m²', '4 Pièces', '3 Chambres', '3 Salles de bains']","['Terrasse', 'Garage', 'Ascenseur', 'Concierge', 'Climatisation', 'Chauffage central', 'Sécurité', 'Double vitrage', 'Porte blindée', 'Cuisine équipée', 'Four', 'Micro-ondes']","BONACASA vous propose à la location un somptueux appartement richement meublé avec style moderne et raffiné situé au rez-de-chaussée d’une résidence pied dans l’eau, calme et bien sécurisée.
La partie jour se compose d’un salon/salle à manger donnant sur une terrasse avec une vue imprenable sur la mer, une cuisine indépendante entièrement équipée et salle d’eau invités.
La partie nuit loge trois suites dont l’une avec vue sur mer",https://www.mubawab-media.com/ad/8/322/411F/h/cf75dfa5-19b0-49bb-b592-abfbc1a9f881_82164957.avif
10 000 TND,Villa S4 avec piscine au Lac 2,"Les Berges Du Lac 2, La Marsa","['6 Pièces', '4 Chambres', '4 Salles de bains']","['Jardin', 'Terrasse', 'Garage', 'Piscine', 'Concierge', 'Entre-seul', 'Salon européen', 'Antenne parabolique', 'Climatisation', 'Chauffage central', 'Sécurité', 'Double vitrage', 'Porte blindée', 'Cuisine équipée', 'Réfrigérateur', 'Four', 'Micro-ondes', 'Internet', 'Animaux domestiques autorisés']","PHOENIX ESTATES, agence immobilière située à La Marsa, vous propose à la location une villa avec piscine au Lac 2.
Elle se compose comme suit:
Au rez-de-chaussée: un grand salon , une salle à manger donnant sur la piscine, une salle d'eau et une cuisine équipée.
A l'étagé : un deuxième salon, une suite parentale, deux chambres à coucher et une salle bain.
Au sous sol : une chambre à coucher, une salle de bain, un grand séjour et un garage pou...",
9 000 TND,Duplex S4 neuf avec piscine à La Marsa,La Marsa,"['5 Pièces', '4 Chambres', '3 Salles de bains']","['Jardin', 'Terrasse', 'Garage', 'Piscine', 'Entre-seul', 'Salon européen', 'Antenne parabolique', 'Climatisation', 'Chauffage central', 'Sécurité', 'Double vitrage', 'Porte blindée', 'Cuisine équipée', 'Four', 'Internet', 'Animaux domestiques autorisés']","PHOENIX ESTATES, agence immobilière située à La Marsa, vous propose à la location un duplex avec piscine à la Marsa. 
Il se compose comme suit: 
- Au rez-de-chaussée: Un salon, une cuisine équipée, une salle d'eau invités et une chambre.
- Au premier étage: Une suite parentale et deux suites junior.
- A l'extérieur: Une piscine, un jardin et un garage",
2 500 TND,Appartement S2 meublé à louer à Ain Zaghouan nord,"Ain Zaghouan Nord, La Marsa","['90 m²', '3 Pièces', '2 Chambres', '3 Salles de bains']","['Terrasse', 'Meublé', 'Cuisine équipée', 'Réfrigérateur', 'Four', 'Machine à laver']","New Key La Soukra met à la location un appartement S2 richement meublé haut standing jamais habité à ain zaghouan nord dans une résidence récente, idéal pour une vie familiale paisible, l'appartement composé de : 
Salon, salle à manger ouvrant sur un balcon, cuisine bien equipée ( plaque, hotte, four, réfrigérateur, machine à laver), salle d'eau avec cabine de douche.
02 chambres à coucher avec dressing qui partagent une salle d'eau avec cabine...",
10 000 TND,Triplex S4 avec piscine à Gammarth,"Gammarth, La Marsa","['4 Pièces', '4 Chambres', '3 Salles de bains']","['Jardin', 'Terrasse', 'Garage', 'Ascenseur', 'Vue sur mer', 'Vue sur les montagnes', 'Piscine', 'Meublé', 'Entre-seul', 'Salon européen', 'Antenne parabolique', 'Climatisation', 'Chauffage central', 'Sécurité', 'Double vitrage', 'Porte blindée', 'Cuisine équipée', 'Réfrigérateur', 'Four', 'TV', 'Machine à laver', 'Micro-ondes', 'Internet', 'Animaux domestiques autorisés']","PHOENIX ESTATES, agence immobilière située à La Marsa, vous propose à la location un triplex avec terrasse vue sur mer à Gammarth.
Il se compose comme suit:
Au premier étage: Un salon-salle à manger, une cuisine équipée, une salle d'eau invités.
Au deuxième étage: Une suite parentale, deux chambres à coucher, une salle de bain, un séjour fermé, un roof top, véranda, une piscine, un coin barbecue et une terrasse vue mer.
Au rez de jardin: Une...",https://www.mubawab-media.com/ad/8/317/923F/h/image_1_82120028.avif
7 500 TND,Villa S4 avec piscine à La Marsa,La Marsa,"['5 Pièces', '4 Chambres', '3 Salles de bains']","['Jardin', 'Terrasse', 'Garage', 'Piscine', 'Chambre rangement', 'Entre-seul', 'Salon européen', 'Antenne parabolique', 'Cheminée', 'Climatisation', 'Chauffage central', 'Sécurité', 'Double vitrage', 'Porte blindée', 'Cuisine équipée', 'Réfrigérateur', 'Four', 'Internet', 'Animaux domestiques autorisés']","PHOENIX ESTATES, agence immobilière située à la Marsa, vous propose à la location une villa avec piscine à la Marsa.
Elle se compose comme suit:
-Au-rez-de-chaussée: salon, salle à manger, séjour, salle de bain, cuisine équipée.
-A l’étage: quatre suites avec dressing et salle de bain.
-Au sous-sol: open space , cuisine, chambre de service, point d’eau et une buanderie.
-A l'extérieur: jardin, piscine, terrasse, garage.",https://www.mubawab-media.com/ad/8/301/968F/h/image_1_82252930.avif
2 500 TND,À louer appartement S1 meublé Les berges du Lac 2,"Les Berges Du Lac 2, La Marsa","['73 m²', '2 Pièces', '1 Chambre', '1 Salle de bain']","['Terrasse', 'Garage', 'Ascenseur', 'Concierge', 'Meublé', 'Climatisation', 'Chauffage central', 'Sécurité', 'Cuisine équipée', 'Réfrigérateur', 'Four', 'TV', 'Machine à laver', 'Micro-ondes', 'Internet']","CENTURY 21 BARROS Barros LAC 2 vous propose pour la location un appartement en s1 meublé au lac 2

– Un salon
– Une cuisine équipée
– Une chambres à coucher
– Une salle de douche
_ Une place de parking au sous sol 

Contactez nous dès aujourd’hui pour plus d’informations et pour organiser une visite sur place : Tel/ WhatsApp 216 23 024 000
Email : sb@century21.tn",https://www.mubawab-media.com/ad/8/202/682F/h/New%20template%20barros%20%2842%29_82230921.avif
1 400 TND,À louer s1 à ain zaghouan nord,"Ain Zaghouan Nord, La Marsa","['62 m²', '2 Pièces', '1 Chambre', '1 Salle de bain']","['Garage', 'Ascenseur', 'Concierge', 'Climatisation', 'Chauffage central', 'Sécurité', 'Double vitrage', 'Porte blindée', 'Cuisine équipée', 'Four', 'Micro-ondes']","CENTURY 21 LAC 2 BARROS vous propose pour la location un appartement S1 jamais habité à Ain Zaghouan nord 

Il est composé de:
-Un salon
-Une cuisine équipée séparée 
-Une chambre à coucher
-Une salle de douche

Contactez nous dès aujourd’hui pour plus d’informations et pour organiser une visite sur place : Tel/ WhatsApp 216 23 024 000 Email : sb@century21.tn",https://www.mubawab-media.com/ad/8/246/437F/h/1000144199_81628168.avif
Prix à consulter,Résidence FLAVA aux Jardin de Carthage,"Les Jardins de Carthage, Le Kram","['Haut standing', 'En cours de construction', 'Livraison:\n\t\t\t\t\t\t\t\t\t\tmars 2028']","['Terrasse', 'Garage', 'Concierge', 'Meublé', 'Façade extérieure', 'Salon européen', 'Climatisation', 'Chauffage central', 'Cuisine équipée', 'Réfrigérateur', 'Four', 'TV', 'Machine à laver']","installée au cœur du prestigieux lotissement résidences du parc, dans le quartier prisé des jardins de carthage, flava résidences vous offre un équilibre parfait entre effervescence urbaine et",https://www.mubawab-media.com/ad/8/322/964F/h/70049194-C0A0-4E4B-9572-381CA45CFD54_82170534.avif
2 000 TND,Appartement meublé à la Marsa,La Marsa,"['50 m²', '2 Pièces', '1 Chambre', '1 Salle de bain']","['Jardin', 'Terrasse', 'Garage', 'Vue sur mer', 'Vue sur les montagnes', 'Piscine', 'Concierge', 'Salon européen', 'Antenne parabolique', 'Climatisation', 'Chauffage central', 'Sécurité', 'Double vitrage', 'Porte blindée', 'Cuisine équipée', 'Réfrigérateur', 'Four', 'TV', 'Machine à laver', 'Micro-ondes']","A louer Marsa dans une résidence neuve moderne de très haut standing un jolie appartement s1 jamais habitee richement meublée au 1ere étage 
Composée d'un salon 
Une chambre à coucher
Une cuisine ouverte sur le salon
Une salle de douche 
Une place de parking et un cellier",https://www.mubawab-media.com/ad/8/249/385F/h/C952E50B-65F5-43F6-8ECF-1D70A61D65F6_81379104.avif
8 000 TND,À louer duplex S4 neuf à la Marsa,"Cité Les Pins, La Marsa","['300 m²', '4 Pièces', '4 Chambres', '3 Salles de bains']","['Jardin', 'Terrasse', 'Garage', 'Piscine', 'Concierge', 'Salon européen', 'Antenne parabolique', 'Climatisation', 'Chauffage central', 'Double vitrage', 'Porte blindée', 'Cuisine équipée']","Hera immobilière vous propose à la location un duplex neuf Situé dans un quartier prisé de La Marsa, ce magnifique duplex neuf offre de belles prestations.

Le rez-de-chaussée comprend un salon lumineux donnant sur une terrasse, une cuisine équipée, une chambre et une salle d’eau.
À l’étage, on trouve deux chambres à coucher, une salle de bain ainsi qu’une suite parentale.

Le bien dispose également d’un garage pour une voiture",https://www.mubawab-media.com/ad/8/281/247F/h/1%20%284%29_81734440.avif
6 000 TND,À louer villa S4 à Gammarth,"Gammarth, La Marsa","['350 m²', '4 Pièces', '4 Chambres', '3 Salles de bains']","['Jardin', 'Terrasse', 'Garage', 'Vue sur mer', 'Vue sur les montagnes', 'Piscine', 'Concierge', 'Chambre rangement', 'Salon européen', 'Antenne parabolique', 'Climatisation', 'Chauffage central', 'Sécurité', 'Double vitrage', 'Porte blindée', 'Cuisine équipée', 'Réfrigérateur', 'Four', 'TV']","À louer, une élégante villa offrant de beaux volumes et des finitions de qualité.
Elle se compose d’un spacieux salon en double hauteur, d’une cuisine équipée, d’une chambre de service et d’une salle d’eau invités.

À l’étage, on trouve trois chambres à coucher ainsi qu’une suite parentale avec salle de bain.

Villa de haut standing, offrant confort et prestations de qualité",https://www.mubawab-media.com/ad/8/314/505F/h/1_82084414.avif
7 000 TND,À louer villa S3 vue mer à Gammarth,"Gammarth, La Marsa","['350 m²', '3 Pièces', '3 Chambres', '3 Salles de bains']","['Jardin', 'Terrasse', 'Piscine', 'Concierge', 'Meublé', 'Climatisation', 'Chauffage central', 'Cuisine équipée', 'Réfrigérateur', 'Four', 'TV', 'Machine à laver', 'Micro-ondes']","Hera immobilière vous proposons à la location une villa agréable et fonctionnelle, idéalement conçue pour une vie familiale.

Partie jour :
	•	Un salon lumineux
	•	Un séjour convivial
	•	Une cuisine entièrement équipée
	•	Une chambre de service avec sa salle d’eau

Partie nuit :
	•	Deux chambres avec placards, partageant une salle de bain commune
	•	Une suite parentale spacieuse avec sa propre salle d’eau et dressing

Atouts supplémen...",https://www.mubawab-media.com/ad/8/314/565F/h/thumb_1291035_property_xlarge_82085112.avif
6 500 TND,Villa meublée en S4 à La Marsa MVL1146,La Marsa,"['5 Pièces', '4 Chambres', '4 Salles de bains']","['Jardin', 'Terrasse', 'Garage', 'Piscine', 'Entre-seul', 'Climatisation', 'Chauffage central', 'Cuisine équipée']","La Croisette immobilière Tunisie vous propose à la location une villa meublée en S4 située dans un quartier résidentiel à La Marsa.
La villa est érigée sur deux niveaux et se comprend :
Au rez-de-chaussée: salon, salle à manger, salle d'eau invités, cuisine entièrement équipée attenante à un séchoir, une chambre de service.
A l'étage: suite parentale, suite junior, deux chambres à coucher et une salle de bain.
L'extérieur: jardin , piscine, a...",https://www.mubawab-media.com/ad/8/227/569F/h/9443929d-8639-453d-9c52-6dd3a8998df0_82062509.avif
8 500 TND,Villa s4 avec piscine à La Marsa,La Marsa,"['5 Pièces', '4 Chambres', '5 Salles de bains']","['Jardin', 'Cuisine équipée']","La Croisette Immobilière Tunisie vous propose à la location une villa S4 avec piscine située dans un quartier résidentiel à La Marsa.
La bâtisse est érigée sur trois niveaux et se compose comme suit :
Au rez-de-chaussée : deux salons, une salle à manger donnant sur le jardin, un séjour séparé, une cuisine moderne aménagée entièrement équipée avec un coin repas donnant sur une terrasse et une salle d'eau invités. 
A l'étage : une suite parental...",https://www.mubawab-media.com/ad/8/317/682F/h/d4b6e550-b7b7-40a3-956c-b9b6f3b81365_82117601.avif
4 500 TND,Villa S3 avec jardin à Gammarth,La Marsa,['4 Chambres'],"['Jardin', 'Terrasse', 'Garage', 'Vue sur mer', 'Piscine', 'Climatisation', 'Chauffage central', 'Sécurité', 'Double vitrage', 'Porte blindée', 'Cuisine équipée', 'Four']","Newkey la Marsa met à la location une villa plain pied en s3 avec un grand jardin dans un quartier résidentiel à Gammarth .
Cette bâtisse est composée d'un grand salon avec un séjour, d'une suite parentale, de deux chambres à coucher,d'une cuisine équipée et d'une salle de bain.
Un abri de voiture est disponible.
Référence : 8960A  Référence du bien: Ref8960a",https://www.mubawab-media.com/ad/8/323/736F/h/photo_00_82237327.avif
12 000 TND,Villa S8 Neuve avec piscine&jardin à louer à Gammarth,"Gammarth, La Marsa","['750 m²', '9 Pièces', '8 Chambres', '4 Salles de bains']","['Terrasse', 'Garage', 'Ascenseur', 'Concierge', 'Meublé', 'Climatisation', 'Chauffage central', 'Sécurité', 'Double vitrage', 'Porte blindée', 'Cuisine équipée', 'Réfrigérateur', 'Four', 'TV', 'Machine à laver', 'Micro-ondes']","BONACASA vous propose à la location une somptueuse villa neuve sur quatre niveaux de 750m² de terrain située dans un quartier résidentiel sur les collines de Gammarth.
Le rez-de-chaussée se compose un vaste salon/salle à manger donnant sur le jardin et la piscine, un séjour, une cuisine bien équipée et une salle d’eau invités.
Le premier étage loge quatre à chambres à coucher avec dressing et deux salles de bain.
Le deuxième étage abrite une s...",https://www.mubawab-media.com/ad/7/885/071F/h/5_GF_70917233.avif
3 200 TND,S2 Meublé à louer à la Marsa,La Marsa,"['120 m²', '3 Pièces', '2 Chambres', '1 Salle de bain']","['Garage', 'Ascenseur', 'Piscine', 'Concierge', 'Chambre rangement', 'Meublé', 'Façade extérieure', 'Salon européen', 'Antenne parabolique', 'Climatisation', 'Chauffage central', 'Sécurité', 'Double vitrage', 'Porte blindée', 'Cuisine équipée', 'Réfrigérateur', 'TV', 'Machine à laver']","BONACASA vous propose à la location un superbe appartement richement meublé situé dans une petite résidence calme et bien gardée.
La partie jour loge un salon/salle à manger spacieux et lumineux donnant sur un balcon, une cuisine entièrement équipée et aménagée et une salle d’eau invités.
La partie nuit abrite deux chambres à coucher qui partagent une salle d’eau commune avec une douche à l’italienne.
Une place de parking est à la disposition...",https://www.mubawab-media.com/ad/8/268/241F/h/4e75ac22-f078-481e-b8ef-32af6269d58f_GF_81590245.avif
1 500 TND,Appartement meublé en location à Ain Zaghouan. Surface total...,"Ain Zaghouan, La Marsa","['70 m²', '1 Chambre', '1 Salle de bain']","['Jardin', 'Terrasse', 'Garage', 'Meublé']","Appartement idéal en location. Prix 1 500 TND. 1 salle de bains, 70 m². 1 chambre à coucher. 3ème étage. Moins d'un an. Type de sol: Carrelage. Meublé.

Cet appartement est à louer à Ain Zaghouan. Équipé d'une antenne parabolique et d'une porte blindée. La résidence est sécurisée. Confort et sécurité avec service de conciergerie,  et climatisation.

Soyez le premier à visiter cet appartement à louer. Bénéficiez du calme absolu avec fenêtres en do...",https://www.mubawab-media.com/ad/8/313/699F/h/1c205a62-6d0c-40f9-b289-572d45ddb107_GF_82076778.avif
3 000 TND,Villa Angel à Louer à Gammarth Village,"Gammarth, La Marsa","['300 m²', '5 Pièces', '4 Chambres', '1 Salle de bain']","['Climatisation', 'Chauffage central', 'Cuisine équipée']","Une Villa semi meublé situé dans un bon quartier résidentiel à Gammarth Village. Au RDC, on a un grand salon, une cuisine, une chambre et une salle d'eau pour les invités. A L'étage, on trouve trois chambres et une salle de bain commune. A L'extérieur, on a un jardin, une terrasse, un studio et un garage. Pour tous les renseignements, Contacter l'agent",https://www.mubawab-media.com/ad/8/305/033F/h/thumb_1280261_property_large_81982994.avif
2 200 TND,Appart S3 Mazha à louer à Cité les pins la Marsa,"Cité Les Pins, La Marsa","['180 m²', '4 Pièces', '3 Chambres', '1 Salle de bain']","['Jardin', 'Terrasse', 'Cuisine équipée']","Un appart S3 situé au 1er étage d'une résidence à cité les pins la Marsa. A l'entrée on trouve un salon, une cuisine équipée ouverte, une suite parentale, 2 chambres et une salle d'eau avec une douche à l'italienne. L’appart est équipé du chauffage centrale et de la climatisation",https://www.mubawab-media.com/ad/8/330/176F/h/WhatsApp%20Image%202026-04-10%20at%2012.01.10_82250213.avif
3 000 TND,Villa Ballerina à Louer à La Marsa,La Marsa,"['240 m²', '5 Pièces', '4 Chambres', '3 Salles de bains']","['Garage', 'Climatisation', 'Sécurité', 'Cuisine équipée']","Une charmante villa situé dans un quartier résidentiel au cœur de La Marsa. Au RDC, On trouve un spacieux salon, salle à manger, une cuisine équipée, une chambre et une salle de bain. A L'étage, On trouve une suite parentale, 2 chambres et une salle de bain. A L'extérieur, On a une grande terrasse, un jardin et un abri de voiture",https://www.mubawab-media.com/ad/8/323/347F/h/WhatsApp%20Image%202026-03-29%20at%2017.30.40_82174131.avif
2 700 TND,A louer un s3 à la Marsa,"Cité Du Stade, La Marsa","['4 Pièces', '4 Chambres', '1 Salle de bain']","['Ascenseur', 'Climatisation', 'Chauffage central', 'Porte blindée', 'Cuisine équipée', 'Four']","New key vous propose à la location un appartement en s3 situé dans une résidence sécurisée à la Marsa .
Ce dernier est composé d'un salon , d'une cuisine bien equipée , d'une suite parentale et de deux chambres à coucher avec une salle de bain commune .
L'appartement est chauffé et climatisé et dispose d'un garage pour la voiture .
Référence :8898A  Référence du bien: Ref8898a",https://www.mubawab-media.com/ad/8/070/272F/h/80430361-ad47-4fc0-8221-01adbdc9640b_82156200.avif
950 TND,À louer Appartement S1 à L'aouina,"Aouina, La Marsa","['55 m²', '2 Pièces', '1 Chambre', '1 Salle de bain']","['Garage', 'Meublé', 'Antenne parabolique', 'Climatisation', 'Chauffage central', 'Double vitrage', 'Porte blindée', 'Cuisine équipée', 'Réfrigérateur', 'Four', 'TV', 'Machine à laver', 'Micro-ondes', 'Internet']","À louer :
Un appartement S1 situé à L’Aouina, au 5ème étage avec ascenseur, offrant une jolie vue dégagée.
Il se compose d’un salon lumineux, d’une cuisine entièrement équipée (plaque, hotte, four et gaz), d’une chambre à coucher avec dressing ainsi que d’une salle d’eau.
Prix : 950 DT",https://www.mubawab-media.com/ad/8/318/612F/h/781924e1-8bb7-4bd1-9ae6-660fc830885d_82203267.avif
1 250 TND,À louer à La marsa – Appartement Meublé S1,La Marsa,"['65 m²', '2 Pièces', '1 Chambre', '1 Salle de bain']","['Terrasse', 'Garage', 'Vue sur mer', 'Concierge', 'Meublé', 'Climatisation', 'Chauffage central', 'Sécurité', 'Double vitrage', 'Porte blindée', 'Cuisine équipée', 'Réfrigérateur', 'Four', 'TV', 'Machine à laver', 'Micro-ondes']","À louer, un charmant appartement S1 meublé situé à La Marsa, au 2ᵉ et dernier étage d’une résidence calme, accessible uniquement par escalier (sans ascenseur). D’une superficie de 65 m², il se compose d’un salon lumineux avec une décoration moderne, d’une cuisine américaine entièrement équipée, d’une chambre confortable ainsi que d’une salle de bain. L’appartement est bien agencé et bénéficie d’une excellente luminosité naturelle. Loyer : 1250 DT...",https://www.mubawab-media.com/ad/8/317/280F/h/9841976d-1125-42c5-b0fe-0dfdc5a3e665_82113452.avif
3 500 TND,Duplex S2 meublé vue mer à louer à Gammarth,"Gammarth, La Marsa","['200 m²', '3 Pièces', '2 Chambres', '2 Salles de bains']","['Terrasse', 'Garage', 'Vue sur mer', 'Concierge', 'Climatisation', 'Chauffage central', 'Sécurité', 'Double vitrage', 'Porte blindée', 'Cuisine équipée', 'Four']","BONACASA vous propose à la location un joli duplex richement meublé situé dans une résidence sécurisée sur les collines de Gammarth.
Le rez-de-chaussée se compose d’un salon/salle à manger spacieux et lumineux, une cuisine américaine entièrement équipée et bien aménagée et une salle d’eau invités avec une douche à l'italienne.
L’étage loge une suite parentale donnant sur une terrasse avec une vue sur mer, une chambre à coucher avec une dressing...",https://www.mubawab-media.com/ad/8/315/152F/h/d9881f45-2f24-4468-a6ee-c289aa8cbc20_82091470.avif
4 200 TND,S3 avec terrasse à louer au coeur de la Marsa,"La Marsa, La Marsa","['220 m²', '4 Pièces', '3 Chambres', '2 Salles de bains']","['Terrasse', 'Concierge', 'Meublé', 'Climatisation', 'Chauffage central', 'Sécurité', 'Double vitrage', 'Porte blindée', 'Cuisine équipée', 'Réfrigérateur', 'Four', 'TV', 'Machine à laver', 'Micro-ondes']","BONACASA vous propose à la location un joli appartement très spacieux situé dans une résidence sécurisée proche de la plage et de toutes commodités.
L'appartement se compose d'un vaste salon/salle à manger donnant sur une terrasse, une cuisine équipée donnant sur un séchoir et une salle d'eau invités.
La partie nuit loge une suite parentale donnant sur une terrasse avec une vue sur mer et deux chambres à coucher avec dressing qui partagent une...",https://www.mubawab-media.com/ad/8/249/693F/h/photo_0_81382132.avif
2 500 TND,S2 Meublé avec terrasse à louer à la Marsa,"La Marsa, La Marsa","['120 m²', '3 Pièces', '2 Chambres', '1 Salle de bain']","['Garage', 'Concierge', 'Meublé', 'Climatisation', 'Chauffage central', 'Sécurité', 'Double vitrage', 'Porte blindée', 'Cuisine équipée', 'Réfrigérateur', 'Four', 'TV', 'Machine à laver', 'Micro-ondes']","BONACASA vous propose à la location un agréable appartement richement meublé situé au premier étage d’une résidence calme et sécurisée.
La partie jour abrite un salon lumineux donnant sur une terrasse sans vis-à-vis, une cuisine entièrement équipée et aménagée donnant sur un séchoir et une salle d’eau invités.
La partie nuit loge une chambre parentale avec dressing, une chambre d’enfants avec dressing et une salle d’eau commune avec une douche...",https://www.mubawab-media.com/ad/8/270/413F/h/photo_00_81613052.avif
2 500 TND,S2 Meublé à louer sur les collines de Gammarth,"Gammarth, La Marsa","['120 m²', '3 Pièces', '2 Chambres', '1 Salle de bain']","['Terrasse', 'Vue sur les montagnes', 'Concierge', 'Chambre rangement', 'Façade extérieure', 'Salon européen', 'Antenne parabolique', 'Climatisation', 'Chauffage central', 'Double vitrage', 'Porte blindée', 'Cuisine équipée', 'Four', 'Machine à laver', 'Internet', 'Animaux domestiques autorisés']","BONACASA vous propose à la location un superbe appartement richement meublé, idéalement situé dans une résidence calme et sécurisée.
Il se compose d’un salon/salle à manger spacieux et lumineux sans vis-à-vis et une cuisine entièrement équipée, deux chambres à coucher avec dressing et une salle d'eau commune avec une douche à l'italienne.
Une place de parking dans la résidence est à la disposition du futur locataire",https://www.mubawab-media.com/ad/8/331/605F/h/photo_0_82268518.avif
2 300 TND,Location d'un appartement à Cité des Juges. Surface totale 2...,"Cité des Juges, La Marsa","['200 m²', '4 Chambres', '2 Salles de bains']","['Terrasse', 'Garage', 'Concierge', 'Chambre rangement', 'Entre-seul', 'Salon européen', 'Antenne parabolique', 'Climatisation', 'Chauffage central', 'Sécurité', 'Double vitrage', 'Porte blindée', 'Cuisine équipée', 'Four', 'Internet', 'Animaux domestiques autorisés']","Appartement en location à saisir. Prix 2 300 TND. 4 chambres, 2 salles de bains, superficie 200 m². 2ème étage. Moins de 5 ans. Type de sol: Marbre. Vue exceptionnelle sur les montagnes, fenêtres avec double vitrage, chauffage central et porte blindée.

Cet appartement est à louer à Cité des Juges. Appréciez le confort de la climatisation. La résidence dispose également d'un service de concierge. Terrasse.

Contactez-nous pour visiter cet apparte...",https://www.mubawab-media.com/ad/8/322/118F/h/photo_00_82161921.avif
2 250 TND,Superbe maison à louer à Cité El Hana. 3 chambres agréables...,"Cité El Hana, La Marsa","['200 m²', '3 Chambres', '2 Salles de bains']","['Jardin', 'Terrasse', 'Porte blindée', 'Internet', 'Animaux domestiques autorisés']","Agréable maison à louer. Prix 2 250 TND. 3 chambres, 2 salles de bains, 200 m². Moins de 10 ans. Type de sol: Carrelage. Résidence sécurisée et porte blindée. Le bien dispose également d'une antenne parabolique.

Venez découvrir cette maison à louer à Cité El Hana. Confort et sécurité avec service de conciergerie et climatisation. Parfaitement équipé avec chauffage central et double vitrage.

Contactez-nous pour visiter cette maison à louer. Gran...",https://www.mubawab-media.com/ad/8/332/266F/h/photo_0_82271709.avif
650 TND,Location d'un studio à Cité des Juges. Surface totale 70 m²...,"Cité des Juges, La Marsa","['70 m²', '1 Chambre', '1 Salle de bain']","['Jardin', 'Terrasse', 'Meublé', 'Salon européen', 'Antenne parabolique', 'Climatisation', 'Cuisine équipée', 'Réfrigérateur', 'Four', 'Machine à laver', 'Micro-ondes', 'Internet', 'Animaux domestiques autorisés']","Appartement à louer idéalement placé. Prix 650 TND. 1 salle de bains, 70 m². 1 chambre. Moins de 20 ans. À rénover. Revêtement: Carrelage. Jardin et terrasse propices à la détente.

Cet appartement est proposé à la location à Cité des Juges, La Marsa. Internet. Sécurité maximale avec porte blindée",
1 050 TND,Appartement en location à Cité Du Stade. 2 belles chambres...,"Cité Du Stade, La Marsa","['50 m²', '2 Chambres', '1 Salle de bain']","['Terrasse', 'Garage', 'Climatisation', 'Chauffage central', 'Cuisine équipée', 'Four']","Belles prestations pour cet appartement à louer. Prix 1 150 TND. 2 chambres, 1 salle de bains, surface 50 m². Moins de 20 ans. Revêtement: Carrelage. Bien meublé.

Cet appartement est proposé à la location à Cité Du Stade. Jardin et terrasse propices à la détente. Confortable salon européen.

Contactez-nous pour visiter cet appartement en location. Micro-ondes. Internet. Lave-linge",
1 300 TND,Appartement S2 à Ain Zaghouan,"Ain Zaghouan Sud, La Marsa","['100 m²', '3 Pièces', '2 Chambres', '1 Salle de bain']","['Terrasse', 'Garage', 'Climatisation', 'Chauffage central', 'Sécurité', 'Double vitrage', 'Porte blindée', 'Cuisine équipée']","22Estates vous propose à la location un appartement S2 situé au deuxième et dernier étage (sans ascenseur) à Ain Zaghouan Sud, à proximité de toutes les commodités.

La partie jour se compose d’un salon spacieux ouvrant sur un balcon, ainsi que d’une cuisine entièrement équipée avec séchoir.
La partie nuit comprend deux chambres à coucher avec dressing, se partageant une salle de bain commune. Une place de parking au sous-sol est également à d...",
2 900 TND,Appartement S2 meublé avec jardin à la Marsa,La Marsa,"['120 m²', '3 Pièces', '2 Chambres', '1 Salle de bain']","['Jardin', 'Terrasse', 'Garage', 'Meublé', 'Climatisation', 'Chauffage central', 'Sécurité', 'Double vitrage', 'Porte blindée', 'Cuisine équipée', 'Réfrigérateur', 'Four', 'TV', 'Machine à laver', 'Micro-ondes']","22Estates vous propose à la location un appartement S2 meublé, situé à La Marsa Ville, au sein d’une petite résidence.

Ce bien se compose d’un salon avec salle à manger ouvrant sur une terrasse, d’une cuisine équipée avec séchoir, ainsi que de deux chambres à coucher partageant une salle de bain.

L’appartement bénéficie également d’un jardin, d’une place de parking au sous-sol et d’un cellier. 

Pour toutes autres informations merci de co...",
3 800 TND,Triplex S4 au cœur de la Marsa,La Marsa,"['220 m²', '5 Pièces', '4 Chambres', '2 Salles de bains']","['Terrasse', 'Entre-seul', 'Climatisation', 'Chauffage central', 'Sécurité', 'Double vitrage', 'Porte blindée', 'Cuisine équipée']","22Estates vous propose à la location un triplex S4 situé au cœur de La Marsa, à proximité de toutes les commodités.
Au rez-de-chaussée, vous trouverez un grand salon lumineux ouvrant sur une petite terrasse, une chambre avec dressing, une cuisine équipée, ainsi qu’une salle d’eau invités.
Au premier étage, l’espace nuit comprend trois chambres à coucher qui se partagent une salle de bain avec baignoire.
Au deuxième étage, vous disposerez d’une...",
8 000 TND,Villa S4 avec piscine a louer a Gammarth,"Gammarth, La Marsa","['6 Pièces', '4 Chambres', '2 Salles de bains']","['Jardin', 'Terrasse', 'Piscine', 'Climatisation', 'Chauffage central', 'Sécurité', 'Cuisine équipée']","Clé d’Or Immobilière propose à la location une magnifique villa S4 avec piscine située à Gammarth.
La villa se compose de :
Un grand salon lumineux donnant sur le jardin et la piscine
Une cuisine moderne et bien équipée
Une salle d’eau pour les invités
À l’étage :
Une suite parentale avec dressing et salle de bain
Trois chambres à coucher spacieuses avec dressings
Une salle de bain commune
À l’extérieur :
Un grand jardin 
Une piscine p...",https://www.mubawab-media.com/ad/8/317/537F/h/4bdfc6c7-2421-4ce6-8f16-90380d56f6bc_82116032.avif
14 000 TND,Villa S4 a louer a Gammarth,"Gammarth, La Marsa","['4 Pièces', '4 Chambres', '2 Salles de bains']","['Jardin', 'Terrasse', 'Piscine', 'Meublé', 'Antenne parabolique', 'Climatisation', 'Chauffage central', 'Sécurité', 'Double vitrage', 'Porte blindée', 'Cuisine équipée', 'Réfrigérateur', 'Four', 'TV', 'Machine à laver', 'Micro-ondes']","Clé d’Or Immobilier vous propose à la location:  une magnifique villa avec ou sans meubble d’une superficie bâtie de 250 m², implantée dans un environnement calme et résidentiel a Gammarth
La villa est entourée de jardins sur trois côtés et dispose d’un jardin principal d’environ 250 m², agrémenté d’une superbe piscine  offrant un cadre de vie exceptionnel.
L’accès à la villa se fait par une entrée verdoyante menant à un porche et à un hall spa...",https://www.mubawab-media.com/ad/8/316/432F/h/92f77934-8295-4e37-8d07-8d1da16eb1aa_82104685.avif
7 500 TND,Villa S4 a louer à Gammarth,"Gammarth, La Marsa","['4 Pièces', '4 Chambres', '2 Salles de bains']","['Jardin', 'Terrasse', 'Garage', 'Piscine', 'Concierge', 'Climatisation', 'Chauffage central', 'Cuisine équipée']","CLE D'OR IMMOBILIER met a la location :
une magnifique villa idéalement située à Gammarth dans un quartier résidentiel calme, sécurisé et très recherché. 
Au Rez-de-chaussée vous serez accueilli:
Un Grand salon spacieux et très lumineux, ouvert sur la piscine
Un Salon de séjour indépendant
Une Salle d’eau invités
une Cuisine moderne entièrement aménagée
A l' Étage : 
Une Suite parentale avec dressing et salle de bain
3 chambres confortab...",https://www.mubawab-media.com/ad/8/258/949F/h/ccf7cf2f-b913-4b99-b6a6-1c16ac6a503a_81477023.avif
7 000 TND,Appartement S2 avec piscine à louer à Gammarth,"Gammarth, La Marsa","['3 Pièces', '2 Chambres', '2 Salles de bains']","['Jardin', 'Terrasse', 'Garage', 'Ascenseur', 'Piscine', 'Concierge', 'Meublé', 'Façade extérieure', 'Antenne parabolique', 'Climatisation', 'Chauffage central', 'Sécurité', 'Double vitrage', 'Porte blindée', 'Cuisine équipée', 'Réfrigérateur', 'Four', 'TV', 'Machine à laver', 'Micro-ondes', 'Internet']","CLÉ D'OR IMMOBILIER met en location :
Cet appartement meublé  est idéalement situé à Gammarth et offre un cadre de vie confortable et agréable. Il se compose de :
Un Salon lumineux et spacieux 
Une Salle à manger
Une Suite parentale avec salle de bain privée 
Une Suite junior parfaite pour les enfants ou invités.
Une Salle d’eau pour invités
Une Cuisine équipée ouvrant sur une terrasse
Jardin privé avec piscine, parfait pour se relaxer et...",https://www.mubawab-media.com/ad/8/166/085F/h/7fa62dda-b7f4-41c3-bccb-1dff10a0013f_82182599.avif
Prix à consulter,Résidence FLAVA aux Jardin de Carthage,"Les Jardins de Carthage, Le Kram","['Haut standing', 'En cours de construction', 'Livraison:\n\t\t\t\t\t\t\t\t\t\tmars 2028']","['Garage', 'Concierge', 'Façade extérieure', 'Salon européen', 'Antenne parabolique', 'Climatisation', 'Chauffage central', 'Sécurité', 'Double vitrage', 'Porte blindée', 'Cuisine équipée', 'Four']","installée au cœur du prestigieux lotissement résidences du parc, dans le quartier prisé des jardins de carthage, flava résidences vous offre un équilibre parfait entre effervescence urbaine et",https://www.mubawab-media.com/ad/8/146/527F/h/IMG_8819_82215282.avif
1 600 TND,Appartement S2 aux berges du lac 2,"Les Berges Du Lac 2, La Marsa","['90 m²', '3 Pièces', '2 Chambres', '1 Salle de bain']","['Jardin', 'Terrasse', 'Garage', 'Meublé', 'Antenne parabolique', 'Climatisation', 'Chauffage central', 'Sécurité', 'Double vitrage', 'Cuisine équipée', 'Réfrigérateur', 'Four', 'TV', 'Machine à laver', 'Micro-ondes', 'Internet', 'Animaux domestiques autorisés']","Société Mellouli Immobilière met en location un bel appartement situé dans le quartier prisé de les berges du lac 2

Ce bien se compose de :
	•	salon lumineux
	•	cuisine équipée
	•	salle de bain avec baignoire 
	•	2 chambres confortables
	•	2 placards intégrés dans le couloir
	•	1 place de parking réservée

Appartement idéal pour une famille ou un couple recherchant confort et praticité dans un environnement calme et bien desservi",https://www.mubawab-media.com/ad/8/330/436F/h/04408081428022026_tu_tuha3_15001501a0_1024_IMG_1649%20-%20Copie_82252962.avif
3 250 TND,Rez de chaussée de villa s3 meublé,"Aouina, La Marsa","['220 m²', '4 Pièces', '3 Chambres', '2 Salles de bains']","['Terrasse', 'Ascenseur', 'Antenne parabolique', 'Chauffage central']","Ce rez-de-chaussée de villa offre une surface couverte de 220 m² avec une entrée indépendante, y compris pour le garage pour deux place de parking . À l’extérieur, un jardin entoure élégamment le salon jusqu’au garage, créant un cadre verdoyant et agréable.

L’entrée principale s’ouvre sur un salon spacieux, meublé de deux ensembles en bon état. Il est doté d’une baie vitrée donnant sur un balcon avec vue sur le jardin. Grâce à ses quatre ouver...",https://www.mubawab-media.com/ad/8/330/448F/h/42958061803042026_tu_tuha3_1451005700_1024_WhatsApp%20Image%202026-04-03%20at%2018.58.58%20%283%29_82253072.avif
1 050 TND,Appartement S2 a louer,"Aouina, La Marsa","['110 m²', '3 Pièces', '2 Chambres', '1 Salle de bain']","['Terrasse', 'Garage', 'Ascenseur', 'Concierge', 'Antenne parabolique', 'Cheminée', 'Climatisation', 'Chauffage central', 'Sécurité', 'Double vitrage', 'Porte blindée', 'Cuisine équipée']","Cet appartement S2, d’une superficie de 110 m², est situé au troisième étage d’une résidence avec ascenseur.

Il s’ouvre sur un salon spacieux et lumineux, prolongé par un balcon, offrant un espace de vie agréable. La cuisine aménagée, très bien entretenue, dispose d’un séchoir.

La partie nuit se compose de deux chambres à coucher, dont une équipée d’un dressing, se partageant une salle de bain commune.

Idéalement situé dans un quartier p...",https://www.mubawab-media.com/ad/8/324/365F/h/7_82185170.avif
2 300 TND,S2 à Ain Zaghouan Nord,"Ain Zaghouan Nord, La Marsa","['120 m²', '1 Pièce', '2 Chambres', '2 Salles de bains']","['Terrasse', 'Garage', 'Ascenseur', 'Concierge', 'Façade extérieure', 'Salon européen', 'Antenne parabolique', 'Climatisation', 'Chauffage central', 'Sécurité', 'Double vitrage', 'Porte blindée', 'Cuisine équipée', 'Four', 'Animaux domestiques autorisés']","Hexa Real Estate vous propose à la location un appartement S2 occupant me 1er étage d'une résidence sécurisée à Ain Zaghouan Nord.
Salon donnant sur un balcon, cuisine équipée, séchoir, salle d'eau.
Partie nuit: deux chambres à coucher et une salle de bain.
L'appartement est équipé du chauffage central, climatiseurs et dispose d'une place de parking au sous sol",https://www.mubawab-media.com/ad/8/308/091F/h/Design%20sans%20titre%20-%202026-04-03T105105.674_82205585.avif
2 700 TND,S3 avec terrasse à Ain Zaghouan Nord,"Ain Zaghouan Nord, La Marsa","['165 m²', '1 Pièce', '3 Chambres', '2 Salles de bains']","['Terrasse', 'Garage', 'Vue sur mer', 'Piscine', 'Concierge', 'Meublé', 'Façade extérieure', 'Antenne parabolique', 'Climatisation', 'Chauffage central', 'Sécurité', 'Double vitrage', 'Porte blindée', 'Cuisine équipée', 'Four', 'Machine à laver', 'Micro-ondes']","Hexa Real Estate vous propose à la location une appartement S3 avec une grande terrasse situé dans une résidence gardée à Ain Zaghouan Nord.
Spacieux salon donnant sur une grande terrasse, une cuisine équipée, salle d'eau invités, trois chambres à coucher et une salle de bain.
L'appartement est équipé du chauffage central et climatiseurs et dispose d'une place de parking au sous sol",https://www.mubawab-media.com/ad/8/326/362F/h/5_82209328.avif
8 000 TND,Duplex S4 avec piscine aux Berges du Lac 2,"Les Berges Du Lac 2, La Marsa","['240 m²', '5 Pièces', '4 Chambres', '4 Salles de bains']","['Terrasse', 'Meublé', 'Façade extérieure', 'Salon européen', 'Antenne parabolique', 'Climatisation', 'Sécurité', 'Double vitrage', 'Porte blindée', 'Cuisine équipée', 'Réfrigérateur', 'Four', 'TV', 'Machine à laver', 'Micro-ondes', 'Internet', 'Animaux domestiques autorisés']","Emplacement : Les Berges du Lac 2
Superficie : 240 m²
Typologie : S4

Composition :
Découvrez ce magnifique duplex non meublé situé au dernier étage d’une résidence haut standing, sécurisée 24/7, aux Berges du Lac 2. Excellente orientation Vue panoramique sur le lac, sans vis-à-vis.
- Rez de chaussée : Un grand salon lumineux, une salle à manger ouverte, un séjour avec vue directe sur le lac, une cuisine équipée de hotte, plaque, four, micr...",https://www.mubawab-media.com/ad/8/327/024F/h/photo_00_82216469.avif
2 000 TND,À louer Appartement S1 meublé à Marsa Ville,La Marsa,"['65 m²', '1 Chambre', '1 Salle de bain']","['Terrasse', 'Vue sur mer', 'Piscine', 'Meublé', 'Entre-seul', 'Salon européen', 'Antenne parabolique', 'Climatisation', 'Chauffage central', 'Sécurité', 'Double vitrage', 'Porte blindée', 'Cuisine équipée', 'Réfrigérateur', 'Four', 'TV', 'Machine à laver', 'Micro-ondes', 'Internet', 'Animaux domestiques autorisés']","Appartement S1 meublé à Marsa Ville

Emplacement : Marsa ville
Superficie : 65 m²
Typologie : S1
État : meublé
Étage : Rez-de-chaussée

Composition :
Un salon avec balcon
Une cuisine ouverte équipée de hotte, plaque, four, micro-ondes et réfrigérateur
Une chambre à coucher avec dressing
Une salle de douche
Une terrasse

Climatisation : Split-Système",https://www.mubawab-media.com/ad/8/314/993F/h/image_1_82089622.avif
7 500 TND,Duplex S3 meublé avec terrasse vue sur mer,La Marsa,"['4 Pièces', '3 Chambres', '2 Salles de bains']","['Terrasse', 'Garage', 'Climatisation', 'Chauffage central', 'Cuisine équipée']","PHOENIX ESTATES, agence immobilière située à la Marsa, vous propose à la location un duplex meublé avec terrasse à La Marsa.
Il se compose comme suit:
- Au rez-de-chaussée: Un salon-salle à manger, une cuisine équipée avec séchoir, une salle d'eau invitée, deux chambres à coucher avec une salle de bain commune.
-A l'étage: une suite parentale.
-A l'extérieur: une piscine et deux terrasses.",https://www.mubawab-media.com/ad/8/312/219F/h/1_82061083.avif
3 300 TND,Appartement s2 avec terrasse à La Marsa,La Marsa,"['3 Pièces', '2 Chambres', '3 Salles de bains']","['Jardin', 'Terrasse', 'Garage', 'Piscine', 'Climatisation', 'Chauffage central', 'Cuisine équipée', 'Réfrigérateur', 'Four']","La Croisette Immobilière Tunisie vous propose à la location un appartement S2 occupant le rez-de-chaussée d’une résidence gardée à La Marsa.

Ce dernier est composé par un salon-salle à manger donnant sur une terrasse, d'une cuisine fermée aménagée et équipée, d'une salle d'eau invités et de deux suites dont une avec jacuzzi.
L'appartement est équipé du chauffage central et de climatiseurs et dispose d’un cellier et d'une place de parking.

...",https://www.mubawab-media.com/ad/8/205/662F/h/thumb_1151692_property_large_80917401.avif
16 000 TND,A louer une villa de maître au Lac 2,"Les Berges Du Lac 2, La Marsa","['500 m²', '6 Pièces', '6 Chambres', '1 Salle de bain']","['Jardin', 'Terrasse', 'Garage', 'Piscine', 'Façade extérieure', 'Salon européen', 'Antenne parabolique', 'Climatisation', 'Chauffage central', 'Sécurité', 'Double vitrage', 'Porte blindée', 'Cuisine équipée', 'Réfrigérateur', 'Four', 'Internet', 'Animaux domestiques autorisés']","Agence immobilière le Carré 9 vous propose à la location une villa de maitre situé dans un quartier calme et résidentiel aux Berges du Lac 2.
La villa est édifiée sur un terrain de 500m² avec une bâtisse de 510m² sur trois niveaux :

Le RDC se compose d’un grand salon donnant sur la piscine, une cuisine bien équipée avec accès sur une terrasse donnant sur le jardin et la piscine, deux chambres à coucher avec une chambre de dressing et une sall...",https://www.mubawab-media.com/ad/8/141/400F/h/image_1_80494963.avif
4 500 TND,Appartement S3 avec piscine à Gammarth,"Gammarth, La Marsa","['4 Pièces', '3 Chambres', '3 Salles de bains']","['Terrasse', 'Ascenseur', 'Climatisation', 'Chauffage central', 'Sécurité', 'Cuisine équipée', 'Four']","PHOENIX ESTATES, agence immobilière située à La Marsa, vous propose à la location un Appartement situé au rez-de-chaussée d'une résidence R3  à Gammarth.
Il se compose comme suit:
Un salon-salle à manger,  une cuisine équipée ouverte, une salle d'eau invités, une suite parentale, deux chambres à coucher avec une salle de bain.
A l'extérieur: Un jardin, une piscine et une place de parking au sous sol",https://www.mubawab-media.com/ad/8/320/699F/h/gallery_82147487.avif
2 200 TND,S2 en location,"Sidi Daoued, La Marsa","['100 m²', '3 Pièces', '2 Chambres', '1 Salle de bain']","['Jardin', 'Terrasse', 'Garage', 'Chauffage central', 'Cuisine équipée', 'Four']","Appartement S1 à Sidi DaoudL’appartement se compose d’un salon lumineux ouvrant sur une terrasse, ainsi que d’une cuisine moderne entièrement équipée avec séchoir.La partie nuit comprend une chambre à coucher s’ouvrant sur un balcon, ainsi qu’une salle de douche.L’appartement est également équipé de la climatisation et du chauffage central, assurant un confort optimal tout au long de l’année",https://www.mubawab-media.com/ad/8/319/072F/h/gallery_82131943.avif
3 700 TND,Villa en bande en location,"Sidi Daoued, La Marsa","['280 m²', '3 Chambres']","['Jardin', 'Garage', 'Piscine', 'Chambre rangement', 'Entre-seul', 'Climatisation', 'Chauffage central', 'Sécurité', 'Cuisine équipée']","Villa S4 à Sidi DaoudDécouvrez cette splendide villa S4 idéalement située à Sidi Daoud, alliant espace, confort et lumière naturelle. Cette propriété se distingue par son grand jardin verdoyant qui entoure la villa, parfait pour profiter de moments en plein air, et par ses deux places de parking pour votre commodité.La villa offre un salon spacieux et une salle à manger lumineuse, parfaitement orientés pour créer une atmosphère chaleureuse.La cui...",https://www.mubawab-media.com/ad/8/266/545F/h/20251028_122208_81572720.avif
Prix à consulter,Villa à usage d'habitation ou administratif au lac,"Les Berges Du Lac 1, La Marsa","['650 m²', '11 Pièces', '10 Chambres', '5 Salles de bains']","['Terrasse', 'Garage', 'Ascenseur', 'Concierge', 'Façade extérieure', 'Salon européen', 'Antenne parabolique', 'Climatisation', 'Chauffage central', 'Sécurité', 'Double vitrage', 'Porte blindée', 'Cuisine équipée', 'Four']","Cette élégante villa de trois niveaux se distingue par sa polyvalence rare, permettant aussi bien un usage d’habitation qu’une occupation à vocation bureautique.
cette dernière accueille un généreux, open space distribuant 11 pièces spacieuses et modulables pouvant servir de salon, bureaux de direction, salles de réunion ou pièces de vie selon les besoins, une cuisine équipée permet une utilisation quotidienne tant professionnelle que résidentie...",https://www.mubawab-media.com/ad/8/303/376F/h/1%20%2811%29_82066254.avif
1 850 TND,S2 neuf vue dégagée Nouvelle soukra,"Ain Zaghouan Nord, La Marsa","['1100 m²', '3 Pièces', '2 Chambres', '2 Salles de bains']","['Terrasse', 'Garage', 'Ascenseur', 'Concierge', 'Chambre rangement', 'Meublé', 'Salon européen', 'Antenne parabolique', 'Climatisation', 'Chauffage central', 'Double vitrage', 'Porte blindée', 'Cuisine équipée', 'Réfrigérateur', 'Four', 'TV', 'Machine à laver', 'Micro-ondes', 'Internet']","S2 neuf à louer à La Nouvelle Soukra, situé dans une résidence calme et sécurisée. Appartement lumineux avec vue dégagée sans vis-à-vis, deux points d’eau, cuisine équipée et place de parking au sous-sol.
Proche de toutes commodités, idéal pour habitation",https://www.mubawab-media.com/ad/8/272/301F/h/c16175de-195a-4a47-99b5-73e2fbbed299_81633048.avif
3 000 TND,Un Appartement Meublé,"Les Berges Du Lac 2, La Marsa","['180 m²', '1 Pièce', '3 Chambres', '3 Salles de bains']","['Garage', 'Concierge', 'Meublé', 'Salon européen', 'Climatisation', 'Chauffage central', 'Sécurité', 'Cuisine équipée', 'Réfrigérateur', 'Four', 'TV', 'Machine à laver', 'Micro-ondes']","On met a la location un appartement de deux chambres a coucher , suite des parents et salon,  avec place de parking au sous sol  dans un immeuble  r3 situé aux berges du lac 2",https://www.mubawab-media.com/ad/8/332/263F/h/photo_00_82271670.avif
3 000 TND,À Louer Appartement S2 Indépendant au Lac 2,"Les Berges Du Lac 2, La Marsa","['130 m²', '3 Pièces', '2 Chambres', '2 Salles de bains']",['Garage'],"Appartement S2 indépendant au Lac 2, meublé, calme, avec parking
PLAZA IMMO vous invite à découvrir cet appartement, situé au Lac 2.

Présentation de l’appartement – Référence : 10618
Ce bien de 130 m² offre un excellent équilibre entre espaces fonctionnels et confort, avec deux chambres et un salon spacieux idéal pour une vie privée et agréable. Une réelle valeur ajoutée pour un logement bien situé, facilement accessible et parfaitement adap...",https://www.mubawab-media.com/ad/8/332/260F/h/photo_00_82271649.avif
1 150 TND,À louer – S1 neuf avec parking sous sol à La Nouvelle Soukra,"Aouina, La Marsa","['60 m²', '1 Chambre', '1 Salle de bain']",['Garage'],"À louer – S1 neuf avec parking sous-sol à La Nouvelle Soukra

Appartement S1 jamais habité, situé dans une résidence calme et sécurisée à La Nouvelle Soukra.
 • Type : S1
 • État : Neuf (jamais habité)
 • Parking : Place au sous-sol
 • Prix : 1200 DT / mois

 Emplacement : La Nouvelle Soukra
Tel 90309018  55333750  51262715",https://www.mubawab-media.com/ad/8/332/208F/h/dfab85ea-6c8c-49ae-9e5e-df5b448ceff4-1_all_1907_82271085.avif
1 400 TND,"À louer: Appartement S2 neuf, jamais habité • Suite parental...","Aouina, La Marsa","['110 m²', '2 Chambres', '2 Salles de bains']","['Jardin', 'Terrasse', 'Garage', 'Ascenseur', 'Concierge', 'Meublé', 'Façade extérieure', 'Salon européen', 'Antenne parabolique', 'Climatisation', 'Chauffage central', 'Sécurité', 'Double vitrage', 'Porte blindée', 'Cuisine équipée', 'Réfrigérateur', 'Four', 'TV', 'Machine à laver', 'Micro-ondes', 'Internet']","Nouvelle soukra ______
——

À louer : Appartement S2 neuf, jamais habité
 • Suite parentale
 • Cuisine indépendante
 • Place de parking en sous-sol

 Pour plus d’informations ou visite :
90309018  55333750  51262715  56160823",https://www.mubawab-media.com/ad/8/332/147F/h/IMG_7824_82270372.avif
2 000 TND,Excl Apt S4 meublé Neuf Cité wahat pour étranger,"Aouina, La Marsa","['200 m²', '5 Pièces', '4 Chambres', '2 Salles de bains']","['Terrasse', 'Garage', 'Ascenseur', 'Concierge', 'Meublé', 'Façade extérieure', 'Salon européen', 'Antenne parabolique', 'Climatisation', 'Chauffage central', 'Sécurité', 'Double vitrage', 'Porte blindée', 'Cuisine équipée', 'Réfrigérateur', 'Four', 'TV', 'Machine à laver', 'Micro-ondes', 'Internet', 'Animaux domestiques autorisés']","Particulier  Loue à l'année Appartement S4 meublé Neuf haut standing situé au Cité Les Palmeraies l'aouina, 
à proximité du Lac 2 et de l’École Américaine.
Dans une résidence sécurisée et calme avec espace vert et jardin d'enfants. Toutes les commodités sont proches. 
1 Entrée indépendante. 
 1 Grand salon spacieux  terrasse. 
 4 chambres dont 1 suite parentale
 Cuisine équipée  séchoir
 2 salles de bain  salle d’eau séparée  
 Chauffage...",https://www.mubawab-media.com/ad/8/332/148F/h/thumb_1309747_property_large_82270386.avif
3 500 TND,A louer au lac 2 un S2,"La Marsa, La Marsa","['130 m²', '3 Pièces', '2 Chambres', '2 Salles de bains']","['Jardin', 'Terrasse', 'Cheminée']","À louer – Appartement S2 meublé de haut standing au Lac 2

L’agence immobilière RE/MAX Platinum vous propose à la location un appartement S2 entièrement meublé, situé au cœur du Lac 2, dans une résidence de standing offrant sécurité, confort et proximité immédiate des pôles d’activité.

Description du bien :
	•	Espace de vie lumineux comprenant un salon spacieux et une salle à manger
	•	Deux chambres à coucher aménagées avec rangements
	•	...",https://www.mubawab-media.com/ad/8/332/136F/h/IMG_7803_82270292.avif
7 500 TND,A louer une Villa S5 à la marsa,"La Marsa, La Marsa","['600 m²', '5 Pièces', '5 Chambres', '1 Salle de bain']","['Terrasse', 'Garage', 'Ascenseur', 'Concierge', 'Meublé', 'Salon européen', 'Antenne parabolique', 'Cheminée', 'Climatisation', 'Chauffage central', 'Sécurité', 'Double vitrage', 'Porte blindée', 'Cuisine équipée', 'Réfrigérateur', 'Four', 'TV', 'Machine à laver', 'Micro-ondes', 'Internet', 'Animaux domestiques autorisés']","Située au cœur du très recherché quartier de Cité Les Pins, cette villa d’exception incarne l’élégance et le raffinement dans un cadre de vie exclusif.
Déployée sur trois niveaux, la propriété offre des volumes généreux et une luminosité remarquable. Les espaces de réception, sublimés par une cheminée, invitent à la convivialité dans une atmosphère chaleureuse et sophistiquée.
Les suites, véritables havres de paix, conjuguent confort absolu et...",https://www.mubawab-media.com/ad/8/332/127F/h/3_82270161.avif
2 300 TND,A louer S1,"La Marsa, La Marsa","['70 m²', '2 Pièces', '1 Chambre', '1 Salle de bain']","['Terrasse', 'Cuisine équipée']","À louer – Appartement S1 meublé au Lac 2

L’agence immobilière RE/MAX Platinum vous propose à la location un appartement S1 entièrement meublé, idéalement situé au Lac 2, dans un environnement résidentiel recherché.

Caractéristiques :
	•	Salon confortable et lumineux
	•	Chambre à coucher
	•	Cuisine équipée
	•	Salle de bain
	•	Mobilier moderne et fonctionnel

Atouts :
	•	Emplacement stratégique, à proximité des commodités (commerces...",
1 300 TND,Élégance & confort au dernier étage,"Cité Du Stade, La Marsa","['120 m²', '4 Pièces', '3 Chambres', '2 Salles de bains']","['Jardin', 'Terrasse', 'Garage', 'Climatisation', 'Chauffage central', 'Cuisine équipée', 'Animaux domestiques autorisés']","Perché au deuxième et dernier étage d’une résidence familiale, ce magnifique appartement S3 vous offre un cadre de vie harmonieux où espace et luminosité se rencontrent avec raffinement, il se compose d’un vaste salon et salle à manger baigné de lumière naturelle idéal pour recevoir, d’une salle d’eau invités, de trois chambres à coucher confortables pensées pour votre bien-être, d’une salle de bain commune fonctionnelle et élégante, le tout subl...",
1 800 TND,Appartement s2 propre aux lac 2,"Les Berges Du Lac 2, La Marsa","['80 m²', '3 Pièces', '2 Chambres', '1 Salle de bain']","['Terrasse', 'Garage', 'Ascenseur', 'Concierge', 'Façade extérieure', 'Antenne parabolique', 'Climatisation', 'Chauffage central', 'Sécurité', 'Double vitrage', 'Porte blindée', 'Cuisine équipée', 'Animaux domestiques autorisés']","La Méditerranée Immobilière Lac 2 vous propose à la location un appartement S2 au 2eme étage dans une résidence sécurisée et calme situé au Lac 2 . Il se compose d'un salon avec balcon , une cuisine équipée avec un séchoir. La partie nuit deux chambres à coucher avec salle de bain commune. L'appartement est équipé de chauffages centrale et des climatiseurs ainsi qu'une place de parking sous sol",
7 300 TND,Villa s3 avec vue sur mer à La Marsa,La Marsa,"['4 Pièces', '3 Chambres', '3 Salles de bains']","['Jardin', 'Terrasse', 'Garage', 'Vue sur mer', 'Piscine', 'Climatisation', 'Chauffage central', 'Cuisine équipée']","La Croisette Immobilière Tunisie vous propose à la location une villa S3 vue sur mer située dans un quartier résidentiel à la Marsa.

La bâtisse est composée comme suit : 

Au rez-de-chaussée : un grand salon salle à manger donnant sur une terrasse offrant une vue sur mer, une salle d'eau invités, une cuisine aménagée et équipée et une buanderie.

A l’étage : trois chambres à coucher et deux salles de bain.

La villa est équipée du chauff...",
2 000 TND,A louer un appartement S2 à La Marsa,La Marsa,"['2 Pièces', '2 Chambres', '1 Salle de bain']","['Terrasse', 'Garage', 'Cuisine équipée']","Mami Immo met en location un bel appartement S2 situé dans une résidence hyper sécurisée à La Marsa.
Composition :

 Deux suites avec dressings
 Un grand salon lumineux avec balcon
 Cuisine entièrement équipée
 Salle de bain
 Salle d’eau avec douche à l’italienne
 Salle d’eau supplémentaire
 Dressings intégrés partout
 3 climatiseurs

 Place de parking au sous-sol 
 Résidence calme, moderne et très bien sécurisée
 Loyer : 2 100 DT
...",
5 000 TND,Location villa s5 avec piscine,"Cité Du Stade, La Marsa","['300 m²', '6 Pièces', '5 Chambres', '3 Salles de bains']","['Jardin', 'Terrasse', 'Garage', 'Piscine', 'Climatisation', 'Chauffage central', 'Sécurité', 'Double vitrage', 'Porte blindée', 'Cuisine équipée', 'Animaux domestiques autorisés']","On met a la location une belle villa jumelée s5 avec piscine à la marsa cité du stade.
Tel/WhatsApp : 00 216 24 26 88 33",https://www.mubawab-media.com/ad/8/293/639F/h/IMG-20260112-WA0050_81864122.avif
5 500 TND,Rez de chaussée de villa à 1 minute de la mer,La Marsa,"['150 m²', '3 Pièces', '2 Chambres', '2 Salles de bains']","['Jardin', 'Terrasse', 'Piscine', 'Meublé', 'Salon européen', 'Antenne parabolique', 'Climatisation', 'Chauffage central', 'Cuisine équipée', 'Réfrigérateur', 'Four', 'TV', 'Machine à laver', 'Micro-ondes']","À louer à La Marsa, à une minute à pied de la mer, un rez-de-chaussée de villa de charme entièrement rénové, proposé meublé ou vide.

Le bien se compose de :

Deux chambres à coucher

Une salle de bain

Une salle d’eau avec douche

Une cuisine entièrement équipée

Une terrasse

Une piscine

Situé dans un environnement calme et recherché, ce logement offre un cadre de vie agréable à proximité immédiate de la mer et des commodités.
...",https://www.mubawab-media.com/ad/8/271/756F/h/1000143205_81627285.avif
7 500 TND,Villa s3 avec piscine et vue sur mer à La Marsa,La Marsa,"['4 Pièces', '3 Chambres', '2 Salles de bains']","['Jardin', 'Terrasse', 'Garage', 'Piscine', 'Climatisation', 'Chauffage central', 'Cuisine équipée']","La Croisette Immobilière Tunisie vous propose à la location une villa S3 située dans un quartier résidentiel à La Marsa.

La bâtisse se compose d'un grand salon-salle à manger donnant sur le jardin, d'une cuisine aménagée et équipée attenante à une terrasse, d'une salle d'eau invités, de trois chambres à coucher et d'une salle de bain avec hammam et piscine
La villa est équipée du chauffage central et de deux climatiseurs et dispose d'un jardi...",https://www.mubawab-media.com/ad/8/309/559F/h/1_82030314.avif
8 000 TND,Villa s3 avec piscine à La Marsa,La Marsa,"['4 Pièces', '3 Chambres', '3 Salles de bains']","['Jardin', 'Terrasse', 'Garage', 'Piscine', 'Entre-seul', 'Salon européen', 'Climatisation', 'Chauffage central', 'Sécurité', 'Cuisine équipée']","La croisette immobilière Tunisie vous propose à la location une villa meublée S3 avec piscine située dans un quartier résidentiel à La Marsa.
La bâtisse se compose comme suit :
Au rez-de-chaussée : un salon-salle à manger donnant sur le jardin et la piscine et une salle d'eau invités .
A l'étage : une suite parentale avec une terrasse et une suite junior.
Au sous-sol : une cuisine aménagée et équipée, une chambre de service avec salle de d'ea...",https://www.mubawab-media.com/ad/8/319/775F/h/1_82138809.avif
À partir de310 000 TND,"Résidence"" La Régence ""","El Menzah 9, El Menzah","['Haut standing', 'En cours de construction', 'Livraison:\n\t\t\t\t\t\t\t\t\t\tseptembre 2026']","['Jardin', 'Terrasse', 'Garage', 'Piscine', 'Chambre rangement', 'Entre-seul', 'Salon européen', 'Climatisation', 'Chauffage central', 'Cuisine équipée']","""la régence"" est la résidence la plus luxueuse du menzah 9. elle offre à ses résidents un style de vie luxueux et distingué.
les appartements sont bien conçus et profitent pleinement de la lumière du jour",https://www.mubawab-media.com/ad/8/316/886F/h/t%C3%A9l%C3%A9chargement%20%2814%29_82109290.avif
9 500 TND,Villa s5 à La Marsa,La Marsa,"['5 Pièces', '4 Chambres', '4 Salles de bains']","['Terrasse', 'Garage', 'Vue sur mer', 'Concierge', 'Climatisation', 'Chauffage central', 'Sécurité', 'Cuisine équipée', 'Four', 'Internet']","La Croisette Immobilière Tunisie vous propose à la location une villa en S4 de haut standing, située dans un quartier résidentiel à La Marsa. La batisse est érigée sur quatre niveaux et se compose comme suit:

Au rez-de-chaussée : un salon lumineux  donnant sur un jardin, une suite, une cuisine américaine entièrement équipée et une salle d’eau invités.
Au premier étage : une suite parentale et deux autres suites junior. 
Au deuxième étage :...",https://www.mubawab-media.com/ad/8/310/502F/h/1000014238_82245284.avif
2 500 TND,Appartement S2 vue mer a louer,La Marsa,"['100 m²', '3 Pièces', '2 Chambres', '1 Salle de bain']","['Terrasse', 'Garage', 'Ascenseur', 'Meublé', 'Climatisation', 'Chauffage central', 'Réfrigérateur', 'Four', 'Machine à laver']","Un appartement situé au deuxième étage d’une résidence sécurisée et gardée.

D’une belle superficie, il se compose d’un salon lumineux ouvrant sur une terrasse offrant une vue dégagée avec vue sur mer.

La cuisine est aménagée et entièrement équipée, comprenant un four, une plaque de cuisson ainsi qu’une hotte.

La partie nuit comprend deux chambres à coucher équipées de placards intégrés, ainsi qu’une salle de bain commune.

L’appartemen...",https://www.mubawab-media.com/ad/8/261/263F/h/gallery_81504979.avif
2 700 TND,S1 en location,La Marsa,['70 m²'],"['Jardin', 'Terrasse', 'Garage', 'Ascenseur', 'Concierge', 'Meublé', 'Climatisation', 'Chauffage central', 'Sécurité', 'Double vitrage', 'Porte blindée', 'Cuisine équipée', 'Réfrigérateur', 'Four', 'TV', 'Internet']","Cet appartement meublé est situé au deuxième étage d'une résidence avec ascenseur, dans un quartier calme de La Marsa plage.L'entrée s'ouvre sur un salon lumineux, agrémenté d'une terrasse.La cuisine américaine est entièrement équipée et dispose d'espaces de rangement, d'une plaque de cuisson, d'une hotte aspirante, d'un four électrique, d'un réfrigérateur et d'une machine à laver.Elle ouvre sur un séchoir exploitable.La partie nuit comprend une...",https://www.mubawab-media.com/ad/8/319/997F/h/b5105f8e-32ed-4fe1-8509-7cfd92db3e85_82140534.avif
3 500 TND,APPARTEMENT S1 meublé A louer,La Marsa,"['65 m²', '2 Pièces', '1 Chambre', '1 Salle de bain']","['Terrasse', 'Garage', 'Ascenseur', 'Meublé', 'Climatisation', 'Chauffage central', 'Sécurité', 'Porte blindée', 'Cuisine équipée', 'Réfrigérateur', 'Four', 'TV', 'Internet']","Un Appartement S1 meublé situé au rez-de-chaussée d’une résidence à La Marsa, dans un quartier calme et proche des commodités.

L’entrée s’ouvre sur un salon avec un coin café, donnant sur une terrasse gazonnée, offrant un espace extérieur agréable.

La cuisine est américaine, aménagée et équipée (four, plaque de cuisson et réfrigérateur).

La partie nuit comprend une chambre à coucher avec dressings, ainsi qu’une salle de douche à l’italie...",https://www.mubawab-media.com/ad/8/315/339F/h/fcab502f-8412-412e-a752-3077d1f0db8d_82093641.avif
3 500 TND,APPARTEMENT S2 meublé A louer,La Marsa,"['90 m²', '3 Pièces', '2 Chambres', '1 Salle de bain']","['Jardin', 'Terrasse', 'Garage', 'Ascenseur', 'Piscine', 'Meublé', 'Climatisation', 'Chauffage central', 'Porte blindée', 'Cuisine équipée', 'Réfrigérateur', 'Four', 'TV', 'Machine à laver', 'Micro-ondes', 'Internet']","Un appartement S2 meublé situé au deuxième étage d’une résidence à La Marsa Plage, dans un quartier calme et proche des commodités.

L’entrée s’ouvre sur un salon donnant sur un balcon. L’espace bénéficie d’une luminosité naturelle grâce à son ouverture.

La cuisine est américaine, aménagée et équipée (hotte, four, plaque de cuisson  réfrigérateur).

L’espace nuit comprend deux chambres à coucher avec dressings et balcon chacune, ainsi qu’u...",https://www.mubawab-media.com/ad/8/325/762F/h/1000016909_82202926.avif
4 250 TND,"Un triplex en s5 à gammarth, à louer","Gammarth Village, La Marsa","['234 m²', '6 Pièces', '5 Chambres', '4 Salles de bains']","['Jardin', 'Terrasse', 'Garage', 'Piscine', 'Meublé', 'Climatisation', 'Chauffage central', 'Sécurité', 'Double vitrage', 'Porte blindée', 'Cuisine équipée', 'Réfrigérateur', 'Four', 'TV', 'Machine à laver', 'Micro-ondes']","Un triplex avec piscine et ascenseur, d’une superficie de 234 m², est réparti sur trois niveaux et desservi par un ascenseur privatif. Le rez-de-chaussée comprend une entrée indépendante, un salon avec salle à manger ouvrant sur une terrasse, une cuisine aménagée et équipée avec buanderie, ainsi qu’une salle d’eau invités.

Au premier étage, l’espace nuit se compose d’une suite parentale avec dressing et salle de bain équipée d’une cabine de do...",https://www.mubawab-media.com/ad/8/315/647F/h/599c3536-71cc-4ed0-9711-ef556bb23e35_82096832.avif
15 000 TND,Villa S6 Meublée avec piscine à louer à Gammarth,"Gammarth, La Marsa","['600 m²', '9 Pièces', '7 Chambres', '7 Salles de bains']","['Terrasse', 'Vue sur mer', 'Chambre rangement', 'Meublé', 'Climatisation', 'Chauffage central', 'Réfrigérateur', 'Four']","BONACASA vous propose à la location un splendide villa richement meublée sur trois niveaux située dans un quartier résidentiel calme et sécurisée sur les collines de Gammarth
Le rez-de-chaussée se compose d’un double salon spacieux et lumineux, une salle à manger, un séjour, une suite avec son dressing et sa salle d’eau avec une douche à l’italienne et une cuisine en îlot central entièrement équipée.
Le rez-de-jardin abrite un deuxième séjour a...",https://www.mubawab-media.com/ad/8/236/481F/h/thumb_1186596_property_large_81246462.avif
4 500 TND,À louer un duplex S3 meublé,"Gammarth, La Marsa","['100 m²', '3 Pièces', '3 Chambres', '1 Salle de bain']","['Jardin', 'Terrasse', 'Garage', 'Ascenseur', 'Concierge', 'Meublé', 'Façade extérieure', 'Climatisation', 'Chauffage central', 'Sécurité', 'Double vitrage', 'Porte blindée', 'Cuisine équipée', 'Four']","On vous propose à la location un Duplex ( S 3) meublé avec une belle vue sur mer, situé au 1er étage d’une résidence calme et sécurisée à Gammarth Touristique.
Le Duplex est répartis comme suit :
 Au RDC:
 Un salon lumineux avec baie vitrée pour bien admirer la vue sur la mer.
 Une cuisine totalement équipée de plaque, hotte aspirante, four, lave linge, frigo et un petit debarras. 
 Une salle à manger avec petit balcon
 Une salle d’eau invi...",https://www.mubawab-media.com/ad/8/031/682F/h/thumb_968345_property_xlarge_79386785.avif
2 200 TND,A louer S2 a Ain Zaghouan Nord,"Ain Zaghouan Nord, La Marsa","['140 m²', '2 Pièces', '2 Chambres', '2 Salles de bains']","['Garage', 'Ascenseur', 'Vue sur mer', 'Concierge', 'Façade extérieure', 'Climatisation', 'Chauffage central', 'Sécurité', 'Double vitrage', 'Porte blindée', 'Cuisine équipée']","Le Rivage Immobilier vous propose à la location un appartement S2 avec jardin dans une résidence gardée a Ain Zaghouan Nord.
Ce dernier est composé d'un salon salle à manger donnant sur une balcon, d'une cuisine aménagée et équipée attenante à un séchoir, suite parentale, une chambre à coucher avec une salle de bain.
L'appartement est équipé du chauffage central et de climatiseurs et dispose d’une place de parking",https://www.mubawab-media.com/ad/8/303/334F/h/e93649a7-3deb-407d-bfda-6f06b2487cba_81967013.avif
3 000 TND,Spacieux appartement s plus 3 vue lac,"Les Berges Du Lac 2, La Marsa","['150 m²', '4 Pièces', '3 Chambres', '3 Salles de bains']","['Terrasse', 'Garage', 'Concierge', 'Meublé', 'Façade extérieure', 'Salon européen', 'Climatisation', 'Chauffage central', 'Sécurité', 'Double vitrage', 'Porte blindée', 'Cuisine équipée', 'Réfrigérateur', 'Four', 'TV', 'Machine à laver', 'Micro-ondes']","A louer en exclusivité un spacieux appartement s plus 3 aux berges du lac 2.
ce dernier se compose d'un vaste salon, salle à manger avec une vue dégagée sur le lac, un cuisine équipée avec séchoir, une salle d'eau d'invités, deux chambres à coucher, une suite parentale et une salle de bain commune.
cet appartement dispose aussi d'un chauffage central, des climatiseurs en split et une place de parking sous sol",https://www.mubawab-media.com/ad/8/243/298F/h/118401684_329267018286917_430226615031516137_n_81973794.avif
4 000 TND,S3 meublé vue mer à La Mrasa PLage,La Marsa,"['4 Pièces', '3 Chambres', '2 Salles de bains']","['Terrasse', 'Vue sur mer', 'Piscine', 'Climatisation', 'Chauffage central', 'Double vitrage', 'Cuisine équipée', 'Four']","A louer un appartement S3 meublé doté d'une belle terrasse vue mer dégagée située dans une belle résidence au coeur de La Mrasa Page.
Comprend :
un spacieux salon ouvrant sur une terrasse vue mer dégagée
une suite parentale
2 chambres à coucher
une salle de bain
une cuisine équipée
Parking sous sol disponible.
Loyer : 4000 DT",https://www.mubawab-media.com/ad/8/320/444F/h/PSauWsOhV6NJey2m-thumb_82144839.avif
Prix à consulter,Une Villa vue mer à louer,La Marsa,"['200 m²', '3 Pièces', '3 Chambres', '3 Salles de bains']","['Terrasse', 'Garage', 'Ascenseur', 'Concierge', 'Climatisation', 'Chauffage central', 'Cuisine équipée']","Century 21 Prestige vous propose à la Location cette Villa indépendante neuve et jamais habitée, vue sur mer, en S3 située dans un quartier très prisé à la Marsa Corniche.
Elle se compose comme suit :
 Au RDC
 - Un Salon, Salle à manger
 - Une cuisine équipée semi ouverte
 - Une salle d'eau pour les invités
 - Deux chambres à coucher avec Dressing ouvrant sur la terrasse et piscine
 - Salle de bain commune
 Au 1er étage
 - Suite parenta...",https://www.mubawab-media.com/ad/8/215/788F/h/a4ajf2MowktRzDQA-thumb_81024913.avif
1 500 TND,Un S1 à Louer,"Les Berges Du Lac 1, La Marsa","['44 m²', '2 Pièces', '1 Chambre', '1 Salle de bain']","['Terrasse', 'Garage', 'Ascenseur', 'Vue sur mer', 'Concierge', 'Sécurité', 'Double vitrage', 'Porte blindée']","Century 21 Prestige vous propose en Exclusivité à la Location cet appartement en S1 d'une superficie totale de 44m² dans une résidence calme et gardée à Les Berges Du Lac 1.
 Il se compose comme suit. 
-Un salon avec balcon
 -Une cuisine indépendante
 -Une salle de bain
 -Une chambre à coucher
 -Place de parking au sous-sol 
Pour plus d’informations ou pour organiser une visite, contactez nous",https://www.mubawab-media.com/ad/8/325/903F/h/1669aaff-4175-4981-a3a2-3c45227cd460_82204008.avif
2 800 TND,S3 avec vue sur lac,"Les Berges Du Lac 1, La Marsa","['4 Pièces', '3 Chambres', '3 Salles de bains']","['Terrasse', 'Garage', 'Vue sur mer', 'Climatisation', 'Chauffage central', 'Sécurité', 'Cuisine équipée']","Neptune Immo votre agence immobilière située à la marsa vous propose à la location un magnifique appartement de type s3 au berges du lac 1.
Situé dans un quartier très demandé avec vue directe sur le lac, l’appartement (3eme étage avec ascenseur) est composé comme suit :
-Un salon avec grand balcon qui donne sur le lac de Tunis 
-Une cuisine avec séchoir 
-Une salle d’eau invités 
-Deux chambres avec placards 
-Une salle de bain commune 
-...",https://www.mubawab-media.com/ad/8/297/984F/h/1_81909646.avif
4 000 TND,Appartement s4 vue sur lac aux Berges du Lac2,"Les Berges Du Lac 2, La Marsa","['5 Pièces', '4 Chambres', '3 Salles de bains']","['Terrasse', 'Meublé', 'Climatisation', 'Chauffage central', 'Cuisine équipée']","La Croisette Immobilière Tunisie vous propose à la location un appartement S4 occupant le troisième étage d’une résidence gardée aux Berges du Lac 2.
Ce dernier est composé d'un salon-salle à manger donnant sur un balcon, d'une cuisine aménagée et équipée attenante à un séchoir, d’une salle d'eau invités, d'une suite, de trois chambres à coucher dont une avec balcon vue sur lac et une salle de bain.
L'appartement est équipé du chauffage central...",https://www.mubawab-media.com/ad/8/324/063F/h/1_82181744.avif
3 700 TND,Duplex meublé s2 avec terrasse à Gammarth,"Gammarth, La Marsa","['181 m²', '3 Pièces', '2 Chambres', '2 Salles de bains']","['Terrasse', 'Meublé', 'Climatisation', 'Chauffage central', 'Cuisine équipée']","La Croisette immobilière Tunisie vous propose à la location un duplex meublé S2 avec terrasse occupant le premier étage d'une résidence gardée à Gammarth supérieur.

Ce dernier est composé comme suit :
Au rez-de-chaussée : un salon, une cuisine ouverte aménagée et équipée et une salle d'eau avec douche.
A l'étage : deux chambres à coucher dont une avec terrasse et une salle de bain.
Le duplex est équipé du chauffage central et de climatiseur...",https://www.mubawab-media.com/ad/8/332/112F/h/1_82269943.avif
5 000 TND,Duplex d’Exception avec Vue Panoramique sur Mer,"La Marsa, La Marsa","['300 m²', '4 Pièces', '3 Chambres', '2 Salles de bains']","['Garage', 'Ascenseur', 'Concierge', 'Salon européen', 'Climatisation', 'Chauffage central', 'Sécurité', 'Double vitrage', 'Cuisine équipée', 'Four', 'Micro-ondes']","Offrez-vous un art de vivre raffiné dans ce somptueux duplex S3 richement meublé niché au cœur d’un quartier résidentiel sécurisé à quelques pas de la plage et des commodités, dès l’entrée un espace de vie généreux et baigné de lumière vous accueille avec un salon et une salle à manger élégants s’ouvrant sur une terrasse ensoleillée, complété par une cuisine moderne entièrement équipée et une salle d’eau invités avec douche à l’italienne, à l’éta...",https://www.mubawab-media.com/ad/8/332/066F/h/photo_00_82269524.avif
3 200 TND,Location s3 à les berges du lac2,"Les Berges Du Lac 2, La Marsa","['161 m²', '3 Chambres', '2 Salles de bains']","['Jardin', 'Garage', 'Vue sur mer', 'Salon européen', 'Climatisation', 'Chauffage central', 'Sécurité', 'Porte blindée', 'Cuisine équipée', 'Réfrigérateur', 'Four', 'Machine à laver', 'Micro-ondes', 'Internet', 'Animaux domestiques autorisés']","À Louer : 
Appartement S3  aux Berges du Lac 2 dans une résidence R2
Empalement : Les Berges du lac 2
Superficie : 162m² 
Typologie : S3
État : vide

Composition : 
️Un salon 
️Une cuisine équipée de hotte, plaque, four et micro-ondes 
️Un séchoir 
️Triis chambres à coucher avec dressings
️Une salle de bain

Climatisation : tmdeix climatisseurs 
Chauffage central 

Une place de parking au sous-sol 

Loyer :  3200 Dinars / Mois 


️Pour plus d'in...",https://www.mubawab-media.com/ad/8/291/847F/h/618769017_1224573222367032_8802812041418957785_n_81841729.avif
6 000 TND,Un appartement s3 avec jardin à la marsa,"La Marsa, La Marsa","['300 m²', '4 Pièces', '3 Chambres', '1 Salle de bain']","['Jardin', 'Terrasse', 'Garage', 'Concierge', 'Climatisation', 'Chauffage central', 'Sécurité', 'Double vitrage', 'Porte blindée', 'Cuisine équipée', 'Four', 'Animaux domestiques autorisés']","À louer – Appartement S3 vue mer avec jardin à La Marsa

À louer un appartement S3 bénéficiant d’une vue mer et d’un jardin privatif, idéalement situé à La Marsa.

Il se compose de :

Un salon lumineux ouvrant sur le jardin

Une suite parentale avec salle de bain

Deux chambres à coucher avec salle de douche

Une salle d’eau pour invités

Une cuisine avec chambre de bonne

 Loyer : 6 000 DT

Contacter agence villa ( agence immob...",https://www.mubawab-media.com/ad/8/300/284F/h/624079044_2646949832352352_3541131762043333015_n_81935433.avif
3 900 TND,A louer triplex s4 a ain zaghouan nord,"Ain Zaghouan Nord, La Marsa","['320 m²', '5 Pièces', '4 Chambres', '3 Salles de bains']","['Terrasse', 'Ascenseur', 'Concierge', 'Façade extérieure', 'Salon européen', 'Antenne parabolique', 'Climatisation', 'Chauffage central', 'Sécurité', 'Double vitrage', 'Porte blindée', 'Cuisine équipée', 'Four']","A louer triplex S4 vide, situé dans un quartier calme d’Ain Zaghouan Nord, juste derrière Carrefour.
Le bien offre un salon-salle à manger lumineux donnant sur un grand jardin privé.
Il comprend une suite parentale ainsi que trois chambres avec dressings.
Un rez-de-jardin aménageable complète l’ensemble, avec une chambre supplémentaire, idéal pour un bureau, une salle de sport ou un espace de loisirs.
Le logement est équipé d’une cuisine fonc...",https://www.mubawab-media.com/ad/8/332/065F/h/photo_00_82269488.avif
1 000 TND,Location s1 à sidi daoued,"Sidi Daoued, La Marsa","['75 m²', '1 Chambre', '1 Salle de bain']","['Terrasse', 'Vue sur mer', 'Meublé', 'Climatisation', 'Chauffage central', 'Sécurité', 'Double vitrage', 'Porte blindée', 'Cuisine équipée', 'Réfrigérateur', 'Four', 'TV', 'Machine à laver', 'Micro-ondes']","A louer un appartement dans une résidence sécurisée à sidi daoued la marsa
L'appartement se compose :
* un salon avec balcon 
*une salle de bain 
* une cuisine équipée indépendante avec un séchoir 
* une chambre avec dressing 
Climatisation et chauffage central",https://www.mubawab-media.com/ad/8/332/061F/h/4aa16c77-d6d7-4613-a324-5cc49465c341_82269469.avif
5 000 TND,Duplex S3 Meublé vue mer à louer au coeur de Marsa,"La Marsa, La Marsa","['350 m²', '4 Pièces', '3 Chambres', '2 Salles de bains']",['Meublé'],"BONACASA vous propose à la location un joli duplex richement meublé situé dans un quartier résidentiel sécurisé, à proximité de la plage et de toutes commodités à usage d’habitation ou pour une sous location en Rbnb.
Le rez-de-chaussée se compose d’un salon/salle à manger spacieux et lumineux donnant sur une terrasse, une cuisine entièrement équipée et une salle d’eau invités avec une douche à l’italienne.
L’étage abrite trois chambres à couche...",https://www.mubawab-media.com/ad/8/332/003F/h/thumb_1309104_property_large_82269035.avif
6 500 TND,Location appartement meublé S 3 marsa plage,"La Marsa, La Marsa","['200 m²', '3 Pièces', '3 Chambres', '1 Salle de bain']","['Terrasse', 'Garage', 'Ascenseur', 'Concierge', 'Façade extérieure', 'Climatisation', 'Chauffage central', 'Sécurité', 'Double vitrage', 'Porte blindée', 'Cuisine équipée', 'Four']","On vous propose à la location un appartement d’exception neuf, luxueux et finement meublé, idéalement situé en première ligne de mer à La Marsa.
Ce bien rare offre Un spacieux salon baigné de lumière avec espace salle à manger,Trois suites élégantes, chacune avec sa salle de bain,Une salle d’eau invités,
Une cuisine moderne entièrement équipée",https://www.mubawab-media.com/ad/8/331/979F/h/WhatsApp%20Image%202026-03-30%20at%2013.07.31%20%289%29_82268854.avif
3 600 TND,A LOUER Appartement S4 à Les berges du lac 2,"Les Berges Du Lac 2, La Marsa","['220 m²', '5 Pièces', '4 Chambres', '3 Salles de bains']","['Terrasse', 'Garage', 'Sécurité', 'Cuisine équipée']","Cet appartement S4 est situé aux Berges du Lac 2. Dès l’entrée, vous serez accueilli par un salon lumineux grâce à son ouverture sur un balcon. La cuisine est équipée d’éléments de rangement, d’une hotte, d’une plaque et d’un four avec séchoir. Une salle d'eau pour les invités est également disponible. La partie nuit se compose de quatre chambres à coucher dont une suite parentale. Une salle de bain est également disponible.

L’appartement disp...",https://www.mubawab-media.com/ad/8/315/649F/h/thumb_1292540_property_xlarge_82096808.avif
