PRICE,TITLE,LOCATION,DETAILS,FEATURES,DESCRIPTIONS,IMAGE
Prix à consulter,Appartement à La Perle du Lac,"La Perle du Lac 1, La Marsa","['287 m²', '4 Pièces', '3 Chambres', '2 Salles de bains']","['Jardin', 'Climatisation', 'Chauffage central']","Situé dans le prestigieux quartier du Lac de Tunis, GAIA est un projet résidentiel de standing supérieur qui incarne l’élégance contemporaine et le confort absolu. Niché dans l’un des emplacements les plus prisés de la capitale, il offre un cadre de vie exclusif où modernité et raffinement se rencontrent harmonieusement.

Des appartements d’exception

GAIA propose une sélection d’appartements haut de gamme, du S+1 aux somptueux penthouses, to...",
235 000 TND,"Appartement S1 à Cité Les Wahat, L’Aouina","Aouina, La Marsa","['68 m²', '2 Pièces', '1 Chambre', '1 Salle de bain']","['Terrasse', 'Garage', 'Ascenseur', 'Concierge', 'Façade extérieure', 'Antenne parabolique', 'Climatisation', 'Chauffage central', 'Sécurité', 'Double vitrage', 'Porte blindée', 'Cuisine équipée', 'Four']","Société Mellouli Immobilière vous propose à la vente un appartement S1 situé dans une résidence sécurisée et bien entretenue à Cité Les Wahat, L’Aouina.

D’une superficie de 69 m², le bien se compose de :
– Un séjour lumineux donnant sur un balcon
– Une cuisine américaine ouverte sur le salon
– Une chambre à coucher avec dressing
– Une salle de bain équipée d’une douche à l’italienne
– Deux climatiseurs

Une place de parking au sous-sol...",
500 000 TND,Appartement S3 à ain Zaghouan,"Ain Zaghouan Nord, La Marsa","['156 m²', '4 Pièces', '3 Chambres', '2 Salles de bains']","['Terrasse', 'Garage', 'Ascenseur', 'Concierge', 'Façade extérieure', 'Salon européen', 'Antenne parabolique', 'Climatisation', 'Chauffage central', 'Sécurité', 'Double vitrage', 'Porte blindée', 'Cuisine équipée', 'Four']","Société Mellouli immobilière met à la vente un appartement S3 à ain Zaghouan derrière maison hyndai dans une résidence calme et sécurisée
- salon avec balcon 
- cuisine agencée et équipée avec séchoir
- salle d'eau pour invités
- deux chambres à coucher avec dressing
- suite parentale
- salle de bain commune 

L'appartement est doté de la climatisation en Split et du chauffage central",
390 000 TND,"Appartement S1 RDC à vendre, Résidence MALAGA 2 La Marsa","Cité Les Pins, La Marsa","['68 m²', '2 Pièces', '1 Chambre', '1 Salle de bain']","['Jardin', 'Terrasse', 'Ascenseur', 'Concierge', 'Façade extérieure', 'Climatisation', 'Chauffage central', 'Sécurité', 'Double vitrage', 'Porte blindée', 'Cuisine équipée', 'Four']","Projet exclusivement Résidentiel dénommé ""MALAGA 2"", mitoyen à La Résidence Malaga, en face de Cité Les Pins, La Marsa.
Opportunités d'achat d'appartements de type S1 / S2 / S3.",
387 000 TND,"S2 de 99,92m² et une terrasses de 10.50m²","Ain Zaghouan Nord, La Marsa","['110 m²', '1 Pièce', '2 Chambres', '2 Salles de bains']","['Terrasse', 'Ascenseur', 'Antenne parabolique', 'Climatisation', 'Chauffage central', 'Sécurité', 'Double vitrage', 'Porte blindée', 'Cuisine équipée', 'Four']","Affaire à saisir pour cet appartement à vendre. 2 pièces, 1 salle de bains, . Revêtement: Marbre.

Cet appartement est en vente à Ain Zaghouan . Parfaitement équipé avec porte blindée et chauffage central. Terrasse.

Contactez-nous si vous êtes intéressé par cet appartement. Résidence sécurisée. Climatisation. Cuisine entièrement équipée",
2 350 000 TND,"Villa S4 avec jardin, Gammarth supérieur","Gammarth Supérieur, La Marsa","['500 m²', '5 Pièces', '4 Chambres', '4 Salles de bains']","['Jardin', 'Terrasse', 'Garage', 'Vue sur les montagnes', 'Chambre rangement', 'Entre-seul', 'Climatisation', 'Chauffage central', 'Sécurité']","La villa est située dans un quartier résidentiel à Gammarth supérieur.

Le rez-de-chaussée s’ouvre sur un salon, une salle à manger, une cuisine, une salle d’eau pour les invités et une chambre de service.

L’étage abrite quatre chambres à coucher dont deux donnent sur un balcon et deux salles de bain. Il est complété par un terrasse offrant une vue dégagée.

Le sous-sol se compose d'une aire de jeu pour enfant, d'un débarras, d'une kitchen...",
1 450 000 TND,"Villa S5 avec jardin, La Marsa","Cité des Juges, La Marsa","['260 m²', '5 Pièces', '4 Chambres', '5 Salles de bains']","['Jardin', 'Terrasse', 'Garage', 'Concierge', 'Chauffage central']","La villa est située dans un quartier résidentiel à La Marsa et bénéficie d’un emplacement d’angle, offrant plus d’espace et de luminosité.

Le rez-de-chaussée s’ouvre sur un salon, une cuisine, une chambre à coucher, une salle de bain et une salle d’eau.

L’étage abrite une suite parentale avec sa salle de bain, donnant sur un balcon, ainsi que trois chambres à coucher, une salle d’eau avec douche et une salle d’eau.

À l’extérieur, on trou...",https://www.mubawab-media.com/ad/8/314/479F/h/WhatsApp%20Image%202026-03-09%20at%2013.37.42%20%286%29_82084170.avif
À partir de310 000 TND,"Résidence"" La Régence ""","El Menzah 9, El Menzah","['Haut standing', 'En cours de construction', 'Livraison:\n\t\t\t\t\t\t\t\t\t\tseptembre 2026']","['Terrasse', 'Garage']","""la régence"" est la résidence la plus luxueuse du menzah 9. elle offre à ses résidents un style de vie luxueux et distingué.
les appartements sont bien conçus et profitent pleinement de la lumière du jour",https://www.mubawab-media.com/ad/8/328/347F/h/thumb_1305914_property_large_82230815.avif
390 000 TND,Duplex s3 ain zaghouan nord,"Ain Zaghouan Nord, La Marsa","['200 m²', '3 Pièces', '3 Chambres', '1 Salle de bain']","['Garage', 'Ascenseur', 'Concierge', 'Chambre rangement', 'Entre-seul', 'Salon européen', 'Antenne parabolique', 'Climatisation', 'Chauffage central', 'Sécurité', 'Double vitrage', 'Porte blindée', 'Cuisine équipée']","On vous propose à la vente un duplex (S3) de 200m2 couvert et 31 m2 de terrasse avec garage situé au Rez-de-chaussée d’une résidence calme et sécurisée à Ain Zaghouan Nord.
Titre individuel 
Prix: 390000 dt

Pour avoir plus d’informations veuillez prendre contact avec notre agent immobilier sur le 50 301 033 OU 51 061 006",https://www.mubawab-media.com/ad/8/308/827F/h/Panorama3_82022652.avif
490 347 TND,Superbe Dulpexe à vendre à La marsa Bhar Lazrek,"Bhar Lazreg, La Marsa","['140 m²', '4 Pièces', '3 Chambres', '2 Salles de bains']","['Garage', 'Climatisation', 'Chauffage central', 'Cuisine équipée']","Opéra Garden est votre nouvelle résidence de haut standing sise à La Marsa – Bhar Lazrek.
Erigée en R+2 avec un sous-sol, elle est située à 750m de l’hypermarché Carrefour.


Le projet se compose de 5 blocs et la remise des clés de la 2ème tranche du projet est prévu pour la fin du mois de juillet 2025 dont des :

- S+1
- S+2
- S+3
- Duplex types (S+2) et (S+3)

La résidence dispose également d’une salle de jeux au sous-sol. Pensée pou...",https://www.mubawab-media.com/ad/8/328/287F/h/7_82229709.avif
Prix à consulter,A louer un appartement en s3 au lac 1,"Les Berges Du Lac 1, La Marsa","['160 m²', '4 Pièces', '3 Chambres', '2 Salles de bains']","['Terrasse', 'Garage', 'Piscine', 'Cuisine équipée']","CENTURY 21 BARROS LAC 2 vous propose pour la location un appartement en s3 de 160 m² 

Il se compose:
– Un salon
– Une cuisine équipée
– Deux chambres a coucher
– Une salle de bain
– Une suite parentale
– Une place parking au sous sol

Contactez nous dès aujourd’hui pour obtenir plus d’informations et planifier une visite sur place.

 Tél / WhatsApp : 216 23 024 000  Email : sb@century21.tn",https://www.mubawab-media.com/ad/8/322/211F/h/thumb_742306_property_xlarge_82162796.avif
1 800 000 TND,Appartement de luxe S3 à vendre aux Berges du Lac 2,"Les Berges Du Lac 2, La Marsa","['300 m²', '3 Chambres']","['Jardin', 'Terrasse', 'Garage', 'Piscine', 'Antenne parabolique', 'Climatisation', 'Chauffage central', 'Sécurité', 'Double vitrage', 'Porte blindée', 'Cuisine équipée']","NEWKEY Lac 2 propose à la vente un appartement de luxe moderne avec piscine et vue dégagée, situé dans l'une des plus belles résidences de la zone. Ce bien de très haut standing se compose d'un salon-salle à manger qui donne sur la piscine, une grande terrasse, une cuisine entièrement équipée avec îlot central et ouverte sur le salon , une salle d'eau et trois suites avec dressing-room et salle de bain avec jacuzzi. L'appartement dispose de deux...",https://www.mubawab-media.com/ad/8/322/264F/h/thumb_1299320_property_xlarge_82163620.avif
1 555 000 TND,Vente Villa Jumelée sur la Route du Relais,"Gammarth, La Marsa","['250 m²', '5 Pièces', '4 Chambres', '3 Salles de bains']","['Terrasse', 'Garage', 'Ascenseur', 'Climatisation', 'Chauffage central', 'Cuisine équipée']","Confort Immo vous propose à la vente une somptueuse villa jumelée, idéalement située sur la très prisée Route du Relais, offrant un cadre de vie exclusif alliant élégance, confort et sérénité.

Édifiée sur un terrain de 285 m² avec une superficie bâtie de 250 m², cette propriété séduit par ses volumes généreux, sa luminosité naturelle et ses finitions soignées.

* Rez-de-chaussée :
- Un vaste espace de réception baigné de lumière, comprenant...",https://www.mubawab-media.com/ad/7/941/228F/h/f35f0233-d08e-4d17-9d47-4c5366a2beca_GF_77420526.avif
400 000 TND,Appart S3 Lambert à Vendre à L'Aouina,"Aouina, La Marsa","['150 m²', '4 Pièces', '3 Chambres', '2 Salles de bains']","['Jardin', 'Garage', 'Concierge', 'Façade extérieure', 'Antenne parabolique', 'Climatisation', 'Chauffage central', 'Sécurité', 'Double vitrage', 'Porte blindée', 'Cuisine équipée', 'Four']","Un appart S3 au 2 éme étage situé dans une résidence avec  ascenseur à L'Aouina. A l'entrée, on trouve un salon avec balcon , une cuisine équipée avec séchoir ,une salle d'eau,  3 chambres à coucher, une salle de bain et une place de parking au sous-sol",https://www.mubawab-media.com/ad/8/243/703F/h/5_81319820.avif
Prix à consulter,S1 avec jardin a vendre sur plan,"Aouina, La Marsa","['60 m²', '2 Pièces', '1 Chambre', '1 Salle de bain']","['Garage', 'Piscine', 'Climatisation', 'Chauffage central', 'Double vitrage', 'Porte blindée', 'Cuisine équipée', 'Réfrigérateur', 'Four', 'Micro-ondes']","Sarah immo vous propose un appartement S1 dans une résidence en cours de construction située à cité wahat l’Aouina dans un emplacement stratégique. 
- Superficie bâtie : 60,4 m2 
- Superficie Jardin : 20 m2 

- Pour plus d’informations veuillez me contacter au 00216 50509324",https://www.mubawab-media.com/ad/8/322/021F/h/7ee21a91-4d00-4aa8-b5b3-a658712ee2f6_GF_82160941.avif
625 200 TND,Joli appartement à vendre s2,"Ain Zaghouan Nord, La Marsa","['124 m²', '3 Pièces', '2 Chambres', '2 Salles de bains']",['Terrasse'],"Résidence WAVE – Plus qu’une adresse, une véritable signature architecturale.
Située au cœur d’Ain Zaghouan Nord, la Résidence WAVE se distingue par son élégance et
son concept novateur “appart hôtel”, alliant confort, modernité et prestations haut de gamme.
Cette résidence 100 % résidentielle, composée d’un rez-de-chaussée et de quatre étages, offre
une architecture d’exception avec des façades inspirées des vagues et des finitions raffinées...",https://www.mubawab-media.com/ad/8/012/405F/h/5d87ba7a-4c1b-4846-9bc3-3c052748aa1f_GF_78988555.avif
350 000 TND,Appart S2 Manissa à vendre à L'Aouina,"Aouina, La Marsa","['124 m²', '3 Pièces', '2 Chambres', '1 Salle de bain']","['Terrasse', 'Garage', 'Entre-seul', 'Climatisation', 'Chauffage central', 'Cuisine équipée']","Appart S2 d'une superficie de 124 m², situé au 4 éme étage d'une résidence à l'Aouina. A l'entrée, on a un salon avec balcon, cuisine équipé avec séchoir, suite parentale, une chambre  et  une salle de bain avec douche à l'Italienne",https://www.mubawab-media.com/ad/8/212/280F/h/a32987bb-c58f-44df-90c0-cf8e788b82ca_GF_80987155.avif
1 500 000 TND,Duplex Affascinante à Vendre Aux Berges du lac2,"Les Berges Du Lac 2, La Marsa","['312 m²', '4 Pièces', '3 Chambres', '4 Salles de bains']","['Terrasse', 'Garage', 'Climatisation', 'Chauffage central', 'Cuisine équipée']","Un Duplex de charme dans une résidence de très haut standing situé aux berges du lac 2.
A l’entrée on a un grand salon avec balcon, une cuisine équipée avec séchoir et une salle d’eau pour les invités. A l’étage on trouve 3 suites parentales donnant sur un grand balcon. On a 2 places de parking et un cellier.",https://www.mubawab-media.com/ad/8/028/166F/h/d6a11579-1f2a-49e6-9c88-9c108eff36b9_GF_79140235.avif
500 000 TND,Appart S2 Merina à vendre au Lac 1,"Aouina, La Marsa","['120 m²', '3 Pièces', '2 Chambres', '1 Salle de bain']","['Jardin', 'Terrasse', 'Garage']","Appart S2 d’une superficie 112m², situé au Lac 1 . A l’entré on a un grand salon avec balcon, deux chambre , une cuisine équipée avec séchoir et une salle de bain. De plus, l’Appart dispose: climatisation, chauffage centrale et une place parking",https://www.mubawab-media.com/ad/8/095/471F/h/IMG-20250212-WA0046_GF_79802876.avif
900 000 TND,Villa Kenan à Vendre à Sidi Daoud,"Sidi Daoued, La Marsa","['600 m²', '4 Pièces', '3 Chambres', '2 Salles de bains']","['Jardin', 'Terrasse', 'Piscine', 'Chambre rangement', 'Entre-seul', 'Cuisine équipée']","Une Villa sur un terrain d’une superficie de 600m², couvert 200m², Façade 20m et profondeur 30m, situé à  Sidi Daoud, La Marsa. Au RDJ, on a un studio. Au RDC, on a un salon, une cuisine, 3 chambres à coucher, une salle d'eau et une salle de bain. A L’extérieur, on a un jardin, une terrasse et un garage . Pour tous les renseignements, Contacter l’agent sur le .",https://www.mubawab-media.com/ad/7/830/273F/h/Capture%20d%E2%80%99e%CC%81cran%202026-02-03%20a%CC%80%2010.41.17%20AM_82023089.avif
2 100 000 TND,"Villa Clarise à Vendre à Sidi Daoued, La Marsa","Sidi Daoued, La Marsa","['750 m²', '9 Pièces', '7 Chambres', '3 Salles de bains']","['Jardin', 'Terrasse', 'Garage', 'Piscine', 'Concierge', 'Antenne parabolique', 'Climatisation', 'Chauffage central', 'Sécurité', 'Double vitrage', 'Porte blindée', 'Cuisine équipée']","Une Villa nichée avec piscine sur un terrain d’une superficie de 520 m², située dans un quartier résidentiel au cœur de Sidi Daoued, La Marsa. Au Sous-sol, On trouve une chambre de service, une cuisine, un vaste espace de jeu, un hammam traditionnel et une salle de douche. Au RDC, On a un spacieux salon avec 3 espaces de vie, un grand séjour s'ouvre sur une terrasse et une piscine, une cuisine équipée avec séchoir donne sur un jardin, un débarras...",https://www.mubawab-media.com/ad/8/185/297F/h/WhatsApp%20Image%202025-07-21%20%C3%A0%2012.16.26_d64925b0_80715010_80715117.avif
Prix à consulter,Agréable Duplex S3 à vendre,"Ain Zaghouan Nord, La Marsa","['241 m²', '3 Pièces', '3 Chambres', '3 Salles de bains']","['Garage', 'Ascenseur', 'Concierge', 'Chambre rangement', 'Salon européen', 'Antenne parabolique', 'Climatisation', 'Chauffage central', 'Sécurité', 'Double vitrage', 'Porte blindée', 'Cuisine équipée']","Opportunité unique pour cet appartement à vendre. 3 pièces, 3 salles de bains, surface 173 m² avec jardin 68m², 3 chambres à coucher. Nouveau.

Venez découvrir cet appartement à vendre à Ain Zaghouan Nord. Grande piscine. Sécurité.

Contactez-nous pour visiter cet appartement à vendre. Superbe terrasse. Isolation sonore avec double vitrage",https://www.mubawab-media.com/ad/8/311/568F/h/Rendu%20livingroom01_82051725.avif
Prix à consulter,Bel appartement de 73m² à vendre à Aouina,"Aouina, La Marsa","['73 m²', '2 Pièces', '1 Chambre', '1 Salle de bain']","['Garage', 'Ascenseur', 'Piscine', 'Concierge', 'Chambre rangement', 'Salon européen', 'Antenne parabolique', 'Climatisation', 'Chauffage central', 'Sécurité', 'Double vitrage', 'Porte blindée', 'Cuisine équipée']","Située dans le quartier stratégique et dynamique de Wahat Aouina, à seulement 10 minutes de l’aéroport et à proximité immédiate du Lac 2, Tunisia Mall, Carrefour La Marsa et de nombreuses commodités, la Résidence Les Colombes vous offre un cadre de vie exceptionnel, à la fois pratique et élégant.

Cette résidence moderne se distingue par :

Deux niveaux de parking en sous-sol pour un stationnement sécurisé et confortable,

Un rez-de-chaussé...",https://www.mubawab-media.com/ad/8/332/723F/h/1000099275_82276464.avif
355 000 TND,A vendre S2 de 86m² avec place de parking,"Bhar Lazreg, La Marsa","['86 m²', '3 Pièces', '2 Chambres', '2 Salles de bains']","['Jardin', 'Terrasse', 'Garage', 'Ascenseur', 'Vue sur mer', 'Vue sur les montagnes', 'Piscine', 'Chambre rangement', 'Meublé', 'Entre-seul', 'Salon européen', 'Antenne parabolique', 'Cheminée', 'Climatisation', 'Chauffage central', 'Sécurité', 'Double vitrage', 'Porte blindée', 'Cuisine équipée']","Résidence LE MANDARIN – La Marsa Bhar Lazreg

À seulement 150 mètres de la Route du Relais de Gammarth, découvrez une résidence haut standing pensée pour le confort et la sérénité de votre famille.

Achetez votre bien d’exception :

* Appartements S+2 / S+3
* Duplex élégants
* Locaux commerciaux en double hauteur
* Bureaux dédiés aux activités médicales

Prestations premium :

* Piscine couverte
* Salle de sport équipée
* Sauna
*...",https://www.mubawab-media.com/ad/8/332/659F/h/4596402f-7a9f-4445-85ff-cbbc2f3f9c36_82275976.avif
Prix à consulter,Villa à Marina de Gammarth,"Gammarth Village, La Marsa","['270 m²', '5 Pièces', '4 Chambres', '3 Salles de bains']","['Terrasse', 'Garage', 'Ascenseur', 'Piscine', 'Concierge', 'Chambre rangement', 'Façade extérieure', 'Antenne parabolique', 'Climatisation', 'Chauffage central', 'Double vitrage', 'Porte blindée', 'Cuisine équipée']","Superficie 315 m
Trois niveaux 
4 place de parking 
Vue mer et sur port 
Avec ascenseur et spa

Les photos démontrent parfaitement la qualité et le luxe dans cette demeure",https://www.mubawab-media.com/ad/8/332/679F/h/WhatsApp%20Image%202026-04-14%20at%2017.57.46%20%282%29_82276129.avif
Prix à consulter,Luxueux penthouse aux berges du lac 2,"Les Berges Du Lac 2, La Marsa","['290 m²', '4 Pièces', '3 Chambres', '4 Salles de bains']","['Terrasse', 'Garage', 'Ascenseur', 'Concierge', 'Façade extérieure', 'Climatisation', 'Chauffage central', 'Sécurité', 'Double vitrage', 'Porte blindée', 'Cuisine équipée', 'Four']","Penthouse S3  à vendre, idéalement situé dans une résidence bien sécurisée.
Ce bien d’exception se distingue par un spacieux salon lumineux avec une terrasse, une cuisine entièrement équipée, une chambre de service ainsi qu'une salle d’eau pour les invités.
La partie nuit abrite trois suites chacune avec sa propre salle de bain.
Le penthouse dispose également de deux places de parking sous-sol et un cellier

Une opportunité rare à ne pas man...",https://www.mubawab-media.com/ad/8/332/677F/h/671224461_1436123178197757_7084922223638132517_n%20%281%29_82276069.avif
780 000 TND,A VENDRE Appartement S3 à Les berges du lac 2,"Les Berges Du Lac 2, La Marsa","['113 m²', '4 Pièces', '3 Chambres', '3 Salles de bains']","['Terrasse', 'Sécurité', 'Porte blindée']","Cet appartement S3 de 113m² est situé aux Berges du Lac 2. Dès l’entrée, vous serez accueilli par un salon lumineux grâce à son ouverture sur un balcon. La cuisine est équipée d’éléments de rangement, d’une hotte, d’une plaque et d’un four ainsi qu'un séchoir. La partie nuit se compose de trois chambres à coucher dont une suite parentale. Une salle de bain est également disponible.

L’appartement dispose du chauffage central, de la climatisatio...",https://www.mubawab-media.com/ad/8/124/782F/h/WhatsApp%20Image%202025-04-03%20%C3%A0%2010.54.18_069c060b_80095332.avif
170 000 TND,À vendre S1 à cité wahat l'aouina,"Aouina, La Marsa","['60 m²', '1 Pièce', '1 Chambre', '1 Salle de bain']","['Jardin', 'Terrasse', 'Ascenseur', 'Concierge', 'Climatisation', 'Chauffage central', 'Sécurité', 'Double vitrage', 'Porte blindée', 'Cuisine équipée', 'Four']","À vendre S1 à cité wahat l'aouina
Votre agence ALFACASA vous propose à louer un appartement s1  à cité wahat l'aouina.

– Etage: 2éme.
– Superficie :60m².
– Prix de vente: 170.000DT.

L'appartement est composé de:
- Un Salon spacieux et lumineux avec balcon.
- Une chambres à coucher 
- Une kitchenette .
- Une salle de bain. 

Contactez nous par message direct ou :
Téléphone / WhatsApp :(216 55 525 488)/(216 58 25 26 26)/(216 55 24 2...",https://www.mubawab-media.com/ad/8/146/495F/h/WhatsApp%20Image%202025-05-20%20%C3%A0%2017.51.56_40bbd26c_80312636.avif
570 000 TND,A VENDRE Appartement S1 à Les Berges du Lac 2,"Les Berges Du Lac 2, La Marsa","['109 m²', '2 Pièces', '1 Chambre', '1 Salle de bain']","['Jardin', 'Climatisation', 'Chauffage central']","Cet appartement S1 de 109m² est situé aux Berges du Lac 2. Dès l’entrée, vous serez accueilli par un salon lumineux grâce à son ouverture sur le jardin. La cuisine est équipée d’éléments de rangement, d’une hotte, d’une plaque et d’un four. La partie nuit se compose d’une chambre à coucher avec dressing. Une salle de bain est également disponible.

Cet appartement dispose d'un chauffage central et d'un climatisation en split system",
Prix à consulter,"Villa d'angle avec jardin, Sidi Abed Aziz","La Marsa, La Marsa","['373 m²', '4 Pièces', '3 Chambres', '2 Salles de bains']","['Jardin', 'Terrasse', 'Garage', 'Vue sur les montagnes', 'Piscine', 'Concierge', 'Chambre rangement', 'Cheminée', 'Climatisation', 'Chauffage central', 'Sécurité', 'Double vitrage', 'Cuisine équipée', 'Four']","Cette villa est bien située sur un axe principal, offrant une excellente visibilité et un accès facile. Elle est implantée sur un terrain de 373 m², avec une surface bâtie de 200 m².
Le rez-de-chaussée se compose d’un jardin, d’un salon spacieux, de trois chambres à coucher, de deux salles de bain et d’une cuisine. La construction permet une surélévation jusqu’à R3, ce qui représente une réelle opportunité pour les investisseurs souhaitant valor...",
4 200 000 TND,"Villa S5 avec vue dégagée, Gammarth supérieur","Gammarth, La Marsa","['625 m²', '6 Pièces', '5 Chambres', '4 Salles de bains']","['Concierge', 'Meublé', 'Salon européen', 'Climatisation', 'Chauffage central', 'Double vitrage', 'Porte blindée', 'Cuisine équipée', 'Réfrigérateur', 'Four', 'Machine à laver', 'Micro-ondes']","Située dans l’un des quartiers les plus prisés de Gammarth Supérieur, cette élégante villa conjugue raffinement, tranquillité et confort absolu.

Entièrement rénovée en 2019 avec des matériaux de construction haut de gamme, elle bénéficie également d’une belle orientation qui lui confère une luminosité naturelle tout au long de la journée.

Le rez-de-chaussée s’ouvre sur un spacieux salon baigné de lumière de 60 m², complété par un séjour ind...",
580 000 TND,"Appartement S2 moderne, Gammarth supérieur","Gammarth, La Marsa","['110 m²', '3 Pièces', '2 Chambres', '2 Salles de bains']","['Jardin', 'Terrasse', 'Garage', 'Ascenseur', 'Piscine', 'Concierge', 'Chambre rangement', 'Entre-seul', 'Climatisation', 'Chauffage central', 'Sécurité', 'Double vitrage', 'Cuisine équipée', 'Four']","Situé au deuxième étage d’une résidence calme, sécurisée et dotée d’un accès privé à la plage, cet appartement offre un cadre de vie privilégié entre confort et sérénité.

Il se compose d’un salon lumineux bénéficiant d’une belle luminosité naturelle grâce à de larges ouvertures, d’une cuisine entièrement équipée, d’une salle d’eau pour les invités, d’une chambre à coucher ainsi que d’une suite parentale avec placards intégrés et salle d’eau pr...",
Prix à consulter,Appartement à vendre à La Perle du Lac 1.3 chambres agréable...,"La Perle du Lac 1, La Marsa","['188 m²', '4 Pièces', '3 Chambres', '2 Salles de bains']","['Terrasse', 'Ascenseur', 'Concierge', 'Façade extérieure', 'Antenne parabolique', 'Climatisation', 'Chauffage central', 'Sécurité', 'Cuisine équipée', 'Four', 'Micro-ondes']","Situé dans le prestigieux quartier du Lac de Tunis, GAIA est un projet résidentiel de standing supérieur qui incarne l’élégance contemporaine et le confort absolu. Niché dans l’un des emplacements les plus prisés de la capitale, il offre un cadre de vie exclusif où modernité et raffinement se rencontrent harmonieusement.

Des appartements d’exception

GAIA propose une sélection d’appartements haut de gamme, du S+1 aux somptueux penthouses, to...",
605 000 TND,"Appartement S2 à vendre, Résidence MALAGA 2 La Marsa","Cité Les Pins, La Marsa","['119 m²', '3 Pièces', '2 Chambres', '1 Salle de bain']","['Jardin', 'Ascenseur', 'Antenne parabolique', 'Climatisation', 'Chauffage central', 'Sécurité', 'Double vitrage', 'Porte blindée', 'Cuisine équipée', 'Four']","Projet exclusivement Résidentiel dénommé ""MALAGA 2"", mitoyen à La Résidence Malaga, en face de Cité Les Pins, La Marsa.
Opportunités d'achat d'appartements de type S1 / S2 / S3",
262 000 TND,Vend appartement à Ain Zaghouan,"Ain Zaghouan Nord, La Marsa","['69 m²', '1 Pièce', '1 Chambre', '1 Salle de bain']","['Terrasse', 'Garage', 'Meublé', 'Sécurité', 'Cuisine équipée']","La Résidence « REGALIA 2 » se situe à Ain Zaghouan et donne directement sur l’avenue Khalid Ibn El Walid, elle est idéalement placée à dix minutes du centre ville et de la Marsa, et à proximité des Berges du Lac et de l’aéroport.

_CONCEPTION

Née d’un désir d’exclusivité et d’excellence, la Résidence REGALIA se distingue par l’originalité de son architecture et de la conception de ses façades et de ses parties communes. La résidence s’articu...",
Prix à consulter,Appartement S3 meublé aux berges du lac 2,"Les Berges Du Lac 2, La Marsa","['160 m²', '3 Chambres']","['Terrasse', 'Garage', 'Sécurité', 'Cuisine équipée']","NEWKEY Lac 2 vous propose à la location un appartement S3 meublé situé dans une résidence sécurisée, idéalement placée au cœur du Lac 2.

Cet appartement se compose d’un salon lumineux ouvrant sur une terrasse, d’une cuisine équipée avec un séchoir attenant, ainsi qu’une salle d’eau pour les invités.

L’espace nuit comprend une suite parentale, deux chambres à coucher et une salle de bain commune.

Une place de parking est disponible au sous-sol...",https://www.mubawab-media.com/ad/8/286/528F/h/thumb_1239100_property_xlarge_81785676.avif
800 000 TND,Appartement S3 vide aux berges du lac2,"Les Berges Du Lac 2, La Marsa","['158 m²', '3 Chambres']","['Terrasse', 'Garage', 'Sécurité', 'Four']","NEWKEY Lac 2 vous propose à la vente un appartement S3 situé dans une résidence sécurisée, idéalement placée au cœur du Lac 2.

Cet appartement se compose d’un salon lumineux ouvrant sur un balcon, d’une cuisine équipée avec un séchoir attenant, ainsi qu’une salle d’eau pour les invités.

L’espace nuit comprend une suite parentale, deux chambres à coucher et une salle de bain commune.

deux places de parking sont disponible au sous-sol de la rési...",https://www.mubawab-media.com/ad/8/184/027F/h/thumb_1130029_property_xlarge_80703178.avif
1 300 000 TND,Duplex à vendre au Lac 2,"Les Berges Du Lac 2, La Marsa","['208 m²', '3 Chambres']","['Jardin', 'Terrasse', 'Garage', 'Piscine', 'Concierge', 'Chambre rangement', 'Entre-seul', 'Antenne parabolique', 'Climatisation', 'Chauffage central', 'Sécurité', 'Double vitrage', 'Porte blindée', 'Cuisine équipée']","À Vendre Superbe Duplex Moderne au Cœur du Lac 2 proposé par NEW KEY – Agence Immobilière Lac 2

Dans une résidence sécurisée et paisible, idéalement située au cœur du quartier prisé du Lac 2, NEW KEY vous propose ce magnifique duplex à vendre, alliant confort, modernité et qualité de vie.

Un espace de vie lumineux et convivial
Dès l’entrée, vous serez séduit par un vaste salon baigné de lumière naturelle grâce à de grandes baies vitrées. Il s’o...",https://www.mubawab-media.com/ad/8/142/100F/h/thumb_1090444_property_xlarge_80269445.avif
1 750 000 TND,À vendre: villa à rénover à La Marsa,La Marsa,"['446 m²', '5 Chambres']","['Garage', 'Ascenseur', 'Concierge', 'Chambre rangement', 'Salon européen', 'Antenne parabolique', 'Climatisation', 'Chauffage central', 'Sécurité', 'Double vitrage', 'Porte blindée', 'Cuisine équipée']","New Key La Marsa vous propose à la vente une villa à démolir idéalement située à La Marsa, sur un terrain de 446 m², dans un quartier résidentiel et calme .
Ce bien représente une excellente opportunité d’investissement pour la construction d’une villa moderne ou pour tout projet immobilier, grâce à son emplacement stratégique et sa proximité de toutes les commodités.
Le terrain offre un fort potentiel de construction dans l’un des quartiers les...",https://www.mubawab-media.com/ad/8/325/507F/h/thumb_1300720_property_xlarge_82200184.avif
À partir de310 000 TND,"Résidence"" La Régence ""","El Menzah 9, El Menzah","['Haut standing', 'En cours de construction', 'Livraison:\n\t\t\t\t\t\t\t\t\t\tseptembre 2026']","['Jardin', 'Garage', 'Piscine', 'Climatisation', 'Chauffage central', 'Cuisine équipée']","""la régence"" est la résidence la plus luxueuse du menzah 9. elle offre à ses résidents un style de vie luxueux et distingué.
les appartements sont bien conçus et profitent pleinement de la lumière du jour",https://www.mubawab-media.com/ad/8/308/831F/h/Panorama3_82022699.avif
Prix à consulter,Villa d'exception gammarth touristique,"Gammarth, La Marsa","['600 m²', '4 Pièces', '4 Chambres', '3 Salles de bains']","['Piscine', 'Climatisation', 'Chauffage central', 'Cuisine équipée']","Confort Immo vous propose à la vente une somptueuse villa située à Gammarth Touristique, dans l’un des emplacements les plus exclusifs, offrant un cadre de vie alliant élégance, confort et intimité.

Édifiée sur un terrain de 650 m² avec une surface bâtie de 600 m², cette propriété d’exception séduit par ses volumes impressionnants, ses espaces de réception raffinés et ses prestations haut de gamme.

Espaces de vie :

Dès l’entrée, la villa...",https://www.mubawab-media.com/ad/7/792/983F/h/3a360017-6056-43e5-802c-dccd4caeac7d_GF_58126781.avif
403 168 TND,Fabuleux S3 de 125m² à vendre,"Bhar Lazreg, La Marsa","['125 m²', '4 Pièces', '3 Chambres', '2 Salles de bains']","['Terrasse', 'Climatisation', 'Chauffage central', 'Cuisine équipée']","Opéra Garden est votre nouvelle résidence de haut standing sise à La Marsa – Bhar Lazreg.
Erigée en R+2 avec un sous-sol, elle est située à 750m de l’hypermarché Carrefour.


Le projet se compose de 5 blocs et la remise des clés de la 2ème tranche du projet est prévu pour la fin du mois de juillet 2025 dont des :

- S+1
- S+2
- S+3
- Duplex types (S+2) et (S+3)

La résidence dispose également d’une salle de jeux au sous-sol. Pensée pou...",https://www.mubawab-media.com/ad/8/047/997F/h/42968bfd-e739-4f9a-99d1-52ac70f67584_GF_79337501.avif
3 500 000 TND,Villa Nathan à Vendre Aux Berges du Lac2,"Les Berges Du Lac 2, La Marsa","['550 m²', '5 Pièces', '4 Chambres', '2 Salles de bains']","['Jardin', 'Terrasse', 'Cuisine équipée']","Une villa sur un terrain de 550 m² situé dans un bon quartier aux Berges du Lac2 . Au RDC, on a un salon, un séjour, une cuisine équipée avec séchoir, une salle de bain. A l'étage, on a une suite parentale, 2 chambres à coucher et une salle de bain. A l'extérieur, on a un joli jardin, une piscine et un garage pour 2 voitures",https://www.mubawab-media.com/ad/8/083/896F/h/e5ad29d5-607e-4bd8-bf97-0b5394c69b4b_GF_79690762.avif
1 050 000 TND,Duplex Lorina À Vendre À Bhar Lazreg,"Bhar Lazreg, La Marsa","['260 m²', '5 Pièces', '4 Chambres', '5 Salles de bains']","['Terrasse', 'Garage', 'Climatisation', 'Chauffage central', 'Cuisine équipée']","Un duplex avec piscine situé dans un quartier résidentiel à Bhar Lazreg, La Marsa. Au RDC, on à un salon, un salle à manger, une cuisine, une suite parentale et une salle de bain. A l’étage On a 3 suites parentales. Pour tous les renseignements veuillez contacter l’agent sur le numéro  .",https://www.mubawab-media.com/ad/8/016/367F/h/2ab92a9d-c24b-4d66-b513-e50bd9144601_GF_79028132.avif
1 700 000 TND,Penthouse Zéndra à Vendre aux Berges du Lac 2,"Les Berges Du Lac 2, La Marsa","['220 m²', '4 Pièces', '3 Chambres', '4 Salles de bains']","['Jardin', 'Terrasse', 'Garage', 'Climatisation', 'Chauffage central', 'Cuisine équipée']","Un Penthouse de haut standing situé aux berges du lac 2. A l’entrée, on trouve un salon avec terrasse, un séjour, une salle à manger, une cuisine équipée avec séchoir, une salle d’eau pour les invités, 3 suites parentales avec balcons et dressings et une salle de bain. Pour plus de renseignement contacter l’agent sur le 58780890.",https://www.mubawab-media.com/ad/7/853/641F/h/76a27f7f-9df2-4bb1-bb93-7fe496834238_GF_66354195.avif
880 000 TND,Villa Montréal à Vendre à l'Aouina,"Aouina, La Marsa","['580 m²', '9 Pièces', '8 Chambres', '4 Salles de bains']","['Terrasse', 'Garage', 'Climatisation', 'Chauffage central', 'Cuisine équipée']","Une charmante villa d'une superficie de 580m² située dans un quartier chic et calme à l'Aouina. Au RDC, on un salon, une salle à manger, un séjour, une cuisine equipée, une salle d'eau, 4 chambres et une salle de bain. A l'étage, on a une suite parentale avec une salle d'eau, 3 chambres et une salle de bain. A l'extérieur, on a un grand jardin, une terrasse et un studio",https://www.mubawab-media.com/ad/8/043/134F/h/fa0321a7-9b83-48fe-b65e-3c3476c28afb_GF_79288930.avif
430 000 TND,S3 Angie à Vendre à L'Aouina,"Aouina, La Marsa","['143 m²', '4 Pièces', '3 Chambres', '2 Salles de bains']","['Terrasse', 'Garage', 'Cuisine équipée']","Un luxueux appart S3 au 1er étage situé dans une résidence de haut standing à l'Aouina. A l'entrée, on a un salon avec balcon, une cuisine équipée avec séchoir, une suite parentale, 2 chambres à coucher et une salle de bain. On a une place de parking. Pour tous les renseignements, Contacter L'agent",https://www.mubawab-media.com/ad/8/084/896F/h/1a0cf38f-84f6-4615-b9f0-796434a2953d_GF_79700693.avif
1 100 000 TND,Villa Sery à Vendre à Bhar Lazreg,"Bhar Lazreg, La Marsa","['440 m²', '5 Pièces', '3 Chambres', '3 Salles de bains']",['Terrasse'],"Une Villa Haut standing sur un terrain d’une superficie de 440m² situé à Bhar Lazreg, La Marsa. Au RDC, on a un salon, un séjour, une cuisine équipée et une salle d'eau pour les invités. Au 1er étage, on a une suite parentale avec terrasse, 2 chambres à coucher et une salle de bain. A L’extérieur, on a une terrasse, deux bureaux, un jardin et un garage pour 3 voitures. Pour tous les renseignements, Contacter l’agent sur le 53380560.",https://www.mubawab-media.com/ad/8/142/599F/h/WhatsApp%20Image%202025-05-13%20%C3%A0%2016.04.24_3f4d6d37_GF_80274445.avif
970 000 TND,Appart S3 Deren à Vendre aux Berges du Lac2,"Les Berges Du Lac 2, La Marsa","['211 m²', '4 Pièces', '3 Chambres', '1 Salle de bain']","['Climatisation', 'Chauffage central', 'Cuisine équipée']","Un appart au 3éme étage situé dans une résidence aux Berges du Lac2 . A l’entrée, on trouve un salon ,une cuisine équipée, 3 chambres à coucher et une salle de bain . A l’extérieur, on a une grande terrasse et une place de parking au sous-sol. Pour tout renseignement, contacter l’agent sur le 54670670.",https://www.mubawab-media.com/ad/8/146/278F/h/9da166ad-5abc-497b-af53-c25c3bc8ea5e_GF_80310717.avif
1 100 000 TND,Villa Mirina à vendre à Bhar Lazreg,"Bhar Lazreg, La Marsa","['410 m²', '11 Pièces', '8 Chambres', '4 Salles de bains']","['Jardin', 'Garage', 'Entre-seul', 'Climatisation']","Une Villa à vendre située dans un quartier résidentiel à Bhar Lazreg. À l'entrée, on découvre un lumineux salon avec un terrasse couvert, une cuisine, 4 chambres et une salle d’eau pour les invités, salle de bain, abri de voiture et garage. À l’étage, on a un salon , une cuisine, une salle de bain, 2 chambre , une suite parentale avec balcon et un studio. NB: possibilité de bâtir un autre étage.  Pour tous les renseignements, Contacter l’agent su...",https://www.mubawab-media.com/ad/8/055/851F/h/5ad9314a-a392-4b33-89c6-e41daf1c42dc_GF_79417684.avif
1 100 000 TND,Immeuble Rosa à vendre à Bhar Lazreg,"Bhar Lazreg, La Marsa","['250 m²', '7 Pièces', '5 Chambres', '4 Salles de bains']","['Jardin', 'Terrasse', 'Piscine', 'Antenne parabolique', 'Climatisation', 'Chauffage central', 'Sécurité', 'Double vitrage', 'Porte blindée', 'Cuisine équipée', 'Four']","Une Immeuble récemment construite sur un terrain de 250 m², situé dans un quartier résidentiel à Bhar Lazreg, au RDC, on a un dépôt couvert avec une superficie de 250 m², au 1 ér étage on a deux appartement ; un appart S2   d'une superficie de 115 m² composé d'un salon avec balcon, une kitchenette, une salle d'eau , une salle de bain avec douche à l'italienne et 2 chambres , et un appart S3 d'une superficie de 135 m² composé d'un salon avec balco...",https://www.mubawab-media.com/ad/8/189/596F/h/abb89e9a-095f-411d-980c-f98cf72db9ad_GF_80758856.avif
400 000 TND,Appart S1 Arash à Vendre à Ain Zaghoun Nord,"Ain Zaghouan Nord, La Marsa","['85 m²', '2 Pièces', '1 Chambre', '1 Salle de bain']","['Garage', 'Ascenseur', 'Concierge', 'Chambre rangement', 'Salon européen', 'Antenne parabolique', 'Climatisation', 'Chauffage central', 'Sécurité', 'Double vitrage', 'Porte blindée', 'Cuisine équipée']","Un appart direct promoteur au 3éme étage  situé dans une résidence R4 à Ain Zaghouan Nord.  A l'entrée, on a un salon avec balcon, une kitchenette, une chambre à coucher et une salle de bain. A l'extérieur, on a une place de parking. Pour tous les renseignements, Contacter L'agent .",https://www.mubawab-media.com/ad/7/845/699F/h/IMG_2307_79378449.avif
950 000 TND,Duplex cyrelle à vendre au berge du lac 1,"Les Berges Du Lac 1, La Marsa","['200 m²', '3 Pièces', '2 Chambres', '2 Salles de bains']","['Garage', 'Ascenseur', 'Piscine', 'Concierge', 'Chambre rangement', 'Salon européen', 'Antenne parabolique', 'Climatisation', 'Chauffage central', 'Sécurité', 'Double vitrage', 'Porte blindée', 'Cuisine équipée']","Un duplex d'une superficie de 200 m² situé  aux Berges du Lac 1. Au RDC, on a un salon, une salle à manger,  une cuisine et une salle d’eau . À l’étage, on a 3 chambres et une salle de bain. Le sous-sol comprend une pièce avec fenêtre et climatisation ainsi qu'un arbi pour voitures. contacter L’agent sur le 52860740",https://www.mubawab-media.com/ad/8/185/298F/h/WhatsApp%20Image%202025-07-21%20%C3%A0%2012.16.26_c78f2257_80715009_80715139.avif
Prix à consulter,Duplex de luxe à vendre,"Ain Zaghouan Nord, La Marsa","['265 m²', '4 Pièces', '3 Chambres', '3 Salles de bains']","['Jardin', 'Terrasse', 'Garage', 'Ascenseur', 'Vue sur mer', 'Concierge', 'Entre-seul', 'Climatisation', 'Chauffage central', 'Sécurité', 'Double vitrage', 'Cuisine équipée', 'Four', 'Micro-ondes']","Prestations de luxe pour cette villa à vendre. 3 chambres à coucher, 3 salles de bains, 217m² et jardin 48m² , 4 pièces lumineuses. Nouveau.

Venez découvrir sans hésiter cette villa à Ain Zaghouan Sud. Résidence sécurisée et porte blindée. Le bien dispose également d'une antenne parabolique. Profitez du confort de la climatisation. La résidence dispose également d'une piscine.

Soyez le premier à visiter cette villa en vente. Jardin et terra...",https://www.mubawab-media.com/ad/8/311/569F/h/Rendu%20cam03_82051737.avif
Prix à consulter,Bel appartement à vendre à Aouina. 2 chambres agréables,"Aouina, La Marsa","['91 m²', '3 Pièces', '2 Chambres', '1 Salle de bain']","['Terrasse', 'Garage', 'Ascenseur', 'Piscine', 'Concierge', 'Chambre rangement', 'Façade extérieure', 'Salon européen', 'Climatisation', 'Chauffage central', 'Sécurité', 'Double vitrage', 'Porte blindée', 'Cuisine équipée', 'Four']","Faites une belle affaire en achetant cet appartement. 2 chambres à coucher, 1 salle de bains, 91 m². 3 pièces. Nouveau.

Idéal si vous souhaitez acheter un appartement à Aouina. Résidence sécurisée et porte blindée. Le bien dispose également d'une antenne parabolique. Bénéficiez du calme absolu avec fenêtres en double vitrage. Dispose du chauffage central.

Programmez dès maintenant votre visite pour cet appartement d'exception. Résidence bien éq...",https://www.mubawab-media.com/ad/8/286/786F/h/WhatsApp%20Image%202025-12-08%20at%2011.39.25_81788718.avif
460 000 TND,Opportunité d'un Sé de 114m² avec Parking,"Bhar Lazreg, La Marsa","['114 m²', '3 Pièces', '2 Chambres', '2 Salles de bains']","['Jardin', 'Terrasse', 'Climatisation', 'Chauffage central', 'Cuisine équipée']","Résidence LE MANDARIN – La Marsa Bhar Lazreg

À seulement 150 mètres de la Route du Relais de Gammarth, découvrez une résidence haut standing pensée pour le confort et la sérénité de votre famille.

Achetez votre bien d’exception :

* Appartements S+2 / S+3
* Duplex élégants
* Locaux commerciaux en double hauteur
* Bureaux dédiés aux activités médicales

Prestations premium :

* Piscine couverte
* Salle de sport équipée
* Sauna
*...",https://www.mubawab-media.com/ad/8/332/380F/h/thumb_1306193_property_xlarge_82275496.avif
3 050 000 TND,"Villa S4 avec vue sur mer, Gammarth supérieur","Gammarth Supérieur, La Marsa","['340 m²', '5 Pièces', '4 Chambres', '3 Salles de bains']","['Garage', 'Ascenseur', 'Piscine', 'Cuisine équipée']","La villa est située dans une résidence sécurisée, avec un accès privé à la plage de Gammarth.

Elle s’étend sur trois niveaux, reliés par un ascenseur.

Le rez-de-chaussée s’ouvre sur un salon et une salle à manger, une salle d’eau avec douche, deux cuisines entièrement équipées ainsi qu’un séjour.

L’étage abrite une suite parentale avec sa salle de bain et sa douche, s’ouvrant sur un balcon, deux chambres à coucher avec placards dont l’un...",https://www.mubawab-media.com/ad/8/332/531F/h/Whatspp%20Image%202026-04-14%20at%2011.51.01_82274230.avif
1 150 000 TND,Duplex s4 avec piscine,"Gammarth, La Marsa","['250 m²', '5 Pièces', '4 Chambres', '3 Salles de bains']","['Terrasse', 'Garage', 'Ascenseur', 'Façade extérieure', 'Climatisation', 'Chauffage central', 'Sécurité', 'Double vitrage', 'Porte blindée', 'Cuisine équipée', 'Four']","À VENDRE : DUPLEX DE LUXE À GAMMARTH
Magnifique Duplex S4 de haut standing, situé au 1er étage d'une résidence calme en R1 avec ascenseur. 
Emplacement : Gammarth Forêt
Superficie : 250 m²

Composition du bien :

Espace Jour :

Grand salon lumineux ouvrant sur une terrasse 

Salle à manger spacieuse 

Cuisine équipée (plaque, hotte, four) avec séchoir 

Salle d’eau pour les invités 

Espace Nuit :

Suite parentale avec dressing...",https://www.mubawab-media.com/ad/8/332/428F/h/thumb_1310014_property_large_82273148.avif
670 000 TND,Duplex S3 à La Marsa Cité du Stade,"La Marsa, La Marsa","['130 m²', '4 Pièces', '3 Chambres', '2 Salles de bains']","['Terrasse', 'Garage', 'Ascenseur', 'Concierge', 'Façade extérieure', 'Climatisation', 'Chauffage central', 'Sécurité', 'Double vitrage', 'Cuisine équipée', 'Four']","Découvrez ce charmant duplex situé dans un quartier recherché de La Marsa, offrant un cadre de vie agréable, lumineux et parfaitement adapté à une vie de famille.

•⁠  ⁠Superficie terrain: 115 m²
•⁠  ⁠Superficie bâtie: 130 m²
•⁠  ⁠Jardin: 70 m² piscinable
•⁠  ⁠Année de construction: 2004
•⁠  ⁠Titre individuel

Ce bien se distingue par ses espaces généreux, sa luminosité naturelle et son potentiel d’aménagement, idéal pour créer un véritab...",https://www.mubawab-media.com/ad/8/247/302F/h/WhatsApp%20Image%202025-11-05%20at%2012.47.56%20PM%20%281%29%20-%20Copie_81358654.avif
Prix à consulter,A vendre Appartement S3 au Lac2 avec piscine,"Les Berges Du Lac 2, La Marsa","['357 m²', '3 Pièces', '3 Chambres', '1 Salle de bain']","['Ascenseur', 'Meublé', 'Climatisation', 'Chauffage central', 'Double vitrage', 'Porte blindée', 'Cuisine équipée', 'Four']","vendre – S3 de luxe avec vue sur le lac

 Grand appartement S3 spacieux et lumineux
 Vue imprenable sur le lac
 Résidence haut standing avec double ascenseur
 Accès sécurisé par ascenseur avec carte
 Réception moderne et élégante
 Piscine dans l’appartement 
 3 WC
 Cuisine bien équipée
 5 pièces bien agencées
 Place de parking
 Cadre calme, sécurisé et luxueux
 Idéal pour habitation familiale ou investissement de prestige",https://www.mubawab-media.com/ad/8/287/350F/h/d5edfd01-bc73-4ba3-94d0-89685f4283f2_81794470.avif
207 000 TND,S1 a vendre avec place de parking au sous sol,"Aouina, La Marsa","['52 m²', '2 Pièces', '1 Chambre', '1 Salle de bain']","['Ascenseur', 'Concierge', 'Chauffage central', 'Sécurité']","Sarah immo vous propose un appartement S1 neuf d’une superficie de 51 m2, dans une nouvelle résidence, près de toutes les commodités. 

Il se compose comme suite : 
-Salon lumineux 
-Cuisine équipée et agencée avec séchoir 
-Chambre à coucher 
-Salle de douche avec cabine 

Place de parking au sous-sol, climatisation et chauffage central sont à disposition 
Pour visiter ou plus d’informations veuillez me contacter au 50509324",https://www.mubawab-media.com/ad/8/263/684F/h/5e6beba0-bd58-452b-93b9-845140f13413_81536118.avif
Prix à consulter,Appartement S3 A louer Cité wahat Aouina,"Aouina, La Marsa","['118 m²', '4 Pièces', '3 Chambres', '1 Salle de bain']","['Garage', 'Ascenseur', 'Concierge', 'Chambre rangement', 'Antenne parabolique', 'Climatisation', 'Chauffage central', 'Sécurité']","Sarah immo vous propose un appartement S3 au 5eme étage dans une résidence avec ascenseur, située à Cité wahat l’Aouina côté Monoprix. 
- Il se compose comme suite : 
- Salon spacieux et lumineux avec balcon  
- Cuisine équipée et agencée avec séchoir 
- Trois Chambre à coucher  
- Dressing au couloir 
- Salle de bain / toilette 
Place de parking au sous-sol, chauffage central et climatisation sont à disposition 

- Pour visiter ou plus...",https://www.mubawab-media.com/ad/8/252/668F/h/1fe583ac-9465-4087-9af9-377b4bb2a00c_81412329.avif
175 000 TND,S1 A vendre avec Cellier à Cité wahat Aouina,"Aouina, La Marsa","['50 m²', '2 Pièces', '1 Chambre', '1 Salle de bain']",[],"Sarah immo vous propose à la vente un S1 neuf au 5eme étage  dans une résidence située à cité wahat dans une zone résidentielle calme et bien sécurisée.
• Il se compose comme suit:
- Salon spacieux et lumineux bien meublé
- Chambre à coucher avec dressing
- Cuisine équipée et agencée avec séchoir
- Salle de douche

• Cellier, climatisions et chauffage central sont à disposition
• Pour visiter ou plus d’informations veuillez me contacter a...",
250 000 TND,S2 à vendre à Ain zaghouan nord,"Ain Zaghouan Nord, La Marsa","['97 m²', '3 Pièces', '2 Chambres', '1 Salle de bain']",[],"Sarah immo vous propose un appartement S2 d’une superficie de 98 m2, au 6eme étage dans une résidence avec ascenseur. 

Titre individuel 

Pour visiter ou plus d’informations veuillez me contacter au 00216 50 509 324",
Prix à consulter,Appartement à l'achat à La Perle du Lac 1.3 belles chambres,"La Perle du Lac 1, La Marsa","['213 m²', '4 Pièces', '3 Chambres', '2 Salles de bains']","['Jardin', 'Terrasse', 'Ascenseur', 'Vue sur les montagnes', 'Concierge', 'Façade extérieure', 'Antenne parabolique', 'Climatisation', 'Chauffage central', 'Sécurité', 'Double vitrage', 'Porte blindée', 'Cuisine équipée', 'Four', 'Micro-ondes']","Situé dans le prestigieux quartier du Lac de Tunis, GAIA est un projet résidentiel de standing supérieur qui incarne l’élégance contemporaine et le confort absolu. Niché dans l’un des emplacements les plus prisés de la capitale, il offre un cadre de vie exclusif où modernité et raffinement se rencontrent harmonieusement.

Des appartements d’exception

GAIA propose une sélection d’appartements haut de gamme, du S+1 aux somptueux penthouses, to...",
850 000 TND,"Appartement S3 à vendre, Résidence MALAGA 2 LA MARSA","Cité Les Pins, La Marsa","['122 m²', '3 Pièces', '3 Chambres', '2 Salles de bains']","['Jardin', 'Ascenseur', 'Concierge', 'Antenne parabolique', 'Climatisation', 'Chauffage central', 'Sécurité', 'Double vitrage', 'Porte blindée', 'Cuisine équipée', 'Four']",Appartement S+3 au RDC avec Grand Jardin,
402 000 TND,Bel appartement à vendre à Ain Zaghouan,"Ain Zaghouan Nord, La Marsa","['109 m²', '1 Pièce', '2 Chambres', '2 Salles de bains']","['Jardin', 'Garage', 'Ascenseur', 'Concierge', 'Chambre rangement', 'Façade extérieure', 'Climatisation', 'Chauffage central', 'Cuisine équipée', 'Four']","La Résidence « REGALIA 2 » se situe à Ain Zaghouan et donne directement sur l’avenue Khalid Ibn El Walid, elle est idéalement placée à dix minutes du centre ville et de la Marsa, et à proximité des Berges du Lac et de l’aéroport.

_CONCEPTION

Née d’un désir d’exclusivité et d’excellence, la Résidence REGALIA se distingue par l’originalité de son architecture et de la conception de ses façades et de ses parties communes. La résidence s’articu...",https://www.mubawab-media.com/ad/8/296/320F/h/5c9da30b-b8eb-4170-aa41-fc306ab1ee70_81903396.avif
1 040 000 TND,A VENDRE Duplex S4 à Les Berges du Lac 2,"Les Berges Du Lac 2, La Marsa","['151 m²', '5 Pièces', '4 Chambres', '3 Salles de bains']",['Jardin'],"Ce duplex S4 de 198m² est situé dans un quartier résidentiel. Il fait partie d’une résidence R3. Dés l'entrée, vous serez accueilli par un hall qui mène vers une pièce de vie spacieuse, idéale pour aménager un salon et une salle à manger s'ouvrent sur un jardin. La cuisine est équipée par des éléments de rangement, plaque, hotte et four avec séchoir ainsi qu’un débarras. Une suite parentale est également disponible. Une salle d'eau pour les invit...",https://www.mubawab-media.com/ad/8/328/270F/h/4fa648b2-5183-485b-af6d-382f98793f3f_82229406.avif
1 350 000 TND,Une excellente opportunité,La Marsa,"['440 m²', '5 Pièces', '5 Chambres', '2 Salles de bains']","['Terrasse', 'Garage', 'Ascenseur', 'Concierge', 'Façade extérieure', 'Salon européen', 'Climatisation', 'Chauffage central', 'Sécurité', 'Double vitrage', 'Cuisine équipée', 'Four']","Opportunité Unique :
Découvrez cette superbe villa idéalement située dans le quartier prisé de La Marsa, offrant un cadre de vie exceptionnel en termes d'emplacement et orientation en pleine Sud Est 
Caractéristiques de la Villa :
-- Superficie et Agencement :
* Terrain : 440m²
* Surface habitable : 300 m²

Actuellement, bâtie sur 2 niveaux séparés, mais, à l'origine était une villa.
Elle nécessite une rénovation avec un jardin piscinable...",https://www.mubawab-media.com/ad/8/331/647F/h/111f79c6-6f9d-4c5f-9683-5455b3beeeef_GF_1_82264743.avif
230 000 TND,S1 a vendre avec place de parking au sous sol,"Ain Zaghouan, La Marsa","['55 m²', '2 Pièces', '1 Chambre', '1 Salle de bain']",['Garage'],"Sarah immo vous propose un appartement S1 neuf d’une superficie de 55 m2, dans une nouvelle résidence, près de toutes les commodités.

Il se compose comme suite :
-Salon lumineux
-Cuisine équipée et agencée avec séchoir
-Chambre à coucher
-Salle de douche avec cabine

- Place de parking au sous-sol, climatisation et chauffage central sont à disposition
- Pour visiter ou plus d’informations veuillez me contacter au 50509324",https://www.mubawab-media.com/ad/8/332/271F/h/photo_0_82271786.avif
330 000 TND,Appart S3 Aline à vendre à l'Aouina,"Aouina, La Marsa","['111 m²', '4 Pièces', '3 Chambres', '1 Salle de bain']",['Garage'],"Appart S3 d'une superficie de 118 m², situé au 1 ér étage d'une résidence situé à l'Aouina. A l'entrée, on a un salon, cuisine équipé avec séchoir, 3 chambres et  une salle de bain. NB: l'Appart dispose une place parking au sous-sol et celier",https://www.mubawab-media.com/ad/8/308/834F/h/DSC03662_82022741.avif
Prix à consulter,Résidence FLAVA aux Jardin de Carthage,"Les Jardins de Carthage, Le Kram","['Haut standing', 'En cours de construction', 'Livraison:\n\t\t\t\t\t\t\t\t\t\tmars 2028']","['Garage', 'Ascenseur', 'Concierge', 'Chambre rangement', 'Entre-seul', 'Salon européen', 'Antenne parabolique', 'Climatisation', 'Chauffage central', 'Sécurité', 'Double vitrage', 'Porte blindée', 'Cuisine équipée']","installée au cœur du prestigieux lotissement résidences du parc, dans le quartier prisé des jardins de carthage, flava résidences vous offre un équilibre parfait entre effervescence urbaine et",https://www.mubawab-media.com/ad/7/700/935F/h/aaed9c73-da9b-4b84-ae6c-956d57532306_GF_47546081.avif
353 000 TND,"À vendre – s2 très haut standing, nouvelle soukra ️ direct p...","Aouina, La Marsa","['86 m²', '2 Chambres', '1 Salle de bain']","['Jardin', 'Terrasse', 'Garage', 'Piscine', 'Climatisation', 'Chauffage central', 'Cuisine équipée']","À VENDRE – S2 TRÈS HAUT STANDING  NOUVELLE SOUKRA ️ Direct promoteur ️

️ Superbes appartements S2 très lumineux, situés dans une résidence moderne, sécurisée et parfaitement entretenue 

 Emplacement stratégique à La Nouvelle Soukra,️‍️ proche de toutes les commodités : commerces, écoles, services et axes principaux ️

️ Espaces bien agencés & finitions haut standing Cuisine au choix (kitchenette ou indépendante)️️ Excellente luminosité naturel...",https://www.mubawab-media.com/ad/8/012/318F/h/httpss3.amazonaws.comlogimoaws397934042163731602333fd2414-ec4e-4820-89b3-ad72a7d6c12f_GF-525x444_78987741.avif
388 261 TND,Duplexe de 112m² à vendre à Opera Garden,"Bhar Lazreg, La Marsa","['112 m²', '3 Pièces', '2 Chambres', '2 Salles de bains']",['Cuisine équipée'],"Opéra Garden est votre nouvelle résidence de haut standing sise à La Marsa – Bhar Lazreg.
Erigée en R+2 avec un sous-sol, elle est située à 750m de l’hypermarché Carrefour.


Le projet se compose de 5 blocs et la remise des clés de la 2ème tranche du projet est prévu pour la fin du mois de juillet 2025 dont des :

- S+1
- S+2
- S+3
- Duplex types (S+2) et (S+3)

La résidence dispose également d’une salle de jeux au sous-sol. Pensée pou...",https://www.mubawab-media.com/ad/8/286/808F/h/60ec7ca9-27ff-4c63-824e-72138bf0a69d_GF_81794865.avif
1 800 000 TND,Villa Al Ons à Vendre à L’Aouina,"Aouina, La Marsa","['700 m²', '5 Pièces', '4 Chambres', '4 Salles de bains']",['Garage'],"Une villa de haut standing avec piscine situé dans un quartier résidentiel à Cité Les Palmeraies d'EL Aouina. Au RDJ, On a un grand salon, une cuisine, une salle d’eau, une chambre de service et un garage pour 4 voitures. Au RDC, On trouve un grand salon, deux séjours, une salle à manger et une cuisine équipée. A L’étage, une suite parentale avec chambre de dressing, une salle de lecture, 3 chambres et une salle d’eau avec cabine de douche. A L’e...",https://www.mubawab-media.com/ad/8/302/840F/h/gallery_81961851.avif
650 000 TND,Duplex Kassandra à Vendre Aux Berges du Lac2,"Les Berges Du Lac 2, La Marsa","['105 m²', '3 Pièces', '2 Chambres', '2 Salles de bains']","['Terrasse', 'Garage', 'Ascenseur', 'Climatisation', 'Chauffage central', 'Sécurité']","Un duplex de luxe situé dans une résidence de très haut standing aux Berges du Lac 2. Au RDC, on a un salon, une cuisine équipée et une salle d’eau pour les invites. À l’étage, on a 2 chambres et une salle de bain. Pour plus de renseignements, Veuillez contacter L’agent sur le  .",https://www.mubawab-media.com/ad/8/309/595F/h/gallery%20%2810%29_82030667.avif
333 000 TND,Appart S1 Camilla à vendre à l'Aouina,"Aouina, La Marsa","['72 m²', '2 Pièces', '1 Chambre', '1 Salle de bain']","['Terrasse', 'Ascenseur', 'Sécurité', 'Four']","Appart S1  direct promoteur d'une superficie de 72 m², situé au1 ér étage d'une résidence R3  à l'Aouina. A l'entrée, on a un salon, cuisine, 1 chambre et  une salle de bain. de plus, l'appart dispose une place parking sous sol",https://www.mubawab-media.com/ad/8/266/619F/h/thumb_1220475_property_xlarge_81573497.avif
240 000 TND,S2 en vente,"Aouina, La Marsa","['85 m²', '3 Pièces', '2 Chambres', '2 Salles de bains']","['Terrasse', 'Garage', 'Sécurité', 'Cuisine équipée']","appartement S2 au 7 étage d’une résidence sécurisée avec ascenseur. L’entrée s’ouvre sur un salon lumineux avec balcon, idéal pour profiter de la lumière naturelle. La cuisine est entièrement aménagée et fonctionnelle, accompagnée d’une salle d’eau pour les invités. La partie nuit se compose de deux chambres confortables et d’une salle de bain. L’appartement est équipé d’un système de climatisation et de chauffage central pour un confort optimal...",https://www.mubawab-media.com/ad/8/307/074F/h/thumb_1283181_property_xlarge_82004248.avif
340 000 TND,Appartement en S2,"Aouina, La Marsa","['108 m²', '3 Pièces', '2 Chambres', '2 Salles de bains']","['Jardin', 'Terrasse', 'Garage', 'Piscine', 'Chambre rangement', 'Entre-seul', 'Cheminée', 'Climatisation', 'Chauffage central', 'Cuisine équipée', 'Four', 'Micro-ondes']","Appartement S2 de haut standing, situé dans une résidence sécurisée et parfaitement entretenue, dotée d’un double ascenseur, garantissant confort et tranquillité au quotidien. l’appartement offre des espaces bien agencés et partie jour se compose d’un salon spacieux et lumineux, donnant accès à un balcon agréable, parfait pour vos moments de détente. La cuisine, spacieuse et entièrement équipée (plaque de cuisson, four et hotte), dispose d’un séc...",https://www.mubawab-media.com/ad/8/239/816F/h/image_1_81280713.avif
790 000 TND,Appartement S3 à vendre aux berges du lac2,"Les Berges Du Lac 2, La Marsa","['191 m²', '3 Chambres']","['Terrasse', 'Garage', 'Ascenseur', 'Concierge', 'Chambre rangement', 'Façade extérieure', 'Salon européen', 'Antenne parabolique', 'Climatisation', 'Chauffage central', 'Sécurité', 'Double vitrage', 'Porte blindée', 'Cuisine équipée', 'Réfrigérateur', 'Four']","NEWKEY Lac 2 vous propose un appartement S3 à vendre, situé dans une résidence sécurisée, idéalement placée au cœur du Lac 2.

Cet appartement se compose d’un salon lumineux ouvrant sur une terrasse, d’une cuisine équipée avec un séchoir attenant, un débbaras ainsi qu’une salle d’eau pour les invités.

L’espace nuit comprend une suite parentale, deux chambres à coucher et une salle de bain commune.

Une place de parking est disponible au sous-sol...",https://www.mubawab-media.com/ad/8/190/571F/h/image_1_82264705.avif
Prix à consulter,A vendre une superbe villa au Lac 2,"Les Berges Du Lac 2, La Marsa","['680 m²', '5 Pièces', '4 Chambres', '3 Salles de bains']","['Terrasse', 'Garage', 'Ascenseur', 'Piscine', 'Concierge', 'Chambre rangement', 'Façade extérieure', 'Salon européen', 'Antenne parabolique', 'Cheminée', 'Climatisation', 'Chauffage central', 'Sécurité', 'Double vitrage', 'Porte blindée', 'Cuisine équipée', 'Réfrigérateur', 'Four', 'Machine à laver']","Agence immobilière le Carré 9 vous propose en exclusivité à la vente une superbe villa avec piscine située dans un quartier calme et résidentiel aux Berges du Lac 2.
Cette demeure est édifiée sur un terrain de 680m² avec une bâtisse de 750m² sur trois niveaux.

-Le Rez-de-Chaussée se compose d’un grand salon lumineux avec cheminée donnant sur une terrasse de 25m² d'une côté ainsi une piscine et une terrasse de l'autre côté,
-Une salle à mange...",https://www.mubawab-media.com/ad/7/300/527F/h/20250215_120814_80107122.avif
1 300 000 TND,Appartement S3 avec terrasse vue sur lac au Lac 2,"Les Berges Du Lac 2, La Marsa","['158 m²', '4 Pièces', '3 Chambres', '2 Salles de bains']","['Terrasse', 'Climatisation', 'Chauffage central', 'Double vitrage', 'Porte blindée', 'Cuisine équipée', 'Four']","PHOENIX ESTATES, agence immobilière située à la Marsa, vous propose à la vente un appartement de 158 m² avec terrasse situé au septième étage d'une résidence R8 au Lac 2.
Il se compose comme suit:
La partie jour se compose d’un salon qui donne sur une terrasse avec vue sur le lac, cuisine aménagée et équipée avec séchoir et une salle d’eau invités. 
La partie nuit est séparée et se compose d’une suite parentale, deux chambres à coucher et une...",https://www.mubawab-media.com/ad/8/321/344F/h/Design%20sans%20titre%20-%202026-03-26T082513.380_82154017.avif
1 750 000 TND,Appartement S3 de 290 m² avec piscine au Lac2,"Les Berges Du Lac 2, La Marsa","['290 m²', '4 Pièces', '3 Chambres', '3 Salles de bains']","['Terrasse', 'Garage', 'Ascenseur', 'Concierge', 'Façade extérieure', 'Salon européen', 'Antenne parabolique', 'Climatisation', 'Chauffage central', 'Sécurité', 'Double vitrage', 'Porte blindée', 'Cuisine équipée', 'Réfrigérateur', 'Four', 'Micro-ondes']","PHOENIX ESTATES, agence immobilière située à la Marsa, vous propose à la vente un appartement de 290 m² avec piscine situé au premier étage d'une résidence R4 au Lac 2.
Il se compose comme suit:
Un Salon, une cuisine équipée avec séchoir, une buanderie, un débarras, une salle d’eau invités , une suite parentale, deux suites juniors, une terrasse, une piscine.
Au sous sol: il bénéficie de deux places de parking et un cellier",https://www.mubawab-media.com/ad/7/845/701F/h/06-%20Cam5_81653933.avif
390 000 TND,Vente appartement s2 de standing la marsa,La Marsa,"['128 m²', '3 Pièces', '2 Chambres', '2 Salles de bains']","['Terrasse', 'Garage', 'Concierge', 'Chambre rangement', 'Entre-seul', 'Salon européen', 'Antenne parabolique', 'Climatisation', 'Chauffage central', 'Sécurité', 'Double vitrage', 'Porte blindée', 'Cuisine équipée', 'Four', 'Micro-ondes']","Je met à la vente un grand appartements S2 d'une superficie d'environ 128 m² situés dans une petite résidence de six appartements à la marsa lahwache proche de la Pharmacie Ali Farhat.
La partie jour se compose d'un salon spacieux, un balcon, une cuisine équipée ( plaque, four et hotte) avec séchoir et une salle d'eau invités.
 La partie nuit se compose de deux chambres à coucher avec dressing dont une avec balcon et une salle de bain commune.
...",https://www.mubawab-media.com/ad/8/311/572F/h/Rendu%20livingroom07_82051749.avif
550 000 TND,A vendre des appartements S2 à Ain Zaghouan Nord,"Ain Zaghouan Nord, La Marsa","['115 m²', '1 Pièce', '2 Chambres', '2 Salles de bains']","['Jardin', 'Ascenseur', 'Piscine', 'Concierge', 'Chambre rangement', 'Antenne parabolique', 'Climatisation', 'Chauffage central', 'Sécurité', 'Double vitrage', 'Porte blindée', 'Cuisine équipée', 'Four', 'Micro-ondes']","Zephyr Immo vous propose à la vente des appartements S2 d’une superficie totale de 115 m², situés dans une résidence nouvellement construite à Ain Zaghouan Nord.
La partie jour offre un salon lumineux ouvrant sur un balcon ainsi qu’une cuisine ouverte entièrement équipée avec séchoir.
La partie nuit comprend une chambre à coucher, une salle de bain et une suite parentale.
Une place de parking est disponible au sous-sol",https://www.mubawab-media.com/ad/8/104/184F/h/1_GF_79886714.avif
Prix à consulter,A vendre un Triplex S5 à la Marsa,"Cité El Moez, La Marsa","['310 m²', '1 Pièce', '5 Chambres', '4 Salles de bains']","['Garage', 'Ascenseur', 'Piscine', 'Concierge', 'Chambre rangement', 'Salon européen', 'Antenne parabolique', 'Climatisation', 'Chauffage central', 'Sécurité', 'Double vitrage', 'Porte blindée', 'Cuisine équipée']","Hexa Real Estate vous propose à la vente un Triplex S5 à La Marsa

Au rez-de-chaussée, vous trouverez un grand salon avec salle à manger, une cuisine bien équipée, une salle d’eau pour les invités ainsi qu’une chambre à coucher avec dressing.
À l’étage, la maison dispose d’une grande suite parentale avec placards et salle de bain, de deux chambres à coucher avec placards et balcon, ainsi qu’une salle de bain commune.
Le sous-sol comprend un g...",https://www.mubawab-media.com/ad/8/238/962F/h/03d9b020-81af-474e-bc6d-f66a1daf6a89_82026862.avif
Prix à consulter,Prestigieux Duplex avec piscine privée et jardin,"Ain Zaghouan Nord, La Marsa","['217 m²', '4 Pièces', '3 Chambres', '4 Salles de bains']","['Jardin', 'Terrasse', 'Cuisine équipée']","Duplex S+3 très haut standing de 217 m², situé au rez-de-chaussée, avec un jardin privatif de 60 m² et piscine privée, offrant un cadre de vie exclusif et raffiné.

Le rez-de-chaussée comprend un vaste salon et une salle à manger, une salle d’eau pour les invités, une cuisine principale entièrement équipée et  une 2ème cuisine de cuisson, offrant plus de flexibilité et de confort pour les préparations quotidiennes, ainsi qu’une chambre de servi...",https://www.mubawab-media.com/ad/8/312/203F/h/thumb_1289457_property_large_82060878.avif
480 000 TND,Fabuleux S3 de 120 m² avec parking à vendre,"Bhar Lazreg, La Marsa","['120 m²', '4 Pièces', '3 Chambres', '2 Salles de bains']","['Jardin', 'Terrasse', 'Garage', 'Vue sur mer', 'Piscine', 'Concierge', 'Entre-seul', 'Climatisation', 'Chauffage central', 'Sécurité', 'Double vitrage', 'Porte blindée', 'Cuisine équipée', 'Four', 'Micro-ondes']","Résidence LE MANDARIN – La Marsa Bhar Lazreg

À seulement 150 mètres de la Route du Relais de Gammarth, découvrez une résidence haut standing pensée pour le confort et la sérénité de votre famille.

Achetez votre bien d’exception :

* Appartements S+2 / S+3
* Duplex élégants
* Locaux commerciaux en double hauteur
* Bureaux dédiés aux activités médicales

Prestations premium :

* Piscine couverte
* Salle de sport équipée
* Sauna
*...",https://www.mubawab-media.com/ad/8/332/239F/h/c796668b-7fb8-4dee-896d-76301999551f_82271436.avif
1 450 000 TND,"Villa Bella à Vendre à Sidi Daoud, La Marsa","La Marsa, La Marsa","['510 m²', '10 Pièces', '9 Chambres', '4 Salles de bains']","['Jardin', 'Terrasse', 'Garage', 'Vue sur les montagnes', 'Chambre rangement', 'Meublé', 'Entre-seul', 'Climatisation', 'Chauffage central', 'Porte blindée']","Une accueillante villa sur un terrain de 510 m², située dans un bon quartier à Sidi Daoud, La Marsa. Au sous-sol, on trouve deux suites, deux chambres avec dressing, une cuisine équipée et une terrasse. Au RDC, on dispose de deux salons, une suite parentale, trois chambres avec dressing et une salle de bain. Toutes les chambres bénéficient également d’une vue sur le jardin. À l’extérieur, un vaste jardin et un abri pour voiture complètent la prop...",https://www.mubawab-media.com/ad/8/331/957F/h/thumb_1309594_property_xlarge_82268579.avif
2 600 000 TND,Villa S4 vue mer jardin&piscine à vendre à Gammath,"Gammarth, La Marsa","['631 m²', '6 Pièces', '4 Chambres', '3 Salles de bains']","['Terrasse', 'Garage', 'Concierge', 'Climatisation', 'Chauffage central', 'Double vitrage', 'Cuisine équipée']","BONACASA vous propose à la vente une somptueuse villa de 631m² sur trois niveaux située dans une résidence calme et bien gardée.
Le rez-de-chaussée de 148m² se compose d’un vaste salon/salle à manger lumineux grâce à l’ouverture de sa baie vitrée qui donne sur une terrasse et une beau jardin gazonné de 220m², un séjour qui donne également sur le jardin, une cuisine entièrement équipée, un séchoir, une suite de service et une salle d’eau invités...",https://www.mubawab-media.com/ad/8/332/250F/h/laoui01_82271550.avif
1 940 000 TND,Somptueuse maison à vendre à Gammarth Supérieur. 7 chambres...,"Gammarth Supérieur, La Marsa","['720 m²', '7 Chambres', '4 Salles de bains']","['Terrasse', 'Ascenseur', 'Concierge', 'Meublé', 'Façade extérieure', 'Salon européen', 'Antenne parabolique', 'Climatisation', 'Chauffage central', 'Sécurité', 'Porte blindée', 'Cuisine équipée', 'Réfrigérateur', 'Four', 'Machine à laver', 'Micro-ondes']","Prestations haut de gamme pour cette villa à vendre. Prix 1 940 000 TND. 7 chambres, 4 salles de bains, surface 720 m². Moins de 50 ans. À rénover. Revêtement: Carrelage. Propriété entièrement meublée.

Venez découvrir sans hésiter cette villa à Gammarth Supérieur. Confort et sécurité avec Climatisation et Porte blindée. En prime, une magnifique vue sur les montagnes. Vous bénéficierez d'une terrasse et d'un jardin.

Contactez-nous pour visiter c...",https://www.mubawab-media.com/ad/8/332/183F/h/att.bVyzwpvdndYH6ipMJdBPtXwOdMgILgoQnENzPQzKuyw_82270831.avif
920 000 TND,À Vendre – Superbe Grand Loft S2 au Lac 2,"Les Berges Du Lac 2, La Marsa","['170 m²', '2 Pièces', '2 Chambres', '1 Salle de bain']","['Terrasse', 'Garage', 'Ascenseur', 'Concierge', 'Chauffage central']","À Vendre – Superbe Grand Loft S2 au Lac 2 

Vous rêvez d’un espace moderne, lumineux et idéalement situé ? Ce magnifique loft S2 neuf (3 pièces) au Lac 2 est fait pour vous !

 Caractéristiques :

 
  Grand salon spacieux et lumineux
 
 
 ️ 2 chambres confortables
 
 
  2 WC modernes
 
 
  Petite terrasse agréable
 
 
 ️ Climatisation installée
 
 
  Chauffage central
 
 
 ️ Résidence récente et de haut standing
 

Ce...",https://www.mubawab-media.com/ad/8/332/128F/h/IMG_7881_82270394.avif
Prix à consulter,Location courte durée Ain Zaghouan nord El wahat,"Ain Zaghouan Nord, La Marsa","['70 m²', '2 Pièces', '1 Chambre', '1 Salle de bain']","['Terrasse', 'Garage', 'Ascenseur', 'Concierge', 'Climatisation', 'Chauffage central']","Séjour d'exception à El Wahat (Tunis) – En Direct Propriétaire
Appartement  S1 haut standing, neuf , Calme & Vue dégagée.
Salon et chambre ouvrent sur une grande terrasse.
Disponibilité d’un wifi haut débit (gratuit), smart-tv et cuisine ultra-équipée. 
Situé au 7ème étage (avec double ascenseur).
Proche  de: Aéroport, Lac, La Marsa & Cliniques. 
Commodités à deux pas : Magasins, salons de thé, pharmacies et infirmeries, bureaux de change e...",
330 000 TND,Appartement S2 à cité les palmeraies,"Aouina, La Marsa","['134 m²', '2 Pièces', '3 Chambres', '2 Salles de bains']","['Jardin', 'Terrasse', 'Garage', 'Concierge', 'Chambre rangement', 'Entre-seul', 'Salon européen', 'Climatisation', 'Chauffage central', 'Sécurité', 'Double vitrage', 'Porte blindée', 'Cuisine équipée', 'Four']","A Vendre :
Appartement S2 à Cité les palmeraies . 
Emplacement : site les palmeraies .
Etage : 2 éme étage
Superficie : 134 m².
Typologie : S2.

Composition : 
Salon avec balcon. 
Salon à manger .
Cuisine avec séchoir .
Suite parentale avec dressing et salle de douche . 
Une chambre à coucher avec dressing. 
Salle de bain .

  Chauffage central 
Place de parking sous-sol 
  Cellier .

Prix :  330.000 Milles Dinars .
#Réf : SK...",
260 000 TND,Vente laouina s3 6éme étage double ascenseur,"Aouina, La Marsa","['135 m²', '4 Pièces', '3 Chambres', '2 Salles de bains']","['Jardin', 'Terrasse', 'Garage', 'Chambre rangement', 'Entre-seul', 'Antenne parabolique', 'Climatisation', 'Chauffage central', 'Sécurité', 'Double vitrage', 'Porte blindée', 'Cuisine équipée']","ennasr homing met en vente  un s3 bon standing 
au sixéme étage avec toute les commodités  dans un  quartier avec toute les commodités 
il se présente ainsi 
grand salon avec balcon 
cuisine avec séchoir 
salle d'eau invités
trois chambres à coucher 
salle de bain commune 
place parking",
640 000 TND,"À vendre magnifique duplex à la Marsa 
cité du stad","Cité Du Stade, La Marsa","['132 m²', '3 Pièces', '4 Chambres', '3 Salles de bains']",[],Duplex dans une zone des villas,
Prix à consulter,Appartement à vendre à La Perle du Lac 1. Surface de 91 m²,"La Perle du Lac 1, La Marsa","['91 m²', '3 Pièces', '2 Chambres', '1 Salle de bain']","['Jardin', 'Terrasse', 'Ascenseur', 'Concierge', 'Façade extérieure', 'Climatisation', 'Chauffage central', 'Sécurité', 'Double vitrage', 'Porte blindée', 'Cuisine équipée', 'Four']","Situé dans le prestigieux quartier du Lac de Tunis, GAIA est un projet résidentiel de standing supérieur qui incarne l’élégance contemporaine et le confort absolu. Niché dans l’un des emplacements les plus prisés de la capitale, il offre un cadre de vie exclusif où modernité et raffinement se rencontrent harmonieusement.

Des appartements d’exception

GAIA propose une sélection d’appartements haut de gamme, du S+1 aux somptueux penthouses, to...",
385 000 TND,"Appartement S1 à vendre, Résidence Malaga 2 La Marsa","Cité Les Pins, La Marsa","['69 m²', '2 Pièces', '1 Chambre', '1 Salle de bain']","['Jardin', 'Ascenseur', 'Antenne parabolique', 'Climatisation', 'Chauffage central', 'Sécurité', 'Double vitrage', 'Porte blindée', 'Cuisine équipée', 'Four']",Appartement de type S1 avec Terrasse au RDC,
242 000 TND,Superbe appartement à vendre à Ain Zaghouan Nord,"Ain Zaghouan Nord, La Marsa","['63 m²', '1 Pièce', '1 Chambre', '1 Salle de bain']","['Jardin', 'Terrasse', 'Garage', 'Piscine', 'Entre-seul', 'Salon européen', 'Antenne parabolique', 'Climatisation', 'Chauffage central', 'Sécurité', 'Double vitrage', 'Porte blindée', 'Cuisine équipée', 'Four']","La Résidence « REGALIA 2 » se situe à Ain Zaghouan et donne directement sur l’avenue Khalid Ibn El Walid, elle est idéalement placée à dix minutes du centre ville et de la Marsa, et à proximité des Berges du Lac et de l’aéroport.

_CONCEPTION

Née d’un désir d’exclusivité et d’excellence, la Résidence REGALIA se distingue par l’originalité de son architecture et de la conception de ses façades et de ses parties communes. La résidence s’articu...",https://www.mubawab-media.com/ad/8/116/156F/h/image_1_80006394.avif
1 380 000 TND,Villa S4 de 300 M² avec piscine à La Marsa,La Marsa,"['300 m²', '5 Pièces', '4 Chambres', '4 Salles de bains']","['Garage', 'Ascenseur', 'Sécurité']","PHOENIX ESTATES, agence immobilière située à La Marsa, vous propose à la vente une villa avec piscine de 300 m² de superficie, située à La Marsa.
Elle se compose comme suit:
-Au rez-de-chaussée: Un salon une salle à manger, une cuisine  équipée, une salle d'eau invités.
-A l'étage: Une suite parentale, trois suites juniors.
-A l'extérieur: Un jardin, une piscine et un garage",https://www.mubawab-media.com/ad/8/330/686F/h/thumb_1308694_property_large_82255477.avif
270 000 TND,A vendre S1 Cité les palmeraies Aouina,"Aouina, La Marsa","['73 m²', '1 Pièce', '1 Chambre', '1 Salle de bain']","['Jardin', 'Terrasse', 'Garage', 'Piscine', 'Climatisation', 'Chauffage central', 'Sécurité']","À vendre : S1 à l’Aouina – Cité Palmeraies
 Situé au 5ᵉ étage
 Double ascenseur
 Appartement habitable et bien agencé
 Résidence sécurisée et calme
 Place de parking
 Emplacement stratégique proche de toutes les commodités
 Idéal pour habitation ou investissement locatif",https://www.mubawab-media.com/ad/8/310/495F/h/gallery_82039772.avif
2 150 000 TND,À VENDRE – Villa de Plain Pied – Route de Gammart,"Ain Zaghouan Nord, La Marsa","['1000 m²', '4 Pièces', '4 Chambres', '1 Salle de bain']","['Terrasse', 'Ascenseur', 'Chauffage central', 'Sécurité', 'Four']","VIP Real Estate vous propose à la vente une somptueuse villa d’architecte située dans un lotissement privé sécurisé sur la Route de Gammarth, à proximité immédiate de La Marsa.

Édifiée sur un terrain de 1 000 m², cette propriété développe une surface bâtie de 304 m² en rez-de-chaussée ainsi qu’un box à l’étage de 50 m².

 Une villa aux prestations haut standing

Construite avec des matériaux nobles (marbre, grès, boiserie, aluminium, fer f...",https://www.mubawab-media.com/ad/8/312/758F/h/gallery_82066847.avif
320 000 TND,S2 en vente,"Aouina, La Marsa","['95 m²', '3 Pièces', '2 Chambres', '2 Salles de bains']","['Terrasse', 'Garage', 'Ascenseur', 'Façade extérieure', 'Chauffage central', 'Sécurité', 'Cuisine équipée', 'Four']","Appartement S2 de haut standing, situé dans une résidence sécurisée et parfaitement entretenue, dotée d’un double ascenseur, garantissant confort et tranquillité au quotidien.                                             L’appartement offre des espaces bien agencés. La partie jour se compose d’un salon spacieux et lumineux, donnant accès à un balcon agréable, parfait pour vos moments de détente...",https://www.mubawab-media.com/ad/8/308/853F/h/DSC_7341_82022869.avif
À partir de310 000 TND,"Résidence"" La Régence ""","El Menzah 9, El Menzah","['Haut standing', 'En cours de construction', 'Livraison:\n\t\t\t\t\t\t\t\t\t\tseptembre 2026']","['Garage', 'Ascenseur', 'Concierge', 'Chambre rangement', 'Salon européen', 'Antenne parabolique', 'Climatisation', 'Chauffage central', 'Sécurité', 'Double vitrage', 'Porte blindée', 'Cuisine équipée']","""la régence"" est la résidence la plus luxueuse du menzah 9. elle offre à ses résidents un style de vie luxueux et distingué.
les appartements sont bien conçus et profitent pleinement de la lumière du jour",https://www.mubawab-media.com/ad/8/328/948F/h/diCxyjN0BiAmHYvb-thumb_82237255.avif
465 000 TND,S3 en vente,"Aouina, La Marsa","['145 m²', '4 Pièces', '3 Chambres', '2 Salles de bains']","['Terrasse', 'Garage', 'Ascenseur', 'Concierge', 'Climatisation', 'Chauffage central', 'Sécurité', 'Double vitrage', 'Cuisine équipée', 'Four']","Appartement S3 situé au 3 étage d’une résidence sécurisée avec ascenseur.
 À l’entrée, on trouve un salon spacieux et lumineux. La cuisine est indépendante, aménagée et équipée d’une plaque de cuisson, d’une hotte et d’un four, avec un séchoir attenant.
 La partie nuit se compose d’une suite parentale avec dressing et salle de douche, de deux chambres à coucher avec dressings, d’une salle de bain commune ainsi que d’une salle d’eau pour les inv...",https://www.mubawab-media.com/ad/8/079/902F/h/2PKIokxDqLiEBoJS-thumb_79700126.avif
368 864 TND,A vendre S2 de 104m² ç La Mars Bhar Lazrek,"Bhar Lazreg, La Marsa","['104 m²', '3 Pièces', '2 Chambres', '1 Salle de bain']","['Jardin', 'Terrasse', 'Garage', 'Ascenseur', 'Piscine', 'Concierge', 'Climatisation', 'Chauffage central', 'Sécurité', 'Double vitrage', 'Cuisine équipée', 'Four']","Opéra Garden est votre nouvelle résidence de haut standing sise à La Marsa – Bhar Lazreg.
Erigée en R+2 avec un sous-sol, elle est située à 750m de l’hypermarché Carrefour.


Le projet se compose de 5 blocs et la remise des clés de la 2ème tranche du projet est prévu pour la fin du mois de juillet 2025 dont des :

- S+1
- S+2
- S+3
- Duplex types (S+2) et (S+3)

La résidence dispose également d’une salle de jeux au sous-sol. Pensée pou...",https://www.mubawab-media.com/ad/8/242/460F/h/WhatsApp%20Image%202025-10-28%20at%2016.17.36%20%281%29_81423920.avif
370 000 TND,A vendre un S1 à Ain Zaghouan nord neuf,"Ain Zaghouan Nord, La Marsa","['74 m²', '2 Pièces', '1 Chambre', '1 Salle de bain']","['Jardin', 'Sécurité', 'Cuisine équipée']","L'agence immobilière Century 21 Infinity vous propose à la vente un appartement S1 a Ain Zaghouan nord neuf 
*Emplacement : Ain Zaghouan nord 
*Typologie : S1 
*Etat : neuf 
Il est composé de : 
- Un salon avec balcon 
- Une cuisine équipée 
- Une salle de bain 
- Une Chambre à coucher avec dressing 
*Climatisation central 
*Chauffage central",https://www.mubawab-media.com/ad/7/781/933F/h/1_GF_69459194.avif
Prix à consulter,A louer un triplex neuf à Gammarth village,"Gammarth Village, La Marsa","['300 m²', '5 Pièces', '4 Chambres', '3 Salles de bains']","['Jardin', 'Terrasse', 'Cuisine équipée']","L’agence immobilière Century 21 Infinity vous propose à la Vente un Triplex S4 à Gammarth village
*Emplacement : Gammarth village
*Typologie : S4
*Etat : Excellent
*Superficie : 300 m2

Il est composé de :
– Un salon qui donne sur le jardin et la piscine
– Une cuisine équipée
– Une suite parentale
– Un point d’eau
_ Deux chambres à coucher
_ Une salle de bain
_ Une chambre de service
– Une place parking au sous sol

*Climatiseurs
...",https://www.mubawab-media.com/ad/8/236/228F/h/thumb_1186505_property_large_81243942.avif
1 320 000 TND,Magnifique Appartement S3 au coeur de la Marsa,La Marsa,"['160 m²', '3 Pièces', '3 Chambres', '2 Salles de bains']","['Jardin', 'Terrasse', 'Garage', 'Piscine', 'Concierge', 'Climatisation', 'Chauffage central', 'Cuisine équipée']","NewKey La Marsa propose à la vente un magnifique appartement S3 avec jardin au coeur de la villa, situé dans une résidence calme et sécurisée à proximité de toutes les comodités 
L'espace  jour se compose d'un salon  salle à manger ouvrant sur le jardin et une cuisine équipéee ,quant au coté nuit on trouve deux chambres à coucher qui partagent la meme salle de bain et une suite parentale.  Référence du bien: Ref8513a",https://www.mubawab-media.com/ad/7/845/704F/h/Capture%20d%E2%80%99e%CC%81cran%202025-11-04%20a%CC%80%203.19.47%20PM_81894220.avif
410 000 TND,Duplex Bettina à Vendre à Gammarth Village,"Gammarth Village, La Marsa","['200 m²', '4 Pièces', '3 Chambres', '3 Salles de bains']","['Terrasse', 'Ascenseur', 'Piscine', 'Concierge', 'Antenne parabolique', 'Climatisation', 'Chauffage central', 'Sécurité', 'Double vitrage', 'Cuisine équipée', 'Four']","Un duplex de charme sur un terrain de 200 m² situé dans une impasse résidentiel à Gammarth Village. Au RDC, On a un spacieux salon, salle à manger, une cuisine équipée avec séchoir et une salle d'eau.  À L’étage, On a une suite parentale, 2 chambres et une salle de bain. A L'extérieur, On a une terrasse et un jardin. Pour tous les renseignements, Contacter l'agent",https://www.mubawab-media.com/ad/8/330/435F/h/00901262028032026_tu_tuha3_15001501a0_1024_IMG_2124_82252825.avif
Prix à consulter,A vendre une villa de maitre à Gammarth,"Gammarth, La Marsa","['500 m²', '5 Pièces', '4 Chambres', '1 Salle de bain']","['Ascenseur', 'Façade extérieure', 'Chauffage central']","Agence immobilière Le Carré 9 vous propose à la vente une villa de charme d’une typologie de S5 située dans un quartier calme et résidentiel à Gammarth.
Cette demeure est édifiée sur un terrain de 500m² avec une bâtisse de 450m² sur 3 niveaux.

Le RDC de la villa contient un grand salon, une salle à manger lumineux avec un accès sur la terrasse ainsi que la piscine et le Jardin, un séjour avec baie-vitrée, une cuisine équipée installée, un pla...",https://www.mubawab-media.com/ad/8/314/414F/h/WhatsApp%20Image%202026-03-09%20at%2011.35.10_82087956.avif
Prix à consulter,Agréable appartement à vendre,"Ain Zaghouan Nord, La Marsa","['123 m²', '3 Pièces', '2 Chambres', '3 Salles de bains']","['Jardin', 'Terrasse', 'Entre-seul', 'Antenne parabolique', 'Climatisation', 'Chauffage central', 'Double vitrage', 'Porte blindée']","Agréable appartement à vendre. 2 chambres à coucher, 3 salles de bains, 123m² avec  3 pièces salon et 02 chambres à couche une avec suite parentale . Nouveau.

Cet appartement est en vente à Ain Zaghouan Nord. Résidence avec piscine. Grand balcon.

Programmez dès maintenant votre visite pour cet appartement d'exception. Isolation sonore avec double vitrage. Résidence sécurisée",https://www.mubawab-media.com/ad/8/318/834F/h/c4e59aad-b2f6-4d9c-8666-5a1bc145d238_82140959.avif
245 000 TND,Appartement s2 a vendre,"Aouina, La Marsa","['100 m²', '3 Pièces', '2 Chambres', '1 Salle de bain']","['Terrasse', 'Ascenseur', 'Chauffage central', 'Porte blindée']","Cet appartement S2 occupe une superficie de 100 m². Il est situé au sixième étage d’une résidence avec ascenseur. Grâce à son emplacement, il bénéficie d’une vue dégagée, agréable et panoramique.

Il se compose d’un salon spacieux et lumineux, doté d’une grande ouverture. La cuisine, également spacieuse, est aménagée, avec accès à un séchoir.

La partie nuit comprend deux chambres à coucher qui se partagent une salle de bain commune. L’appart...",https://www.mubawab-media.com/ad/8/310/428F/h/20103561820022026_tu_tuha3_15001501a0_1024_ee6ebadb-7d30-44f1-9779-354ea6d47fef_82039094.avif
779 000 TND,"Duplex, étage s2 et studio a vendre",La Marsa,"['327 m²', '5 Pièces', '6 Chambres', '4 Salles de bains']","['Terrasse', 'Ascenseur', 'Concierge', 'Antenne parabolique', 'Climatisation', 'Chauffage central', 'Sécurité', 'Double vitrage', 'Cuisine équipée', 'Four']","Une opportunité d’investissement rare à ne pas manquer !

Ce magnifique duplex s’ouvre sur un charmant petit jardin cocooning, offrant un cadre de vie agréable et intime. Composé de trois chambres a coucher, une cuisine aménagée, salon et salle d'eau d'invite 
En sortant du duplex, une seconde entrée indépendante mène à un étage de villa S2, très spacieux et lumineux, offrant de nombreuses possibilités d’aménagement.
Au dernier niveau, On acc...",https://www.mubawab-media.com/ad/8/245/095F/h/WhatsApp%20Image%202025-09-12%20at%2015.14.58_81335690.avif
249 000 TND,Appartement S2 110m2 a vendre,"Aouina, La Marsa","['110 m²', '3 Pièces', '2 Chambres', '1 Salle de bain']","['Terrasse', 'Garage', 'Ascenseur', 'Concierge', 'Climatisation', 'Chauffage central', 'Sécurité', 'Double vitrage', 'Porte blindée', 'Cuisine équipée', 'Four']","Appartement S2 à vendre, d’une superficie de 110 m², situé à L’Aouina au 1er étage.
Il se compose d’un salon spacieux, lumineux, avec balcon, offrant un bon standing et en très bon état.
La cuisine est grande, bien aménagée et équipée de placards.
La partie nuit comprend deux chambres à coucher spacieuses et bien orientées, dont une avec dressing, ainsi qu’une salle de bain commune",https://www.mubawab-media.com/ad/8/310/433F/h/WhatsApp%20Image%202026-02-16%20at%2019.19.32%20%283%29_82039160.avif
400 000 TND,Appartement S2 Jamais habité,"Aouina, La Marsa","['110 m²', '3 Pièces', '2 Chambres', '1 Salle de bain']","['Terrasse', 'Ascenseur', 'Concierge', 'Antenne parabolique', 'Climatisation', 'Chauffage central', 'Double vitrage', 'Porte blindée', 'Cuisine équipée', 'Four']","Cet appartement S2 situé au septième et dernier étage, de très haut standing, dans une résidence neuve jamais habitée. L’appartement sera remis comme première clé. Il occupe une superficie de 156 m², dont 45 m² de terrasse. Dès l’entrée, le bien s’ouvre sur un salon lumineux avec une ouverture donnant directement sur la terrasse.

La partie jour comprend une cuisine bien équipée, pouvant également accueillir une table à manger, ainsi qu’une sal...",https://www.mubawab-media.com/ad/8/214/338F/h/thumb_659511_property_large_81009175.avif
365 000 TND,Appartement s2 à vendre,"Aouina, La Marsa","['108 m²', '3 Pièces', '2 Chambres', '1 Salle de bain']","['Concierge', 'Meublé', 'Climatisation', 'Chauffage central', 'Cuisine équipée']","Cet appartement se situe au deuxième étage d’une résidence sécurisée, érigée sur seulement deux niveaux et bénéficie d’un emplacement privilégié aux Jardins de l’Aouina, à proximité de toutes les commodités.

Dès l’entrée, vous êtes accueilli par un hall menant à une cuisine moderne, aménagée et équipée d'une plaque chauffante, d'une hotte aspirante et d'un four électrique , est complétée par un sechoir exploitable

le salon est baigné de lum...",https://www.mubawab-media.com/ad/8/311/573F/h/Rendu%20cam04_82051778.avif
645 000 TND,Appartement s4 jamais habité,"Aouina, La Marsa","['191 m²', '5 Pièces', '4 Chambres', '2 Salles de bains']","['Garage', 'Ascenseur', 'Piscine', 'Concierge', 'Chambre rangement', 'Salon européen', 'Antenne parabolique', 'Climatisation', 'Chauffage central', 'Sécurité', 'Double vitrage', 'Porte blindée', 'Cuisine équipée']","Appartement S4 au septième étage avec double ascenseur, d’une superficie de 191 m² et une terrasse de 25 m², très moderne, proposé directement par le promoteur.

Il comprend un salon lumineux et spacieux avec balcon, une cuisine bien équipée et aménagée avec séchoir, ainsi qu’une salle d’eau pour les invités.

La partie nuit offre une suite parentale et trois chambres à coucher partageant une grande terrasse.

L’appartement, construit en 20...",https://www.mubawab-media.com/ad/8/332/121F/h/IMG_4511_82270086.avif
850 000 TND,A vendre un appartement à cité les pins,"Cité Les Pins, La Marsa","['85 m²', '3 Pièces', '2 Chambres', '1 Salle de bain']","['Jardin', 'Terrasse', 'Garage', 'Chambre rangement', 'Meublé', 'Entre-seul', 'Salon européen', 'Antenne parabolique', 'Climatisation', 'Chauffage central', 'Sécurité', 'Double vitrage', 'Porte blindée', 'Cuisine équipée', 'Réfrigérateur', 'Four', 'Machine à laver', 'Micro-ondes']","Situé au 2ème étage d’un immeuble sécurisé sans ascenceur au sein d’une résidence calme et bien entretenue, cet appartement semi-meublé vous offre un cadre de vie agréable à proximité des commodités.

Caractéristiques principales :

 
 Superficie confortable et bien agencée
 
 
 Salon lumineux 
 
 
 Cuisine équipée partiellement 
 
 
 2 chambres spacieuses avec Placards.
 
 
 Salle de bain moderne
 
 
 Climatisation installée...",https://www.mubawab-media.com/ad/8/332/116F/h/IMG_8017_82270027.avif
504 000 TND,A vendre S3 avec Place de parking,"Bhar Lazreg, La Marsa","['129 m²', '4 Pièces', '3 Chambres', '2 Salles de bains']","['Garage', 'Ascenseur', 'Concierge', 'Façade extérieure', 'Salon européen', 'Antenne parabolique', 'Climatisation', 'Chauffage central', 'Sécurité', 'Double vitrage', 'Porte blindée', 'Cuisine équipée', 'Four']","Résidence LE MANDARIN – La Marsa Bhar Lazreg

À seulement 150 mètres de la Route du Relais de Gammarth, découvrez une résidence haut standing pensée pour le confort et la sérénité de votre famille.

Achetez votre bien d’exception :

* Appartements S+2 / S+3
* Duplex élégants
* Locaux commerciaux en double hauteur
* Bureaux dédiés aux activités médicales

Prestations premium :

* Piscine couverte
* Salle de sport équipée
* Sauna
*...",https://www.mubawab-media.com/ad/8/332/007F/h/IMG_3500_82269073.avif
900 000 TND,À vendre à l aouina,"Aouina, La Marsa","['450 m²', '6 Pièces', '3 Chambres', '3 Salles de bains']","['Terrasse', 'Façade extérieure', 'Chauffage central', 'Cuisine équipée', 'Four', 'Micro-ondes']","À vendre – Villa R2 de haut standing à Laouina

L’agence immobilière RE/MAX Platinum vous propose à la vente une villa R2 de très haut standing, idéalement située à Laouina, à seulement 2 minutes du Lac 2, bénéficiant d’un emplacement stratégique au cœur d’un quartier résidentiel prisé.

Distribution :
	•	Vaste salon offrant une belle luminosité
	•	3 chambres à coucher avec dressings intégrés
	•	Chambre de rangement
	•	Cuisine moderne ent...",https://www.mubawab-media.com/ad/8/332/011F/h/IMG-20260413-WA0114_82269115.avif
650 000 TND,À vendre S2 au lac 2,"La Marsa, La Marsa","['115 m²', '3 Pièces', '2 Chambres', '2 Salles de bains']","['Garage', 'Meublé']","À vendre – Appartement S2 au Lac 2

L’agence immobilière RE/MAX Platinum vous propose à la vente un superbe appartement S2 situé dans un quartier prisé du Lac 2, offrant confort, modernité et prestations de haut standing.

Caractéristiques :
	•	Très haut standing
	•	Spacieux salon lumineux
	•	2 chambres à coucher
	•	2 salles de bains
	•	Cuisine équipée
	•	Place de parking
	•	Situé au 2ᵉ étage
	•	Résidence sécurisée

Points forts :
...",https://www.mubawab-media.com/ad/8/331/888F/h/WhatsApp%20Image%202026-04-13%20at%2017.53.30%20%284%29_82268743.avif
385 000 TND,"Bel Appartement S3, La Marsa Cité des Juges","Cité des Juges, La Marsa","['112 m²', '1 Pièce', '3 Chambres', '2 Salles de bains']","['Jardin', 'Garage', 'Ascenseur', 'Concierge', 'Climatisation', 'Chauffage central', 'Sécurité', 'Double vitrage', 'Porte blindée', 'Cuisine équipée', 'Four', 'Micro-ondes']","Appartement en excellent état, idéalement situé dans un quartier résidentiel calme et bien desservi de La Marsa, à deux pas des commerces, écoles et transports.
Pour famille ou investisseur !

Composition :
- Salon spacieux
- 3 chambres à coucher avec placards intégrés (dont une avec armoire miroir)
- 2 salles de bain
- Cuisine aménagée avec plan de travail en granit
- Séchoir
- Chauffage central

Caractéristiques :
- Superficie : 112...",https://www.mubawab-media.com/ad/8/315/133F/h/thumb_1292080_property_xlarge_82091332.avif
526 000 TND,S2 Ain zaghouan,"Ain Zaghouan, La Marsa","['132 m²', '3 Pièces', '2 Chambres', '1 Salle de bain']","['Terrasse', 'Garage', 'Sécurité']","Villa de très haut standing à Ain Zaghouan – Tunis

Nous vous proposons à la vente une élégante villa située à Ain Zaghouan, l’un des quartiers les plus recherchés de Tunis, apprécié pour son environnement résidentiel calme, sa proximité avec les commodités et son accès rapide aux principaux axes de la capitale.

Édifiée sur un terrain de 132 m² avec une surface habitable équivalente, cette villa de très haut standing offre un cadre de vie c...",https://www.mubawab-media.com/ad/8/259/059F/h/2651bb31-7f87-42fe-87d8-905d166639bf_1_81478337.avif
370 000 TND,A VENDRE Appartement S1 à Les Berges du Lac 2,"Les Berges Du Lac 2, La Marsa","['72 m²', '2 Pièces', '1 Chambre', '1 Salle de bain']","['Terrasse', 'Garage', 'Ascenseur', 'Concierge', 'Meublé', 'Climatisation', 'Chauffage central', 'Sécurité', 'Double vitrage', 'Porte blindée', 'Cuisine équipée']","Cet appartement S1 de 72 m² est situé aux Berges du Lac 2. Dès l’entrée, vous serez accueilli par un salon lumineux grâce à son ouverture sur un jardin. . La cuisine est équipée d’éléments de rangement, d’une hotte, d’une plaque et d’un four. La partie nuit se compose d’une chambre à coucher avec dressing. Une salle de douche est également disponible.

L’appartement dispose d'un chauffage central, d'un climatisation en split system et d'une pla...",https://www.mubawab-media.com/ad/8/284/217F/h/16243290-d270-4858-8a11-2cad7edd6fc3_1_81761841.avif
440 000 TND,Appartement s1 à vendre aux berges du lac2,"Les Berges Du Lac 2, La Marsa","['80 m²', '1 Chambre']","['Terrasse', 'Garage', 'Ascenseur', 'Concierge', 'Climatisation', 'Chauffage central', 'Double vitrage', 'Porte blindée', 'Cuisine équipée']","Newkey Lac 2 propose à la vente un appartement de type S1 au Lac 2.

Ce bien est situé dans une résidence sécurisée et gardée, à proximité de toutes les commodités.

Il se compose d'un salon avec balcon, d'une chambre à coucher, d'une kuisine équipée avec séchoir et d'une salle de bain.

Une place de parking est également disponible.  Référence du bien: Ref8965a",https://www.mubawab-media.com/ad/8/242/807F/h/d2e48964-afc4-435c-8b96-ef1fea0d28f8_2_81310043.avif
950 000 TND,Un magnifique Appartement S3 au Lac 2,"Les Berges Du Lac 2, La Marsa","['2200 m²', '1 Pièce', '3 Chambres', '3 Salles de bains']","['Jardin', 'Terrasse', 'Garage', 'Piscine', 'Climatisation', 'Chauffage central', 'Double vitrage', 'Porte blindée', 'Cuisine équipée']","La Méditerranée Immobilière Lac 2 vous propose à la vente un magnifique appartement S3 meublé dans une résidence sécurisée et calme situé aux Berges du Lac 2 . Il se compose d'un salon lumineux et spacieux, avec une grande terrasse et salle d'eau d'invités. Une cuisine équipée avec un séchoir La partie nuit dispose un petit salon, une suite parentale et une chambre à coucher avec salle de bain. L'appartement est équipé de chauffages centrale et d...",
Prix à consulter,Appartement S2 aux BNerges du Lac 1,"Les Berges Du Lac 1, La Marsa","['90 m²', '1 Pièce', '2 Chambres', '1 Salle de bain']",[],"La Méditerranée Immobilière Lac 2 vous propose à la vente un appartement S2 aux Berges du Lac 1. Il se compose d'un salon spacieux et lumineux avec un balcon, une cuisine bien équipée avec un séchoir. La partie nuit dispose deux chambres à coucher avec une salle de bain commune. L'appartement est équipé de chauffages centrale , des climatiseurs et une place parking au sous sol",
Prix à consulter,Appartement de luxe à La Perle du Lac 1,"La Perle du Lac 1, La Marsa","['96 m²', '3 Pièces', '2 Chambres', '1 Salle de bain']","['Jardin', 'Climatisation', 'Chauffage central']","Situé dans le prestigieux quartier du Lac de Tunis, GAIA est un projet résidentiel de standing supérieur qui incarne l’élégance contemporaine et le confort absolu. Niché dans l’un des emplacements les plus prisés de la capitale, il offre un cadre de vie exclusif où modernité et raffinement se rencontrent harmonieusement.

Des appartements d’exception

GAIA propose une sélection d’appartements haut de gamme, du S+1 aux somptueux penthouses, to...",
422 000 TND,Appartement en vente à Ain Zaghouan,"Ain Zaghouan Nord, La Marsa","['114 m²', '3 Pièces', '2 Chambres', '2 Salles de bains']","['Jardin', 'Ascenseur', 'Antenne parabolique', 'Climatisation', 'Chauffage central', 'Sécurité', 'Double vitrage', 'Porte blindée', 'Cuisine équipée', 'Four']","La Résidence « REGALIA 2 » se situe à Ain Zaghouan et donne directement sur l’avenue Khalid Ibn El Walid, elle est idéalement placée à dix minutes du centre ville et de la Marsa, et à proximité des Berges du Lac et de l’aéroport.

_CONCEPTION

Née d’un désir d’exclusivité et d’excellence, la Résidence REGALIA se distingue par l’originalité de son architecture et de la conception de ses façades et de ses parties communes. La résidence s’articu...",
854 000 TND,Coquet App S2 de 193 m² à la Vente,La Marsa,"['133 m²', '3 Pièces']","['Jardin', 'Terrasse', 'Garage', 'Ascenseur', 'Concierge', 'Chambre rangement', 'Façade extérieure', 'Salon européen', 'Antenne parabolique', 'Climatisation', 'Chauffage central', 'Sécurité', 'Double vitrage', 'Porte blindée', 'Cuisine équipée', 'Réfrigérateur', 'Four', 'Micro-ondes']","Découvrez la Résidence Alézia de BLOOM Immobilière, un havre de tranquillité niché dans le quartier de Sidi Daoud à La Marsa. Avec ses 11 appartements haut de gamme disponibles, cette résidence offre une expérience de vie exceptionnelle, alliant confort et modernité.

Caractéristiques du Projet :

Appartements Haut de Gamme : Configurations exclusives incluant S+1, S+2, S+3, Penthouse et Duplex, offrant des espaces spacieux et une conception...",
1 400 000 TND,A vendre S3 lumineux avec balcon aux Lac 2,"Les Berges Du Lac 2, La Marsa","['273 m²', '4 Pièces', '3 Chambres', '3 Salles de bains']","['Terrasse', 'Garage', 'Ascenseur', 'Concierge', 'Climatisation', 'Chauffage central', 'Sécurité', 'Double vitrage', 'Porte blindée', 'Cuisine équipée']","À vendre, appartement S3 situé au 5ᵉ étage d’une résidence calme et sécurisée aux Berges du Lac 2.

Il se compose d’un salon lumineux avec balcon, d’une cuisine équipée avec séchoir, ainsi que d’une salle d’eau pour les invités.

La partie nuit comprend une suite parentale et deux chambres à coucher avec dressings, desservies par une salle de bain commune.

L’appartement est équipé du chauffage central et de climatiseurs. Deux places de par...",https://www.mubawab-media.com/ad/8/320/802F/h/photo_0_82148607.avif
Prix à consulter,À vendre appartement S3 Les berges du Lac 2,"Les Berges Du Lac 2, La Marsa","['183 m²', '4 Pièces', '3 Chambres', '2 Salles de bains']","['Terrasse', 'Garage', 'Ascenseur', 'Concierge', 'Climatisation', 'Chauffage central', 'Sécurité', 'Cuisine équipée']","CENTURY 21 BARROS LAC 2 vous propose pour la vente un appartement en s3 de 183m² situé au lac 2

Il se compose:
– Un salon
– Une suite parentale
–Deux chambres à coucher
– Une salle d’eau
– Une cuisine équipée
– Une salle de bain
– Une place de parking
-cellier

Contactez nous dès aujourd’hui pour plus d’informations et pour organiser une visite sur place : Tel/ WhatsApp 216 23 024 000
Email : sb@century21.tn",https://www.mubawab-media.com/ad/8/267/318F/h/5_82206292.avif
1 850 000 TND,A vendre un s3 avec piscine aux lac 2,"Les Berges Du Lac 2, La Marsa","['285 m²', '4 Pièces', '3 Chambres', '3 Salles de bains']","['Garage', 'Ascenseur', 'Piscine', 'Concierge', 'Chambre rangement', 'Façade extérieure', 'Climatisation', 'Chauffage central', 'Sécurité', 'Double vitrage', 'Porte blindée', 'Cuisine équipée', 'Four']","Hive real estate vous propose à la vente  un appartement en s3 avec piscine au 2 -ème étage aux berges du lac 2 .
Il se compose d'un grand salon donnant sur l piscine , une cuisine américaine richement équipée , une salle d'eau invites .
trois suites chacune avec jacuzzi
deux places de parking sous sol",https://www.mubawab-media.com/ad/8/293/456F/h/78c219a5-7c32-4331-a843-47d2637e80ce%20%283%29_81858427.avif
440 000 TND,À vendre S3 Nouvelle Soukra 5ᵉ et dernier étage,"Aouina, La Marsa","['136 m²', '4 Pièces', '3 Chambres', '2 Salles de bains']","['Terrasse', 'Garage', 'Ascenseur', 'Concierge', 'Façade extérieure', 'Climatisation', 'Chauffage central', 'Sécurité', 'Double vitrage', 'Porte blindée', 'Cuisine équipée', 'Four']","Hive Real Estate vous propose une belle opportunité d’acquisition à la Nouvelle Soukra : un appartement S3 situé au 5ᵉ et dernier étage d’une résidence R5, offrant une superficie de 136 m². Il se compose d’un salon lumineux avec balcon, d’une cuisine aménagée et équipée (plaque, hotte, four) avec séchoir, de trois chambres avec dressings, d’une salle de bain et d’une salle d’eau invités. Deux places de parking ainsi qu’un cellier sont également d...",https://www.mubawab-media.com/ad/8/182/864F/h/294c20e6-d91f-4a8e-b112-4965c7e04e30_82011394.avif
Prix à consulter,Résidence FLAVA aux Jardin de Carthage,"Les Jardins de Carthage, Le Kram","['Haut standing', 'En cours de construction', 'Livraison:\n\t\t\t\t\t\t\t\t\t\tmars 2028']","['Jardin', 'Terrasse', 'Piscine', 'Entre-seul', 'Antenne parabolique', 'Climatisation', 'Chauffage central', 'Sécurité', 'Porte blindée', 'Cuisine équipée']","installée au cœur du prestigieux lotissement résidences du parc, dans le quartier prisé des jardins de carthage, flava résidences vous offre un équilibre parfait entre effervescence urbaine et",https://www.mubawab-media.com/ad/8/114/326F/h/a7b0d2a1-c9f9-4e8b-8ba2-85ab12052e54%20%281%29_79987151.avif
1 300 000 TND,Une villa s3 à gammarth avec piscine,"Gammarth, La Marsa","['312 m²', '4 Pièces', '3 Chambres', '2 Salles de bains']","['Garage', 'Ascenseur', 'Concierge', 'Chambre rangement', 'Salon européen', 'Antenne parabolique', 'Climatisation', 'Chauffage central', 'Sécurité', 'Double vitrage', 'Porte blindée', 'Cuisine équipée']","A vendre une villa  neuve  s3 à Gammarth 
 surface terrain 312 mètre 

Elle se compose comme suite: 

Au réez de chaussée:
-salon
-cuisine
-salle d'eau pour les invités 

A l'étage:
-séjour
-1 suite avec salle de bain
-2 suites avec salle de douche 
-piscine
-abri pour voiture
-piscine .

 prix: 1.300.000 dt 
Contacter agence villa ( agence immobilière agrée)
Tel : 29387777.
#appartement #vente #agence #maisonalouer #Furnishe...",https://www.mubawab-media.com/ad/8/308/856F/h/Panorama3_82022924.avif
358 564 TND,Superbe S2 de 105m² à vendre,"Bhar Lazreg, La Marsa","['105 m²', '3 Pièces', '2 Chambres', '1 Salle de bain']","['Terrasse', 'Ascenseur', 'Piscine', 'Concierge', 'Chambre rangement', 'Meublé', 'Façade extérieure', 'Antenne parabolique', 'Climatisation', 'Chauffage central', 'Sécurité', 'Double vitrage', 'Porte blindée', 'Cuisine équipée', 'Four', 'Micro-ondes']","Opéra Garden est votre nouvelle résidence de haut standing sise à La Marsa – Bhar Lazreg.
Erigée en R+2 avec un sous-sol, elle est située à 750m de l’hypermarché Carrefour.


Le projet se compose de 5 blocs et la remise des clés de la 2ème tranche du projet est prévu pour la fin du mois de juillet 2025 dont des :

- S+1
- S+2
- S+3
- Duplex types (S+2) et (S+3)

La résidence dispose également d’une salle de jeux au sous-sol. Pensée pou...",https://www.mubawab-media.com/ad/7/845/710F/h/Cam27%208K_81895100.avif
Prix à consulter,Appartement S3 de prestige,"Ain Zaghouan Nord, La Marsa","['165 m²', '4 Pièces', '3 Chambres', '3 Salles de bains']","['Terrasse', 'Climatisation', 'Chauffage central', 'Sécurité', 'Double vitrage', 'Porte blindée', 'Cuisine équipée', 'Four']","Découvrez ce superbe appartement S+3 de 165 m², situé aux 1er et 2ème étages de la Résidence Panthéon, une résidence R+4 de très haut standing offrant des prestations premium telles qu’une piscine couverte et une salle de sport exclusivement réservées aux résidents.

Conçu pour offrir confort, élégance et bien-être, l’appartement se distingue par des espaces lumineux, une distribution harmonieuse et des finissions soignées.

Il se compose com...",https://www.mubawab-media.com/ad/8/304/077F/h/9_81974433.avif
900 000 TND,A vendre un loft Neuf,"Les Berges Du Lac 2, La Marsa","['150 m²', '3 Pièces', '2 Chambres', '2 Salles de bains']","['Terrasse', 'Garage', 'Ascenseur', 'Concierge', 'Chambre rangement', 'Climatisation', 'Chauffage central', 'Sécurité', 'Double vitrage', 'Porte blindée', 'Cuisine équipée', 'Four']","À vendre loft neuf de très haut standing, situé au cœur de Les Berges du Lac 2, dans une résidence sécurisée et moderne, conçu avec des finitions premium et un design contemporain.

Ce loft se distingue par son agencement raffiné sur deux niveaux :
rdc
Un salon spacieux et très lumineux, bénéficiant de larges ouvertures

Une cuisine ouverte moderne, parfaitement intégrée à l’espace de vie

Une salle de douche élégante, aux finitions haut...",https://www.mubawab-media.com/ad/8/242/533F/h/logo1_81307496.avif
1 330 000 TND,"S3 de 193,84 m² vue panoramique Lac II","Les Berges Du Lac 2, La Marsa","['194 m²', '4 Pièces', '3 Chambres', '3 Salles de bains']","['Terrasse', 'Ascenseur', 'Concierge', 'Climatisation', 'Chauffage central', 'Double vitrage', 'Porte blindée']","Darcom Tunisia vous propose à la vente un appartement S3 d’une superficie de 193,84 m², avec une grande terrasse de 105,47 m² offrant une vue panoramique exceptionnelle sur Lac.

Situé au Lac II, au dernier étage d’une petite résidence, avec un seul appartement par niveau, ce bien traversant, bénéficiant d’une double orientation, se distingue par sa luminosité naturelle et son calme.

Il se compose de :
    •     Un hall d’entrée donnat sur...",https://www.mubawab-media.com/ad/8/297/945F/h/WhatsApp%20Image%202026-02-04%20at%2015.30.08_81909151.avif
370 000 TND,Appartement S3 a vendre aux jardins de l'Aouina,"Aouina, La Marsa","['111 m²', '4 Pièces', '3 Chambres', '3 Salles de bains']","['Garage', 'Ascenseur', 'Concierge', 'Chauffage central', 'Sécurité', 'Double vitrage', 'Porte blindée', 'Cuisine équipée']","Cet appartement idéalement situé aux jardins de l'Aouina à proximité de toutes les commodités.Il occupe le cinquième  étage d'une résidence munie de deux ascenseurs.

Dès l'entrée, vous serez accueilli par un salon lumineux, pouvant accueillir à la fois un coin salon et une salle à manger. Il donne accès un balcon exploitable.

La cuisine, entièrement agencée et équipée est complétée par un séchoir fonctionnel.
une salle salle d'eau pour inv...",https://www.mubawab-media.com/ad/8/283/795F/h/605822422_833500092788880_3507298625484873982_n_81757642.avif
245 000 TND,S2 à vendre aux jardins de l'Aouina,"Aouina, La Marsa","['111 m²', '3 Pièces', '2 Chambres', '1 Salle de bain']","['Jardin', 'Terrasse', 'Ascenseur', 'Piscine', 'Climatisation', 'Chauffage central', 'Sécurité', 'Double vitrage', 'Porte blindée', 'Cuisine équipée', 'Réfrigérateur', 'Four', 'Micro-ondes']","Cet appartement est situé  dans un quartier résidentiel aux jardins de l'Aouina .Le hall d'entrée ouvre sur un salon inondé de lumière naturelle grâce à ses grandes ouvertures . La cuisine est aménagée .Elle est complétée par un séchoir.   La partie nuit loge deux chambres à coucher et une salle de bain commune. L'appartement est équipé d’un chauffage central .

Une place de parking au sous-sol est réservée aux futurs occupants",https://www.mubawab-media.com/ad/8/311/911F/h/5_82057938.avif
595 000 TND,A vendre appartement de tres haut standing,"Ain Zaghouan Nord, La Marsa","['138 m²', '3 Pièces', '2 Chambres', '1 Salle de bain']","['Garage', 'Ascenseur', 'Piscine', 'Concierge', 'Chambre rangement', 'Entre-seul', 'Salon européen', 'Antenne parabolique', 'Climatisation', 'Chauffage central', 'Sécurité', 'Double vitrage', 'Porte blindée', 'Cuisine équipée']","Situé dans un quartier résidentiel recherché de Ain Zaghouan Nord, cet appartement S2 de très haut standing est proposé directement par le promoteur avec remise des clés immédiate.

L’appartement se compose de :

Un salon spacieux et lumineux ouvrant sur une agréable terrasse

Une cuisine moderne totalement équipée

Une salle d’eau invités

Deux chambres avec dressings intégrés

Une salle de douche contemporaine

La résidence offre...",https://www.mubawab-media.com/ad/8/311/576F/h/Rendu%20cam03_82051804.avif
465 900 TND,Superbe Duplex S2 ed 117m² à vendre,"Bhar Lazreg, La Marsa","['117 m²', '3 Pièces', '2 Chambres', '2 Salles de bains']","['Terrasse', 'Ascenseur', 'Concierge', 'Climatisation', 'Chauffage central', 'Sécurité', 'Double vitrage', 'Porte blindée', 'Cuisine équipée']","Résidence LE MANDARIN – La Marsa Bhar Lazreg

À seulement 150 mètres de la Route du Relais de Gammarth, découvrez une résidence haut standing pensée pour le confort et la sérénité de votre famille.

Achetez votre bien d’exception :

* Appartements S+2 / S+3
* Duplex élégants
* Locaux commerciaux en double hauteur
* Bureaux dédiés aux activités médicales

Prestations premium :

* Piscine couverte
* Salle de sport équipée
* Sauna
*...",https://www.mubawab-media.com/ad/8/307/747F/h/634210513_1856089741775138_1412273722111257799_n_82011014.avif
197 000 TND,Appartement s1 cité wahat au 5éme étage,"Aouina, La Marsa","['77 m²', '2 Pièces', '1 Chambre', '1 Salle de bain']","['Terrasse', 'Ascenseur', 'Concierge', 'Climatisation', 'Chauffage central', 'Sécurité', 'Double vitrage', 'Porte blindée', 'Cuisine équipée']","Notre Agence Immobilière El Gesmi
met à la vente grand appartement haut standing  s1 au5éme étage avec ascenseur dans une résidence gardée et sécurisé 
Située à :
Cité wahat
Compose de :
  salon avec balcon
  Chambre à coucher  
Cuisine agencée avec séchoir
  salle d'eau avec douche
l'appartement est équipé par :
chauffage central
Climatiseur
superficie:77m² 
Titre Individuel
prix de vente  : 197.000MD 
frais de visite 20d",https://www.mubawab-media.com/ad/8/268/564F/h/597041046_857707053649465_4918244499514893792_n%20%281%29_81593680.avif
340 000 TND,Appartement s2 jamais habitée Cité wahat,"Aouina, La Marsa","['124 m²', '3 Pièces', '2 Chambres', '3 Salles de bains']","['Jardin', 'Terrasse', 'Entre-seul', 'Antenne parabolique', 'Climatisation', 'Chauffage central', 'Porte blindée', 'Cuisine équipée', 'Four']","Notre Agence Immobilière El Gesmi
met à la vente appartement s2 au 5éme étage haut standing dans une résidence gardée et sécurisé 
Située à :
Cité wahat Coté Clinique Soukra
Compose de :
  grand salon avec balcon
  suite parentale avec salle de bain 
 suite parentale avec salle d'eau 
 Cuisine bien équipée avec séchoir
  salle d'eau avec douche
l'appartement est équipé par :
chauffage central
Climatiseurs
superficie:124m² 
prix de v...",https://www.mubawab-media.com/ad/8/265/526F/h/photo_00_81558290.avif
500 000 TND,Maison à l'achat à Aouina. 3 chambres agréables. Porte blind...,"Aouina, La Marsa","['180 m²', '3 Chambres', '3 Salles de bains']","['Jardin', 'Terrasse', 'Ascenseur', 'Concierge', 'Climatisation', 'Chauffage central', 'Sécurité', 'Double vitrage', 'Porte blindée', 'Cuisine équipée']","Occasion à saisir pour cette maison à vendre. Prix 500 000 TND. 3 chambres à coucher, 3 salles de bains, 180 m². Moins de 10 ans. Type de sol: Marbre. Équipé d'une antenne parabolique et d'une porte blindée.

Cette belle maison est en vente à Aouina. Les extérieurs se composent d'un jardin et d'une terrasse. Chauffage central.

Contactez-nous pour visiter cette maison à vendre. Cuisine équipée. Four. Système de climatisation",https://www.mubawab-media.com/ad/8/292/447F/h/617564203_1427779162190569_6216968752063438975_n_81847789.avif
150 000 TND,Appartement s1 au 1ére étage jardin l'aouina,"Aouina, La Marsa","['43 m²', '2 Pièces', '1 Chambre', '1 Salle de bain']","['Terrasse', 'Concierge', 'Façade extérieure', 'Salon européen', 'Climatisation', 'Chauffage central', 'Sécurité', 'Double vitrage', 'Porte blindée', 'Cuisine équipée']","Notre Agence Immobilière El Gesmi
met à la vente appartement s1 au 1ére étage avec ascenseur sur le route principale  dans une résidence gardée et sécurisé 
Située à :
jardin laouina 
Compose de :
  salon 
  Chambre à coucher 
 Cuisine agencée avec séchoir
  salle d'eau avec douche
l'appartement est équipé par :
chauffage central
Climatiseur
superficie:43m² 
titre individuel
prix de vente  : 150.000MD 
frais de visite 20d",https://www.mubawab-media.com/ad/8/269/009F/h/086569f6-f343-4a47-91f7-bd30e16ebd27_2_81598106.avif
420 000 TND,Grand S2 à Gammarth Supérieur,"Gammarth Supérieur, La Marsa","['136 m²', '3 Pièces', '2 Chambres', '2 Salles de bains']","['Terrasse', 'Garage', 'Ascenseur', 'Chambre rangement', 'Climatisation', 'Chauffage central', 'Double vitrage', 'Porte blindée', 'Cuisine équipée', 'Four']","A vendre un grand appartement  de 136m2 situé dans une résidence sécurisée dans un quartier résidentiel très demandé à Gammarth Supérieur.
Comprend : 
un spacieux salon salle à manger avec balcon
2 lumineuses chambres à coucher 
1 salles de bain
1 cuisine équipée
Prix : 420.000 DT",https://www.mubawab-media.com/ad/8/206/916F/h/7be482c5-4b0c-45ac-bd12-a337c22f2315_1_80929860.avif
630 000 TND,Spacieux Appartement S3 vide aux lac 1,"Les Berges Du Lac 1, La Marsa","['168 m²', '1 Pièce', '3 Chambres', '2 Salles de bains']","['Climatisation', 'Chauffage central']","a Méditerranée Immobilière Lac 1 ,vous propose à la vente un appartement S3 situé au lac 1. Il se compose d'un salon spacieux et lumineux avec accès au balcon avec vue dégagée sur lac , trois chambres à coucher , une cuisine bien équipée (Four, hotte ,plaque,) une salle de bain et une salle d'eau pour les invités . L' appartement dispose des climatiseurs et des chauffages centrales , une place de parking sous sol et un cellier",https://www.mubawab-media.com/ad/8/152/484F/h/c055be37-f222-49f7-9766-e887709b6ca5_1_80372525.avif
Prix à consulter,Des appartements S3 direct promoteur aux Lac 2,"Les Berges Du Lac 2, La Marsa","['183 m²', '4 Pièces', '3 Chambres', '2 Salles de bains']","['Jardin', 'Terrasse', 'Garage', 'Ascenseur', 'Piscine', 'Concierge', 'Entre-seul', 'Climatisation', 'Chauffage central', 'Sécurité', 'Double vitrage', 'Porte blindée', 'Cuisine équipée']","Offre de vente : Des appartements S3 direct promoteur au lac 2.
Les superficie entre 183m² et 190m². 
Prix du m² 5300dt. 
Pour plus d'informations, veuillez nous contactez sur :",https://www.mubawab-media.com/ad/8/247/178F/h/29c5e8b5-afa5-42c2-942a-b82e831addd8_1_81357344.avif
1 800 000 TND,Un magnifique penthouse S3 avec piscine aux Lac 2,"Les Berges Du Lac 2, La Marsa","['325 m²', '3 Pièces', '3 Chambres', '4 Salles de bains']","['Jardin', 'Terrasse', 'Piscine', 'Entre-seul', 'Climatisation', 'Chauffage central', 'Sécurité', 'Double vitrage', 'Porte blindée', 'Cuisine équipée']",La méditerranée Immobiliere Lac 2 vous propose un magnifique penthouse à la vente dans une résidence sécurisée et calme aux berges du Lac 2. Il se compose un magnifique salon très lumineux et très spacieux donnant accès à la piscine privée. Une cuisine américaine toute équipée avec un bar américain. Une.salle d eau. La partie nuit dispose de trois suites parentale toutes composée avec des dressings. L'appartement est équipée de climatisations et...,https://www.mubawab-media.com/ad/8/309/436F/h/u_82029141.avif
8 000 000 TND,Somptueuse Villa de 980m² avec piscine aux Lac 2,"Les Berges Du Lac 2, La Marsa","['400 m²', '8 Pièces', '8 Chambres', '4 Salles de bains']","['Terrasse', 'Garage', 'Ascenseur', 'Concierge', 'Climatisation', 'Chauffage central', 'Double vitrage', 'Porte blindée', 'Cuisine équipée']","La Méditerranée Immobilière Lac 2 vous propose à la vente une magnifique propriété composée de deux villas jumelées, situées dans un cadre calme  Superficie du terrain : 980 m²  Surface bâtie : 400 m² (chaque villa fait 260 m² habitables)  Sous-sol commun Jamais habitées  Titre individuel en règle Ces deux villas jumelées, construites sur un vaste terrain, offrent une excellente opportunité d’investissement ou de résidence familiale. Possibilité...",https://www.mubawab-media.com/ad/8/304/973F/h/LKJHG_81982608.avif
1 400 000 TND,Appartement S3 aux berges du lac 2,"Les Berges Du Lac 2, La Marsa","['273 m²', '1 Pièce', '3 Chambres', '3 Salles de bains']","['Terrasse', 'Garage', 'Vue sur mer', 'Vue sur les montagnes', 'Climatisation', 'Double vitrage', 'Porte blindée', 'Cuisine équipée', 'Réfrigérateur', 'Four', 'Machine à laver']","La Méditerranée Immobilière Lac 2, vous propose à la vente un magnifique appartement S3 au cinq'éme étage dans une résidence calme et sécurisée aux Berges du Lac 2 . Il se compose: un grand salon lumineux donnant accès sur un balcon. Une salle d'eau pour les invités, une cuisine équipée avec un séchoir . La partie nuit dispose d'une suite parentale , deux chambres à coucher avec des dressings et avec une salle de bain commune. L'appartement est é...",https://www.mubawab-media.com/ad/8/147/909F/h/WhatsApp%20Image%202025-05-20%20%C3%A0%2017.41.18_b5be5627_80327143.avif
1 200 000 TND,A VENDRE S4 Lac 2 avec une vue dégagée,"Les Berges Du Lac 2, La Marsa","['220 m²', '5 Pièces', '4 Chambres', '3 Salles de bains']","['Jardin', 'Garage', 'Concierge', 'Climatisation', 'Double vitrage', 'Porte blindée', 'Cuisine équipée']","RE/MAX PLATINUM  vous propose un magnifique s4 de 220 m2 est en vente au cœur du lac 2 ,avec deux place de parking et un sellier.
Il se compose comme suit :
-un grand salon avec balcon.
-une très spacieuse cuisine avec séchoir et qui prend une table de salle à manger pour huit personnes.
-une suite parentale 
-deux chambres junior avec deux autre salle de bain.
-un séjour qui donne aussi sur un autre balcon 
- deux places de parking.
- u...",https://www.mubawab-media.com/ad/8/306/133F/h/IMG_3591_81994610.avif
680 000 TND,Vente s3 la soukra,"Les Berges Du Lac 2, La Marsa","['200 m²', '4 Pièces', '3 Chambres', '1 Salle de bain']","['Terrasse', 'Garage', 'Piscine', 'Concierge', 'Entre-seul', 'Salon européen', 'Antenne parabolique', 'Cheminée', 'Climatisation', 'Chauffage central', 'Sécurité', 'Double vitrage', 'Cuisine équipée', 'Réfrigérateur', 'Four', 'Micro-ondes']","C’est un havre de paix et sa finition est exceptionnelle .
 REMAX PLATINUM a déniché pour vous une perle rare .
Un appartement à la vente avec *
-jardin *
-direct promoteur *
-place de parking sous-sol *
-residence R2
Remises des clefs mois de mars2026
Quartier calme de villa.
Prix: 680 md / ttc
Telephone  : 98 114 845 / 98702990",https://www.mubawab-media.com/ad/8/264/847F/h/WhatsApp%20Image%202025-12-02%20%C3%A0%2014.30.15_5637811e_81550721.avif
Prix à consulter,Penthouse à vendre LAC 2,"Les Berges Du Lac 2, La Marsa","['320 m²', '8 Pièces', '3 Chambres', '4 Salles de bains']","['Terrasse', 'Garage', 'Ascenseur', 'Concierge', 'Climatisation', 'Chauffage central', 'Double vitrage', 'Cuisine équipée', 'Four']","RE/MAX Platinum vous propose à la vente
 Un penthouse de Très Haut Standing avec piscine au  Berges du Lac 2, Tunis 
Ce penthouse  moderne, est situé au cœur du Lac 2, l’un des quartiers les plus prestigieux et recherchés de Tunis avec une vue dégagée et panoramique sur le grand boulevard 
 Description du bien :
 • Appartement S3 suites de très haut standing , avec des dressing dans chaques suites 
 • Salon spacieux et lumineux, doté de larg...",
980 000 TND,"Appartement S3 spacieux, Berges du Lac 2","Les Berges Du Lac 2, La Marsa","['224 m²', '4 Pièces', '3 Chambres', '2 Salles de bains']","['Jardin', 'Terrasse', 'Garage', 'Ascenseur', 'Piscine', 'Concierge', 'Chambre rangement', 'Climatisation', 'Chauffage central', 'Sécurité', 'Double vitrage', 'Porte blindée', 'Cuisine équipée', 'Four', 'Micro-ondes']","L’appartement est situé au quatrième étage d’une résidence gardée répartie sur 6 niveaux, idéalement implantée aux Berges du Lac 2.

Il s’ouvre sur un salon lumineux donnant sur un balcon, une salle à manger, ainsi qu’une cuisine équipée avec accès à un séchoir et un espace de rangement. 
L’espace nuit comprend une salle de bain commune, deux chambres à coucher avec placards dont l’une dispose également d’un balcon, ainsi qu’une suite parental...",
Prix à consulter,"Appartement S2 spacieux avec piscine, Gammarth","Gammarth, La Marsa","['311 m²', '3 Pièces', '2 Chambres', '3 Salles de bains']","['Jardin', 'Garage', 'Meublé', 'Climatisation', 'Chauffage central', 'Sécurité', 'Double vitrage', 'Cuisine équipée', 'Réfrigérateur', 'Four', 'Machine à laver', 'Micro-ondes']","L'appartement est situé au rez-de-chaussée d'une résidence R2 calme et sécurisée dans la zone touristique de Gammarth.

La partie jour s'ouvre sur un salon donnant sur une terrasse, une salle à manger, une cuisine équipée, une salle d'eau et une suite de service. La partie nuit abrite deux suites avec leurs salles de bain et dressing.

À l'extérieur on trouve une piscine et un jardin.

L'appartement est équipé d'un système domotique, d'un s...",
Prix à consulter,Appartement à l'achat à La Perle du Lac 1. Surface totale 92...,"La Perle du Lac 1, La Marsa","['92 m²', '3 Pièces', '2 Chambres', '1 Salle de bain']","['Jardin', 'Ascenseur', 'Antenne parabolique', 'Climatisation', 'Chauffage central', 'Sécurité', 'Double vitrage', 'Porte blindée', 'Cuisine équipée', 'Four']","Situé dans le prestigieux quartier du Lac de Tunis, GAIA est un projet résidentiel de standing supérieur qui incarne l’élégance contemporaine et le confort absolu. Niché dans l’un des emplacements les plus prisés de la capitale, il offre un cadre de vie exclusif où modernité et raffinement se rencontrent harmonieusement.

Des appartements d’exception

GAIA propose une sélection d’appartements haut de gamme, du S+1 aux somptueux penthouses, to...",
378 000 TND,"S2 de 97,52m² et une terrasses de 10,53m²","Ain Zaghouan Nord, La Marsa","['108 m²', '1 Pièce', '2 Chambres', '2 Salles de bains']","['Garage', 'Ascenseur', 'Concierge', 'Chambre rangement', 'Façade extérieure', 'Salon européen', 'Antenne parabolique', 'Climatisation', 'Chauffage central', 'Sécurité', 'Double vitrage', 'Porte blindée', 'Cuisine équipée']","La Résidence « REGALIA 2 » se situe à Ain Zaghouan et donne directement sur l’avenue Khalid Ibn El Walid, elle est idéalement placée à dix minutes du centre ville et de la Marsa, et à proximité des Berges du Lac et de l’aéroport.

_CONCEPTION

Née d’un désir d’exclusivité et d’excellence, la Résidence REGALIA se distingue par l’originalité de son architecture et de la conception de ses façades et de ses parties communes. La résidence s’articu...",
510 000 TND,Opportunité d'un S3 à vendre au 1er étage,"Ain Zaghouan Nord, La Marsa","['167 m²', '4 Pièces', '3 Chambres', '1 Salle de bain']","['Terrasse', 'Salon européen', 'Antenne parabolique', 'Climatisation', 'Chauffage central', 'Sécurité', 'Double vitrage', 'Porte blindée', 'Cuisine équipée', 'Réfrigérateur', 'Four', 'Machine à laver']","Cet appartement de type S3, situé au **1er étage** d'une résidence haut de gamme, offre des espaces élégants et modernes. Il dispose d'un **salon spacieux** avec de grandes fenêtres, de **3 chambres** avec salle de bain commune. La cuisine est moderne et entièrement équipée avec des matériaux et appareils de haute qualité. Climatisation et chauffage finitions luxueuses et **sécurité 24h/24**. **Place de parking** privée et accès rapide aux servic...",
650 000 TND,A vendre un Duplex à Sidi Daoud,"Sidi Daoued, La Marsa","['172 m²', '1 Pièce', '4 Chambres', '2 Salles de bains']","['Terrasse', 'Garage', 'Ascenseur', 'Concierge', 'Antenne parabolique', 'Climatisation', 'Chauffage central', 'Sécurité', 'Porte blindée', 'Cuisine équipée']","Zephyr Immo vous propose à la vente un duplex lumineux situé au 2ᵉ étage d’une résidence calme et sécurisée à Sidi Daoud., D’une superficie totale de 172 m², il se compose comme suit :
-	 Rez-de-chaussée : un salon et une salle à manger ouvrant sur un balcon, une chambre, une salle d’eau invités et une cuisine entièrement équipée.
-	 À l’étage : trois chambres confortables et une salle de bain.

Ce duplex allie confort, fonctionnalité et empl...",https://www.mubawab-media.com/ad/8/236/144F/h/thumb_1186202_property_large_81242749.avif
550 000 TND,A vendre appartement S2 à la Marsa,La Marsa,"['123 m²', '1 Pièce', '2 Chambres', '2 Salles de bains']","['Jardin', 'Garage', 'Concierge', 'Entre-seul', 'Salon européen', 'Antenne parabolique', 'Climatisation', 'Chauffage central', 'Sécurité', 'Double vitrage', 'Porte blindée', 'Cuisine équipée', 'Four']","Zephyr Immo vous propose à la vente un appartement S2 situé au 1er étage d’une résidence sécurisée à la Marsa.
Cet appartement se compose d’un salon qui donne sur un  balcon, d’une salle d’eau invités , d’une cuisine équipée, de deux chambres et d’ une salle de bain commune.
Une place de parking est disponible au sous-sol",https://www.mubawab-media.com/ad/8/270/110F/h/WhatsApp%20Image%202026-04-13%20at%2012.38.15%20%281%29_82265569.avif
800 000 TND,A vendre duplex S3 avec jardin à la Marsa,La Marsa,"['158 m²', '1 Pièce', '3 Chambres', '3 Salles de bains']","['Jardin', 'Terrasse', 'Garage', 'Ascenseur', 'Piscine', 'Concierge', 'Chambre rangement', 'Façade extérieure', 'Salon européen', 'Antenne parabolique', 'Climatisation', 'Chauffage central', 'Sécurité', 'Double vitrage', 'Porte blindée', 'Cuisine équipée', 'Four', 'Micro-ondes']","Zephyr Immo vous propose à la vente un duplex S3 indépendant situé dans une résidence sécurisée à La Marsa.
Ce bien dispose d’une surface bâtie de 158 m² et d’un jardin de 87 m².
Le rez-de-chaussée se compose d’un salon, d’une salle à manger, d’une cuisine ainsi que d’une salle de douche.
À l’étage, la partie nuit comprend une suite parentale, deux chambres et une salle de bain.
Un garage pour une voiture complète ce bien",https://www.mubawab-media.com/ad/8/309/904F/h/zephyr%20immo-vente-triplex-Gammarth%20%2812%29_82033779.avif
Prix à consulter,A vendre des Triplex avec piscine à Gammarth,"Gammarth, La Marsa","['209 m²', '1 Pièce', '4 Chambres', '3 Salles de bains']","['Jardin', 'Terrasse', 'Garage', 'Ascenseur', 'Vue sur les montagnes', 'Piscine', 'Concierge', 'Chambre rangement', 'Meublé', 'Entre-seul', 'Salon européen', 'Antenne parabolique', 'Climatisation', 'Chauffage central', 'Sécurité', 'Double vitrage', 'Porte blindée', 'Cuisine équipée', 'Réfrigérateur', 'Four', 'Micro-ondes']","Zephyr Immo vous propose à la vente un projet composé de Triplex modernes avec piscine privée et ascenseur individuel, alliant confort, luxe et fonctionnalité dans une résidence gardée à Gammarth.
Superficies disponibles : entre 288 m² et 291 m²
Prix : 3 500 DT / m² TTC
 Caractéristiques :
Piscine privative
Ascenseur 
Architecture contemporaine
Espaces lumineux et bien agencés
Prestations et finitions haut de gamme
Vente directe promoteu...",https://www.mubawab-media.com/ad/8/331/238F/h/Design%20sans%20titre%20-%202026-04-10T191101.339_82260766.avif
Prix à consulter,Résidence FLAVA aux Jardin de Carthage,"Les Jardins de Carthage, Le Kram","['Haut standing', 'En cours de construction', 'Livraison:\n\t\t\t\t\t\t\t\t\t\tmars 2028']","['Garage', 'Ascenseur', 'Concierge', 'Chambre rangement', 'Salon européen', 'Antenne parabolique', 'Climatisation', 'Chauffage central', 'Sécurité', 'Double vitrage', 'Porte blindée', 'Cuisine équipée']","installée au cœur du prestigieux lotissement résidences du parc, dans le quartier prisé des jardins de carthage, flava résidences vous offre un équilibre parfait entre effervescence urbaine et",https://www.mubawab-media.com/ad/8/308/857F/h/Panorama3_82022961.avif
Prix à consulter,A louer vide ou meublés un triplex à Gammarth,"Gammarth, La Marsa","['350 m²', '3 Pièces', '3 Chambres', '3 Salles de bains']","['Terrasse', 'Ascenseur', 'Piscine', 'Concierge', 'Chambre rangement', 'Meublé', 'Antenne parabolique', 'Climatisation', 'Chauffage central', 'Sécurité', 'Double vitrage', 'Porte blindée', 'Cuisine équipée', 'Four', 'Micro-ondes']","Hexa Real Estate vous propose à la location  Vide ou Meublés un magnifique triplex S3 avec deux chambres de service, piscine et ascenseur, situé à Gammarth, dans une résidence sécurisée.
Au rez-de-chaussée, vous trouverez un spacieux salon et une salle à manger donnant sur le jardin, ainsi qu’une cuisine américaine entièrement équipée et une salle d’eau pour les invités.
Au premier étage, se trouvent deux chambres à coucher avec dressing, ainsi...",https://www.mubawab-media.com/ad/7/845/711F/h/01-Rendu%20night%20cam01%208K%20final_81894935.avif
380 766 TND,A vendre Appartement S2 de 106m²,"Bhar Lazreg, La Marsa","['106 m²', '3 Pièces', '2 Chambres', '1 Salle de bain']","['Garage', 'Ascenseur', 'Piscine', 'Concierge', 'Chambre rangement', 'Entre-seul', 'Salon européen', 'Antenne parabolique', 'Climatisation', 'Chauffage central', 'Sécurité', 'Double vitrage', 'Porte blindée', 'Cuisine équipée']","Opéra Garden est votre nouvelle résidence de haut standing sise à La Marsa – Bhar Lazreg.
Erigée en R+2 avec un sous-sol, elle est située à 750m de l’hypermarché Carrefour.


Le projet se compose de 5 blocs et la remise des clés de la 2ème tranche du projet est prévu pour la fin du mois de juillet 2025 dont des :

- S+1
- S+2
- S+3
- Duplex types (S+2) et (S+3)

La résidence dispose également d’une salle de jeux au sous-sol. Pensée pou...",https://www.mubawab-media.com/ad/8/311/578F/h/Rendu%20livingroom01_82051819.avif
Prix à consulter,Appartement S3 raffiné avec chambre de service,"Ain Zaghouan Nord, La Marsa","['164 m²', '4 Pièces', '3 Chambres', '3 Salles de bains']","['Jardin', 'Terrasse', 'Garage', 'Entre-seul', 'Climatisation', 'Chauffage central', 'Sécurité', 'Double vitrage', 'Porte blindée']","Découvrez ce superbe appartement S+3 de 164 m², situé aux 1er et 2ème étages de la Résidence Panthéon, une résidence R+4 de très haut standing offrant des prestations premium telles qu’une piscine couverte et une salle de sport exclusivement réservées aux résidents.

Conçu pour offrir confort, élégance et bien-être, l’appartement se distingue par des espaces lumineux, une distribution harmonieuse et des finissions soignées.

Il se compose com...",https://www.mubawab-media.com/ad/8/331/839F/h/8_82267361.avif
610 000 TND,Fabuleux Duplex S3 à vendre avec parking,"Bhar Lazreg, La Marsa","['144 m²', '4 Pièces', '3 Chambres', '2 Salles de bains']","['Terrasse', 'Garage', 'Ascenseur', 'Concierge', 'Antenne parabolique', 'Climatisation', 'Chauffage central', 'Sécurité', 'Double vitrage', 'Porte blindée', 'Cuisine équipée', 'Four']","Résidence LE MANDARIN – La Marsa Bhar Lazreg

À seulement 150 mètres de la Route du Relais de Gammarth, découvrez une résidence haut standing pensée pour le confort et la sérénité de votre famille.

Achetez votre bien d’exception :

* Appartements S+2 / S+3
* Duplex élégants
* Locaux commerciaux en double hauteur
* Bureaux dédiés aux activités médicales

Prestations premium :

* Piscine couverte
* Salle de sport équipée
* Sauna
*...",https://www.mubawab-media.com/ad/7/876/212F/h/0Q55ClAwGfjQNhAg-thumb_69536533.avif
1 350 000 TND,Villa à vendre à la Marsa,"Cité Les Pins, La Marsa","['423 m²', '7 Pièces', '6 Chambres', '1 Salle de bain']","['Terrasse', 'Ascenseur', 'Concierge', 'Climatisation', 'Chauffage central', 'Sécurité', 'Double vitrage', 'Cuisine équipée', 'Four']","22Estates vous propose à la vente une villa située à La Marsa, à proximité de toutes les commodités.
Cette propriété représente une excellente opportunité dans un emplacement recherché.

Édifiée sur deux niveaux, elle se compose au rez-de-chaussée d’un S3, et à l’étage d’un second S3.

Une opportunité rare à ne pas manquer à La Marsa ! Pour plus d’informations, veuillez contacter le 27 320 200",https://www.mubawab-media.com/ad/8/311/247F/h/thumb_1288336_property_large_82048199.avif
350 000 TND,S2 trés haut standing,"Bhar Lazreg, La Marsa","['105 m²', '4 Pièces', '2 Chambres', '2 Salles de bains']","['Terrasse', 'Ascenseur', 'Concierge', 'Chauffage central', 'Double vitrage', 'Porte blindée']","Résidence Ichbilia 3 – La Marsa derrière carrefour

 Superficie : 105 m²
 Étage : 2ème avec double ascenseur

 Caractéristiques :

2 chambres spacieuses ( l'une est suite parentale ) 
2 salles d'eau
 Cuisine entièrement équipée ( hote plaque/ four )
Séchoir
 Place de parking en sous-sol
Résidence calme, résidentielle et nouvellement construite (1 an et demi d’usage)
- 3 dressing3 climatiseurs 
- chauffage centrale 
- bonne orientat...",https://www.mubawab-media.com/ad/8/331/729F/h/667146111_1256452826657611_5197986929688299771_n_82265664.avif
350 000 TND,A vendre un S1 direct promoteur Ain Zaghouan Nord,"Ain Zaghouan Nord, La Marsa","['62 m²', '2 Pièces', '1 Chambre', '1 Salle de bain']","['Jardin', 'Terrasse', 'Garage', 'Climatisation', 'Cuisine équipée']","L'agence immobilière Century 21 Infinity vous propose à la vente un loft S1 à Ain Zaghouan Nord Direct Promoteur 
*Superficie: 69 m²

Il est composé de:
-Un salon qui donne sur une terrasse 
-Une cuisine équipée 
-->À l'étage 
-Une chambre 
-Une salle d'eau avec une douche à l'italienne",https://www.mubawab-media.com/ad/8/304/028F/h/4d592f1b-208c-4c09-8932-c03952e71e25_GF_1_81973654.avif
390 000 TND,À Vendre – Appartement S3 à La Marsa Les Pins,"Cité Les Pins, La Marsa","['120 m²', '3 Pièces', '3 Chambres', '1 Salle de bain']","['Jardin', 'Terrasse', 'Garage', 'Cuisine équipée']","VIP Real Estate vous propose à la vente un appartement S3 situé au 2ᵉ étage d’une petite résidence  sans ascensur à La Marsa Les Pins, dans un environnement calme et agréable.
L’appartement se compose d’un salon lumineux, d’une cuisine semi-équipée avec séchoir, ainsi que de trois chambres à coucher confortables se partageant une salle de bain commune.

Ce bien représente une excellente opportunité, que ce soit pour une résidence principale ou...",https://www.mubawab-media.com/ad/8/245/794F/h/54a85f1c-89c4-4fd9-8322-49f943afcfd7_GF_81343325.avif
250 000 TND,A Vendre un appartement en s2 à l'Aouina,"Aouina, La Marsa","['86 m²', '3 Pièces', '2 Chambres', '1 Salle de bain']","['Jardin', 'Terrasse', 'Garage']","Cet appartement, situé au premier étage d’une résidence équipée de deux ascenseurs, se trouve dans un quartier résidentiel recherché à l’Aouina, bénéficiant d’un accès rapide depuis l’artère principale.

Dès l’entrée, vous découvrez un hall qui mène à un salon lumineux, ouvert sur un balcon. La cuisine est aménagée et accompagnée d’un séchoir.

La partie nuit se compose de deux chambres à coucher, dont une avec dressing, ainsi qu’une salle de...",https://www.mubawab-media.com/ad/7/934/836F/h/3_GF_81902762.avif
950 000 TND,Villa Lorenzini à Vendre à La Marsa,"La Marsa, La Marsa","['320 m²', '6 Pièces', '4 Chambres', '3 Salles de bains']","['Jardin', 'Terrasse', 'Garage', 'Entre-seul', 'Antenne parabolique', 'Climatisation', 'Chauffage central', 'Porte blindée', 'Cuisine équipée', 'Four']","Une coquette villa sur un terrain d'une superficie de 553 m² située dans un quartier résidentiel à Cité Mimosa, La Marsa. Au RDJ, On a un grand salle de jeux. Au RDC, On trouve un salon, un séjour, une salle à manger, une cuisine équipée avec séchoir et une salle d'eau pour les invités. A L'étage, On trouve une suite parentale, 3 chambres, une salle de bain et un balcon. A L'extérieur, On a une terrasse, un jardin et un abri pour 2 voitures. Pour...",https://www.mubawab-media.com/ad/8/197/649F/h/2_80839002.avif
650 000 TND,Immeuble INVEST Flavia à Vendre à Gammarth,"Gammarth, La Marsa","['260 m²', '7 Pièces', '6 Chambres', '2 Salles de bains']","['Jardin', 'Terrasse', 'Garage', 'Piscine', 'Chambre rangement', 'Façade extérieure', 'Climatisation', 'Chauffage central', 'Porte blindée', 'Cuisine équipée', 'Réfrigérateur', 'Four', 'Micro-ondes']","Un immeuble R 1 situé dans un quartier résidentiel à Gammarth Village. Au RDC, on a un salon, une grande cuisine, une salle d'eau, 3 chambres, une salle de bain et une terrasse avec jardin et un garage. Au 1er étage, on a un salon, une cuisine équipée, une salle d'eau, 3 chambres et une salle de bain. Contacter l'agent sur le 56640310.",https://www.mubawab-media.com/ad/8/327/781F/h/thumb_1305122_property_xlarge_82264663.avif
1 100 000 TND,"Villa Emiliana à Vendre à Cité Des Juges, La Marsa","La Marsa, La Marsa","['300 m²', '6 Pièces', '5 Chambres', '3 Salles de bains']","['Garage', 'Ascenseur', 'Concierge', 'Meublé', 'Façade extérieure', 'Salon européen', 'Climatisation', 'Sécurité', 'Double vitrage', 'Porte blindée', 'Cuisine équipée', 'Réfrigérateur', 'Four', 'Machine à laver', 'Micro-ondes']","Une grandiose villa sur un terrain de 467 m² située dans un quartier résidentiel à Cité Des Juges, La Marsa. Au RDC, On trouve un double salon, une salle à manger, une cuisine avec séchoir, une chambre et une salle d'eau. À L'étage, On trouve 4 chambres, une salle de bain, une kitchenette et une grande terrasse. À L'extérieur, On a une terrasse, un jardin qui fait le tour et un garage avec une salle d'eau.",https://www.mubawab-media.com/ad/7/684/369F/h/24_80444187.avif
1 350 000 TND,Villa à La Marsa,"La Marsa, La Marsa","['400 m²', '7 Pièces', '6 Chambres', '4 Salles de bains']","['Ascenseur', 'Concierge', 'Climatisation', 'Chauffage central', 'Sécurité', 'Cuisine équipée', 'Four']","Emplacement : La Marsa
Superficie du bâtie : 400 m²
Superficie du terrain : 327 m²
Typologie : S6

Composition :
**Rez de chaussée :
Un salon
Une salle à manger
une cuisine équipée de hotte, plaque et four
Une chambre à coucher
Une salle de douche

**1èr étage :
Une suite parentale avec un dressing et une salle de bain
Deux chambres à coucher avec dressings
Une salle de bain

**Sous-sol :
Un salon
Une cuisine
Deux chambres à...",https://www.mubawab-media.com/ad/8/253/959F/h/fba09682-7ae4-4965-a725-4beb29fb9688_81426031.avif
15 000 TND,Villa sur 2 niveau avec piscine et jardin au lac 2,"Les Berges Du Lac 2, La Marsa","['860 m²', '10 Pièces', '7 Chambres', '5 Salles de bains']","['Jardin', 'Terrasse', 'Garage', 'Ascenseur', 'Concierge', 'Chambre rangement', 'Façade extérieure', 'Climatisation', 'Chauffage central', 'Sécurité', 'Double vitrage', 'Porte blindée', 'Cuisine équipée', 'Four']","A louer / A vendre : Villa sur 2 niveau avec piscine et jardin au lac 2  S7 avec jardin et piscine, située dans le quartier le plus prestigieux du Lac 2.
Terrain : 860 m²  Bâti : 760 m²
Composition du bien :
Rez-de-chaussée : * Un double salon lumineux ouvrant sur le jardin et la piscine
Cuisine moderne entièrement équipée (haut de gamme)
Séjour confortable et salle d'eau invités.
1er Étage (Espace Nuit) :
3 Suites avec dressings et salles...",https://www.mubawab-media.com/ad/8/331/011F/h/thumb_1309091_property_large_82258613.avif
370 000 TND,Un bel appartement S1 au lac 2 à vendre,"Les Berges Du Lac 2, La Marsa","['60 m²', '2 Pièces', '1 Chambre', '1 Salle de bain']","['Terrasse', 'Garage', 'Ascenseur', 'Concierge', 'Chambre rangement', 'Antenne parabolique', 'Climatisation', 'Chauffage central', 'Sécurité', 'Porte blindée', 'Cuisine équipée', 'Four']","À vendre – Appartement S1 au Lac 2

RE/MAX PLATINUM vous proposons à la vente un appartement S1 situé au 2ᵉ étage d’une résidence moderne, calme et sécurisée au Lac 2.

Superficie : 60 m²

Composition :

Un salon spacieux et lumineux
Une chambre confortable
Une cuisine entièrement équipée
Une salle de bain

Caractéristiques :

Climatisation en bon état de fonctionnement
Résidence sécurisée avec concierge
Une place de parking incl...",https://www.mubawab-media.com/ad/8/330/986F/h/photo_00_82258415.avif
475 000 TND,À Vendre – Magnifique S2 Neuf à La Marsa,"La Marsa, La Marsa","['98 m²', '3 Pièces', '2 Chambres', '1 Salle de bain']","['Terrasse', 'Garage', 'Ascenseur', 'Concierge', 'Façade extérieure', 'Salon européen', 'Antenne parabolique', 'Climatisation', 'Chauffage central', 'Sécurité', 'Double vitrage', 'Porte blindée', 'Cuisine équipée', 'Réfrigérateur', 'Four', 'Micro-ondes']","L’Agence INVEST vous propose un magnifique appartement S2, neuf et jamais habité, situé dans un quartier calme et recherché de La Marsa.
 Ce bien de standing se compose de :
•	Un salon spacieux et lumineux
•	Une salle à manger accueillante
•	Une cuisine moderne et équipée
•	Deux chambres confortables
•	Une salle de bain 

 Résidence sécurisée avec ascenseur
 Superficie : 98 m²
 Prix de vente : 475.000 DT
 Pour toute information ou pour...",https://www.mubawab-media.com/ad/8/263/510F/h/photo_00_81534383.avif
Prix à consulter,S1 s2 s3 et s4 a vendre cite wahat aouina,"Aouina, La Marsa","['64 m²', '2 Pièces', '1 Chambre', '1 Salle de bain']","['Jardin', 'Terrasse', 'Garage', 'Piscine', 'Cuisine équipée']","Ne ratez pas cette opportunité de devenir propriétaire

Sarah immo vous propose un projet immobilière R6 en cours de constructions, bien placée et près de toutes les commodités. 

- Caméras de surveillance 
- Isolation thermique et acoustique 
- Dressings agencés 
- Double vitrage 
- Ascenseur 
- Cuisines équipées ( Hotte, plaque et four ) 
- Chauffage central et climatisation Split ( Salon et les chambres) 
- Menuiserie aluminium est...",https://www.mubawab-media.com/ad/8/330/914F/h/e504a011-47fd-4770-87e3-d5fd9fcc1a13_82257901.avif
Prix à consulter,"Appartement S2 à vendre – Résidence Fatimide, Ain","Ain Zaghouan Nord, La Marsa","['87 m²', '3 Pièces', '2 Chambres', '1 Salle de bain']","['Terrasse', 'Ascenseur', 'Concierge', 'Chauffage central', 'Sécurité', 'Double vitrage', 'Cuisine équipée']","À vendre, bel appartement S2 situé au 2ᵉ étage d’une résidence calme et bien entretenue à Ain Zaghouan, au sein de la Résidence Fatimide, dans un environnement sécurisé et proche de toutes les commodités.
Le bien est complété par un cellier de 17 m² ainsi qu’une place de parking au sous-sol.
L’appartement se compose de :
Un salon spacieux et lumineux avec balcon donnant sur l’entrée principale, agrémenté d’une argenterie encastrée et d’un cl...",https://www.mubawab-media.com/ad/8/327/654F/h/thumb_1305072_property_large_82223157.avif
370 000 TND,A vendre des appartement S1 à Ain Zaghouan Nord,"Ain Zaghouan Nord, La Marsa","['74 m²', '1 Pièce', '1 Chambre', '1 Salle de bain']","['Jardin', 'Terrasse', 'Garage', 'Piscine', 'Concierge', 'Entre-seul', 'Cheminée', 'Climatisation', 'Chauffage central', 'Sécurité', 'Double vitrage', 'Porte blindée', 'Cuisine équipée', 'Four', 'Machine à laver']","Zephyr Immo vous propose à la vente des appartements S1 d’une superficie totale de 74 m², situés dans une résidence nouvellement construite à Ain Zaghouan Nord.
Il offre un salon lumineux qui ouvre sur un balcon , une cuisine moderne entièrement équipée
La partie nuit offre une chambre spacieuse et une salle de douche
Prix de la place de parking : 25 mille dinars",https://www.mubawab-media.com/ad/8/308/295F/h/WhatsApp%20Image%202026-02-02%20at%204.17.46%20PM_82017288.avif
3 000 000 TND,A vendre Villa S6 à La Marsa,"La Marsa, La Marsa","['787 m²', '6 Pièces', '6 Chambres', '1 Salle de bain']","['Terrasse', 'Meublé', 'Climatisation', 'Chauffage central', 'Cuisine équipée', 'Réfrigérateur', 'Four', 'Machine à laver', 'Micro-ondes']","L’agence Tunis First vous propose à la vente  une magnifique villa S6 dans l’un des quartiers les plus prisés de La Marsa.

Au rez-de-chaussée un vaste salon lumineux donnant accès à une terrasse et à un jardin gazonné avec piscine,une salle à manger spacieuse et une cuisine entièrement équipée.

Une suite parentale, une chambre à coucher et une salle d’eau complètent ce niveau.

A l’étage, deux suites parentales avec leur propre salle de b...",
217 000 TND,T à vendre appartements direct promoteur,"Aouina, La Marsa","['64 m²', '1 Chambre', '1 Salle de bain']","['Garage', 'Ascenseur', 'Concierge', 'Antenne parabolique', 'Climatisation', 'Chauffage central', 'Sécurité', 'Double vitrage']","T À VENDRE - APPARTEMENTS DIRECT PROMOTEUR
Nouvelle soukra
Prix négociable selon modalités de paiement 

9 Emplacement stratégique - Opportunité 
idéale pour habitation ou investissement
# Typologies disponibles:

• S1 à partir de 53 m2
• S2 à partir de 88 m2
• S3 à partir de 112 m2

17 Remise des clés : fin 2026

A Achat direct promoteur (frais réduits - bonne opportunité d'investissement)
& Pour plus d'informations ou visite :

23333647  561608...",
Prix à consulter,A louer s1 à cité les palmeraies,"Aouina, La Marsa","['53 m²', '1 Chambre', '1 Salle de bain']",[],"A louer  un s1 dans une résidence à cité les palmeraies 
L'appartement se compose d'un salon, cuisine équipée n, salle de douche et une chambre 
Chauffage central 
Un climatisseur",
1 600 000 TND,Villa S3 avec piscine&jardin à vendre à Gammarth,"Gammarth, La Marsa","['483 m²', '4 Pièces', '3 Chambres', '2 Salles de bains']",[],"BONACASA vous propose à la location une superbe villa jumelée sur trois niveaux de 483.3m² située dans une résidence bien gardée et bien sécurisée.
Le rez-de-chaussée se compose d’un salon/salle à manger spacieux et lumineux donnant une jolie piscine et un vaste jardin gazonné de 195.3m², un coin cheminé; une cuisine bien équipée donnant sur un séchoir et une salle d’eau invités.
L’étage loge une suite parentale avec son dressing et sa salle d’...",
Prix à consulter,A louer un appartement meublé s 2 a gammarth,"Gammarth Supérieur, La Marsa","['126 m²', '2 Pièces', '2 Chambres', '1 Salle de bain']",[],"À Louer :
Appartement S2 meublé avec vue imprenable sur mer à Gammarth 
 Composition :
Un salon avec balcon.
Une cuisine entièrement équipée (hotte, plaque, four, micro-ondes, réfrigérateur, lave-vaisselle et lave-linge…)
Deux chambres à coucher avec dressings.
Dressing au couloir.
Une salle de douche.
Climatisation : Split-Système 
Chauffage central",
Prix à consulter,Vente d'un bel appartement à La Perle du Lac 1,"La Perle du Lac 1, La Marsa","['61 m²', '2 Pièces', '1 Chambre', '1 Salle de bain']","['Jardin', 'Climatisation', 'Chauffage central']","Situé dans le prestigieux quartier du Lac de Tunis, GAIA est un projet résidentiel de standing supérieur qui incarne l’élégance contemporaine et le confort absolu. Niché dans l’un des emplacements les plus prisés de la capitale, il offre un cadre de vie exclusif où modernité et raffinement se rencontrent harmonieusement.

Des appartements d’exception

GAIA propose une sélection d’appartements haut de gamme, du S+1 aux somptueux penthouses, to...",
395 000 TND,"S2 de 95,78m² et une terrasses de 23,80m²","Ain Zaghouan Nord, La Marsa","['119 m²', '1 Pièce', '2 Chambres', '2 Salles de bains']","['Jardin', 'Ascenseur', 'Climatisation', 'Chauffage central', 'Sécurité', 'Double vitrage', 'Porte blindée', 'Cuisine équipée', 'Four']","La Résidence « REGALIA 2 » se situe à Ain Zaghouan et donne directement sur l’avenue Khalid Ibn El Walid, elle est idéalement placée à dix minutes du centre ville et de la Marsa, et à proximité des Berges du Lac et de l’aéroport.

_CONCEPTION

Née d’un désir d’exclusivité et d’excellence, la Résidence REGALIA se distingue par l’originalité de son architecture et de la conception de ses façades et de ses parties communes. La résidence s’articu...",
634 800 TND,S2 moderne a vendre,"Ain Zaghouan Nord, La Marsa","['126 m²', '3 Pièces', '2 Chambres', '2 Salles de bains']","['Garage', 'Piscine', 'Climatisation', 'Chauffage central', 'Double vitrage', 'Porte blindée', 'Cuisine équipée', 'Réfrigérateur', 'Four', 'Micro-ondes']","Résidence WAVE – Plus qu’une adresse, une véritable signature architecturale.
Située au cœur d’Ain Zaghouan Nord, la Résidence WAVE se distingue par son élégance et
son concept novateur “appart hôtel”, alliant confort, modernité et prestations haut de gamme.
Cette résidence 100 % résidentielle, composée d’un rez-de-chaussée et de quatre étages, offre
une architecture d’exception avec des façades inspirées des vagues et des finitions raffinées...",
405 000 TND,Appartement S2 neuf avec parking à Cité El Wahat,"Aouina, La Marsa","['118 m²', '3 Pièces', '2 Chambres', '2 Salles de bains']","['Terrasse', 'Garage', 'Ascenseur', 'Concierge', 'Façade extérieure', 'Climatisation', 'Chauffage central', 'Sécurité', 'Double vitrage', 'Cuisine équipée', 'Four', 'Micro-ondes']","Immoways vous propose à la vente un appartement S2 neuf, jamais habité, situé à Cité El Wahat dans un environnement résidentiel calme et recherché.

D’une superficie de 118 m², ce bien se compose de :

Un salon spacieux avec balcon offrant une belle luminosité
Une cuisine équipée avec séchoir
Une suite parentale avec salle de douche
Une chambre à coucher
Une salle de bain indépendante
Une place de parking

L’appartement est également é...",https://www.mubawab-media.com/ad/8/326/029F/h/1_82205549.avif
415 000 TND,A vendre s2 à Ain zaghoun nord,"Ain Zaghouan Nord, La Marsa","['127 m²', '2 Chambres', '1 Salle de bain']","['Terrasse', 'Garage', 'Ascenseur', 'Concierge', 'Façade extérieure', 'Climatisation', 'Chauffage central', 'Sécurité', 'Double vitrage', 'Cuisine équipée', 'Four']","A vendre un appartement s2 à Ain zaghoun nord 
L'appartement se compose d'un salon avec terasse, cuisine équipée avec séchoir, deux chambres avec dressings dont une avec terasse et une salle de bain 
Trois climatisseurs et une place de parking au sous-sol",https://www.mubawab-media.com/ad/8/238/702F/h/photo_0_82125301.avif
259 000 TND,À vendre – S1 & S2 direct promoteur à La Nouvelle Soukra,"Aouina, La Marsa","['66 m²', '1 Chambre', '1 Salle de bain']","['Ascenseur', 'Climatisation', 'Double vitrage', 'Cuisine équipée']","À vendre – S1 & S2 direct promoteur à La Nouvelle Soukra

 Résidences neuves, haut standing, idéal investissement ou habitation :

 S1 Prix : 259 000 MD

 S2 Prix : 310 000 MD

 Nouvelle Soukra – emplacement stratégique

 Pour plus d’informations ou visite :90309018  55333750  51262715  94293777  56160823",https://www.mubawab-media.com/ad/8/330/966F/h/photo_00_82258292.avif
365 000 TND,S3 à cité wahat l'aouina,"Aouina, La Marsa","['149 m²', '4 Pièces', '3 Chambres', '2 Salles de bains']","['Terrasse', 'Garage', 'Ascenseur', 'Concierge', 'Climatisation', 'Chauffage central', 'Sécurité', 'Cuisine équipée', 'Four', 'Micro-ondes']","Darcom Tunisia met en vente un bel appartement S3 d’une superficie d’environ 149 m², situé au 2ème étage d’une résidence sécurisée et gardée à Cité El Wahat – L’Aouina.
Composition :
    •    Un salon lumineux avec balcon
    •    Un dressing au hall d’entrée
    •    Une cuisine aménagée et équipée (hotte, plaque, four, micro-ondes) avec séchoir attenant
    •    Une salle d’eau invités
    •    Un espace nuit indépendant comprenant :
...",https://www.mubawab-media.com/ad/8/129/418F/h/logo1_81096744.avif
À partir de310 000 TND,"Résidence"" La Régence ""","El Menzah 9, El Menzah","['Haut standing', 'En cours de construction', 'Livraison:\n\t\t\t\t\t\t\t\t\t\tseptembre 2026']","['Garage', 'Ascenseur', 'Climatisation', 'Chauffage central', 'Sécurité']","""la régence"" est la résidence la plus luxueuse du menzah 9. elle offre à ses résidents un style de vie luxueux et distingué.
les appartements sont bien conçus et profitent pleinement de la lumière du jour",https://www.mubawab-media.com/ad/8/330/721F/h/31.jpg_82255758.avif
380 000 TND,Spacieux S3 avec Suite Parentale Cité Palmiers,"Aouina, La Marsa","['165 m²', '4 Pièces', '3 Chambres', '2 Salles de bains']","['Garage', 'Ascenseur', 'Concierge', 'Chambre rangement', 'Salon européen', 'Antenne parabolique', 'Climatisation', 'Chauffage central', 'Sécurité', 'Double vitrage', 'Porte blindée', 'Cuisine équipée']","À VENDRE Spacieux S3 avec Suite Parentale  2 places de parking Cité des Palmeraies (L’Aouina)
Offrez-vous un cadre de vie confortable au cœur d’un quartier recherché !
Situé dans une résidence sécurisée très bien entretenue, cet appartement se distingue par son standing ses beaux volumes et sa luminosité.

**Superficie : 165.4 m²
- Étage : 2eme étage avec double ascenseur
-02 Places de parking à l'intérieur et en sous-sol

Il se compose d...",https://www.mubawab-media.com/ad/8/308/859F/h/Panorama4_82022998.avif
416 880 TND,"Fabuleux S3 de 125m² à vendre; , Opera Garden","Bhar Lazreg, La Marsa","['125 m²', '4 Pièces', '3 Chambres', '2 Salles de bains']","['Terrasse', 'Ascenseur', 'Piscine', 'Concierge', 'Meublé', 'Antenne parabolique', 'Climatisation', 'Chauffage central', 'Sécurité', 'Double vitrage', 'Porte blindée', 'Cuisine équipée', 'Four', 'Micro-ondes']","Opéra Garden est votre nouvelle résidence de haut standing sise à La Marsa – Bhar Lazreg.
Erigée en R+2 avec un sous-sol, elle est située à 750m de l’hypermarché Carrefour.


Le projet se compose de 5 blocs et la remise des clés de la 2ème tranche du projet est prévu pour la fin du mois de juillet 2025 dont des :

- S+1
- S+2
- S+3
- Duplex types (S+2) et (S+3)

La résidence dispose également d’une salle de jeux au sous-sol. Pensée pou...",https://www.mubawab-media.com/ad/7/845/712F/h/05final_81654466.avif
Prix à consulter,Appartement S2 lumineux et moderne,"Ain Zaghouan Nord, La Marsa","['134 m²', '3 Pièces', '2 Chambres', '3 Salles de bains']","['Garage', 'Ascenseur', 'Piscine', 'Concierge', 'Chambre rangement', 'Entre-seul', 'Salon européen', 'Antenne parabolique', 'Climatisation', 'Chauffage central', 'Sécurité', 'Double vitrage', 'Porte blindée', 'Cuisine équipée']","Appartement S+2 de 134 m² avec belle orientation sud, offrant luminosité et confort au quotidien.

L’espace de vie se compose d’un salon et d’une salle à manger donnant sur un balcon, d’une cuisine entièrement équipée avec séchoir et d’une salle d’eau pour les invités, alliant praticité et convivialité.

La partie nuit comprend une suite avec baignoire et dressing ainsi qu’une suite parentale avec douche à l’italienne, garantissant confort, i...",https://www.mubawab-media.com/ad/8/311/581F/h/Rendu%20cam01_82051861.avif
1 013 800 TND,Unique Duplex S4 ed 200m² à vendre,"Bhar Lazreg, La Marsa","['200 m²', '5 Pièces', '4 Chambres', '2 Salles de bains']","['Terrasse', 'Garage', 'Concierge', 'Salon européen', 'Antenne parabolique', 'Climatisation', 'Chauffage central', 'Sécurité', 'Double vitrage', 'Cuisine équipée', 'Four']","Résidence LE MANDARIN – La Marsa Bhar Lazreg

À seulement 150 mètres de la Route du Relais de Gammarth, découvrez une résidence haut standing pensée pour le confort et la sérénité de votre famille.

Achetez votre bien d’exception :

* Appartements S+2 / S+3
* Duplex élégants
* Locaux commerciaux en double hauteur
* Bureaux dédiés aux activités médicales

Prestations premium :

* Piscine couverte
* Salle de sport équipée
* Sauna
*...",https://www.mubawab-media.com/ad/8/326/408F/h/WhatsApp%20Image%202026-04-03%20at%206.11.21%20PM%20%281%29_82209845.avif
230 000 TND,A vendre: Un appartement S1 à Cité Wahat,"Aouina, La Marsa","['55 m²', '2 Pièces', '1 Chambre', '1 Salle de bain']","['Jardin', 'Garage', 'Ascenseur', 'Piscine', 'Concierge', 'Salon européen', 'Climatisation', 'Chauffage central', 'Sécurité', 'Double vitrage', 'Cuisine équipée', 'Four']","REO Immobilier vous présente à la vente un appartement S1 (Jamais Habité)  , idéalement situé à Cité Wahat

Il Comporte :

 Un salon spacieux et Lumineux donnant sur un balcon 
 Une Kitchenette  séparée très bien équipée
 Une chambre à coucher 
 Une salle d'eau avec une cabine de douche à l'italienne
 Dressing au couloir
 Une place de parking au sous-sol 

  LE PRIX DE VENTE : 230 000 DT

 Pour plus d’informations veuillez nous cont...",https://www.mubawab-media.com/ad/8/257/879F/h/WhatsApp%20Image%202025-11-25%20at%2012.10.25%20PM%20%281%29_81470486.avif
218 000 TND,A Vendre Des Appartements S1 S2 S3 Nouvelle soukra,"Aouina, La Marsa","['49 m²', '2 Pièces', '1 Chambre', '1 Salle de bain']","['Terrasse', 'Concierge', 'Climatisation', 'Chauffage central', 'Sécurité', 'Double vitrage', 'Cuisine équipée', 'Four']","REO Immobilier vous propose à la vente des appartements Direct Promoteur à La Nouvelle Soukra
 Une résidence de prestige – une opportunité exceptionnelle à ne pas manquer !

Découvrez nos magnifiques appartements S1, S2 et S3, situés dans l’un des quartiers les plus prisés de La Nouvelle Soukra, idéal pour une résidence principale ou un investissement de qualité.

Ils se trouvent au sein d’une résidence R2 très haut standing, implantée dans...",https://www.mubawab-media.com/ad/8/326/410F/h/WhatsApp%20Image%202026-04-03%20at%202.56.52%20PM_82209888.avif
248 000 TND,A vendre: Un appartement S1 à Cité Wahat,"Aouina, La Marsa","['67 m²', '2 Pièces', '1 Chambre', '1 Salle de bain']","['Jardin', 'Terrasse', 'Garage', 'Ascenseur', 'Concierge', 'Salon européen', 'Climatisation', 'Chauffage central', 'Sécurité', 'Double vitrage', 'Porte blindée', 'Cuisine équipée', 'Four']","REO Immobilier vous présente à la vente un appartement S1 (Jamais Habité)  , idéalement situé à Cité Wahat

Il Comporte :

 Un salon spacieux et Lumineux donnant sur un balcon 
 Une cuisine séparée très bien équipée 
 Une chambre à coucher  avec dressing intégré 
 Une salle d'eau avec une cabine de douche à l'italienne

  LE PRIX DE VENTE : 248 000 DT

 Pour plus d’informations veuillez nous contacter aux :

53 700 831 / 50 700 517...",https://www.mubawab-media.com/ad/8/319/655F/h/WhatsApp%20Image%202026-03-31%20at%2012.19.55%20PM%20%282%29_82190283.avif
255 600 TND,À Vendre: Des appartements S1 S2 Direct Promoteur,"Aouina, La Marsa","['67 m²', '2 Pièces', '1 Chambre', '1 Salle de bain']","['Jardin', 'Garage', 'Ascenseur', 'Concierge', 'Salon européen', 'Climatisation', 'Chauffage central', 'Sécurité', 'Double vitrage', 'Porte blindée', 'Cuisine équipée', 'Four']","REO Immobilier vous propose à la vente des appartements (Direct Promoteur ) à La Nouvelle Soukra 

 Résidence R5 très haut standing, implantée dans un environnement calme, sécurisé et recherché  ( Livraison Mars 2027)

Découvrez nos magnifiques appartements S1, S2, S3 et S4 situés dans l’un des quartiers les plus prisés de La Nouvelle Soukra, idéal pour une résidence principale ou un investissement rentable  et sécurisé 

Un cadre de vie al...",https://www.mubawab-media.com/ad/8/249/107F/h/WhatsApp%20Image%202026-01-16%20at%201.43.21%20PM%20%283%29_81810837.avif
219 000 TND,"A vendre: Des Appartements S1, S2 Direct Promoteur","Aouina, La Marsa","['52 m²', '2 Pièces', '1 Chambre', '1 Salle de bain']","['Jardin', 'Garage', 'Ascenseur', 'Concierge', 'Salon européen', 'Antenne parabolique', 'Climatisation', 'Chauffage central', 'Sécurité', 'Double vitrage', 'Cuisine équipée', 'Four']","REO Immobilier vous propose à la vente des appartements (Direct Promoteur) à La Nouvelle Soukra

Découvrez des appartements S1, S2 , S3 au sein d’une résidence R5 haut standing

 Plusieurs Superficies disponibles ! 

Profitez d’un cadre de vie exceptionnel alliant confort, élégance et modernité 

Caractéristiques de la résidence :

-Isolation phonique et thermique de qualité

-Double Vitrage

-Jardin paysager soigneusement aménagé
...",https://www.mubawab-media.com/ad/8/305/711F/h/53705d93-112b-4209-91f2-355ee9266514_81990153.avif
186 000 TND,"À vendre: Des appartements S1, S2, S3 promoteur","Aouina, La Marsa","['42 m²', '2 Pièces', '1 Chambre', '1 Salle de bain']","['Jardin', 'Garage', 'Ascenseur', 'Concierge', 'Salon européen', 'Antenne parabolique', 'Climatisation', 'Chauffage central', 'Sécurité', 'Double vitrage', 'Porte blindée', 'Cuisine équipée', 'Four']","REO Immobilier vous propose à la vente des appartements (Direct Promoteur ) à La Nouvelle Soukra 

Résidence R5 très haut standing, implantée dans un environnement calme, sécurisé et recherché  ( Livraison Décembre 2027)

Découvrez nos magnifiques appartements S1, S2, S3 et S4 situés dans l’un des quartiers les plus prisés de La Nouvelle Soukra, idéal pour une résidence principale ou un investissement rentable et sécurisé.

Un cadre de vie...",https://www.mubawab-media.com/ad/8/268/694F/h/Residence%20Marbella_Patio_16%20-%20Photo_81686461.avif
216 000 TND,A Vendre: Des Appartements S1 S2 S3 Cité Wahat,"Aouina, La Marsa","['57 m²', '2 Pièces', '1 Chambre', '1 Salle de bain']","['Terrasse', 'Garage', 'Ascenseur', 'Concierge', 'Antenne parabolique', 'Climatisation', 'Chauffage central', 'Sécurité', 'Double vitrage', 'Porte blindée', 'Cuisine équipée', 'Four']","REO Immobilier est ravi de vous proposer une opportunité rare à Cité Wahat : Des appartements (Direct Promoteur ) au sein d’une résidence nouvelle génération, conçue pour offrir luxe, confort et sérénité au quotidien.
 Un investissement sécurisé dans une adresse d’exception.

 Un cadre de vie privilégié

Installée dans l’un des quartiers les plus recherchés du Grand Tunis, cette résidence R7 haut standing séduit par son ambiance harmonieuse...",https://www.mubawab-media.com/ad/8/238/974F/h/WhatsApp%20Image%202025-09-09%20%C3%A0%2013.16.35_6f8527b9_81872032.avif
388 000 TND,A vendre S3 à l'Aouina,"Aouina, La Marsa","['182 m²', '4 Pièces', '3 Chambres', '3 Salles de bains']","['Terrasse', 'Garage', 'Ascenseur', 'Concierge', 'Climatisation', 'Chauffage central', 'Sécurité', 'Double vitrage', 'Cuisine équipée', 'Réfrigérateur', 'Four']","A vendre : Appartement S3 à l'Aouina avec suite  au  3-ème étage 

Superficie : 182 m²

Composition : 

-Un salon avec balcon 
-Deux chambres à coucher avec dressings
-Suite parentale avec dressing et salle d'eau  
-salle d'eau invités 
-Une cuisine bien équipée avec séchoir qui contient une 2ème cuisine 

 

chauffage central et clilatisation split 

place de parking sous sol 
 
Pour le visiter et plus d'informations veuillez n...",https://www.mubawab-media.com/ad/8/190/285F/h/3FZJiN5K9tatVwvc-thumb_80765498.avif
Prix à consulter,A vendre Appt ou duplex s3 direct promoteur vue sur lac,"Les Berges Du Lac 2, La Marsa","['312 m²', '5 Pièces', '3 Chambres', '4 Salles de bains']","['Terrasse', 'Garage', 'Ascenseur', 'Concierge', 'Salon européen', 'Antenne parabolique', 'Climatisation', 'Chauffage central', 'Sécurité', 'Double vitrage', 'Porte blindée', 'Cuisine équipée', 'Réfrigérateur', 'Four']","L’agence immobilière Century 21 INFINITY vous propose à la vente des appartements et des  duplex S3 avec chambre de service direct promoteur  au lac2 

Emplacement : les berges du lac2
Superficie: 312m²
Etat: DIRECT PROMOTEUR

Ce DUPLEX se compose de:
*AU RDC:
– Un salon salle à manger
– Une cuisine bien équipée
– Une chambre de service avec salle de douche
– Une salle d’eau pour les invités avec des éléments de rangement

AU PREMIER...",https://www.mubawab-media.com/ad/8/309/655F/h/m2RVL4NlmDJSeK50-thumb%20%282%29_82035921.avif
525 000 TND,A vendre: Un appartement S2 à Ain Zaghouan nord,"Ain Zaghouan Nord, La Marsa","['115 m²', '3 Pièces', '2 Chambres', '2 Salles de bains']","['Jardin', 'Terrasse', 'Garage', 'Chambre rangement', 'Entre-seul', 'Antenne parabolique', 'Cheminée', 'Chauffage central', 'Double vitrage', 'Porte blindée']","L'agence immobilière Century 21 Invest vous propose pour la vente L'agence immobilière Century 21 Invest vous propose pour la vente un appartement S2 neuf promoteur, situé à Ain Zaghouan Nord . 
Typologie : S2 
Superficie : 115m² 
Il se compose de : 
- Salon avec balcon. 
- Cuisine à l'américaine avec un séchoir. 
-Suite parentale avec dressing et une salle de bain à l'italienne. 
- Chambre à coucher aménagée par un dressing.
- Une salle...",https://www.mubawab-media.com/ad/7/996/452F/h/2214a4ff-3dad-425c-b002-764bdec8eadb_GF_82160949.avif
1 350 000 TND,Magnifique villa à vendre à Cité Les Pins. Surface totale 49...,"Cité Les Pins, La Marsa","['490 m²', '6 Chambres', '3 Salles de bains']","['Jardin', 'Terrasse', 'Cuisine équipée']","Prestations de luxe pour cette villa à vendre. Prix 1 350 000 TND. 6 chambres à coucher, 3 salles de bains, 490 m². Moins de 30 ans. À rénover. Type de sol: Carrelage. Parfaitement équipé avec porte blindée, chauffage central et double vitrage.

Cette superbe villa est en vente à Cité Les Pins. Les extérieurs se composent d'un jardin et d'une terrasse. Profitez du confort d'une belle cheminée.

Soyez le premier à visiter cette villa en vente. Par...",https://www.mubawab-media.com/ad/8/023/145F/h/photo_00_79092418.avif
420 000 TND,Duplex Iris à Vendre à La Marsa,"La Marsa, La Marsa","['200 m²', '5 Pièces', '4 Chambres', '3 Salles de bains']","['Jardin', 'Terrasse', 'Garage', 'Vue sur les montagnes', 'Chambre rangement', 'Salon européen', 'Antenne parabolique', 'Chauffage central', 'Double vitrage', 'Cuisine équipée']","Un duplex avec une entrée indépendante situé dans un bon quartier à La Marsa Erriadh. Au 1 er étage, On a un grand salon, une cuisine, une chambre, une salle de bain et un grand balcon. Au 2 éme étage, On a une suite parentale, 3 chambres avec balcon et une salle de bain. Pour tous les renseignements, contacter l'agent sur le",https://www.mubawab-media.com/ad/7/684/148F/h/photo_00_45883870.avif
2 750 000 TND,Somptueuse maison à vendre à Gammarth Supérieur. Superficie...,"Gammarth Supérieur, La Marsa","['720 m²', '4 Chambres', '3 Salles de bains']","['Jardin', 'Terrasse', 'Garage', 'Vue sur les montagnes', 'Chambre rangement', 'Entre-seul', 'Salon européen', 'Antenne parabolique', 'Cheminée', 'Climatisation', 'Chauffage central', 'Sécurité', 'Double vitrage', 'Porte blindée']","Prestations de luxe pour cette villa à vendre. Prix 2 700 000 TND. 4 chambres, 3 salles de bains, 720 m². Moins de 30 ans. À rénover. Revêtement: Carrelage. Profitez d'une vue imprenable sur les montagnes et du calme absolu avec fenêtres en double vitrage. Chauffage central.

Cette belle villa est en vente à Gammarth Supérieur. Les extérieurs se composent d'un jardin et d'une terrasse. Antenne parabolique.

Programmez dès maintenant votre vis...",https://www.mubawab-media.com/ad/7/671/199F/h/photo_0_44116997.avif
2 950 000 TND,Ancienne maison à vendre à Cité Les Pins 4 belles chambres g...,"Cité Les Pins, La Marsa","['1060 m²', '4 Chambres', '2 Salles de bains']","['Jardin', 'Terrasse', 'Garage', 'Vue sur les montagnes', 'Chambre rangement', 'Antenne parabolique', 'Cheminée', 'Climatisation', 'Chauffage central', 'Sécurité', 'Double vitrage', 'Porte blindée', 'Cuisine équipée', 'Micro-ondes']","Prestations haut de gamme pour cette villa à vendre. Prix 2 950 000 TND. 4 chambres, 2 salles de bains, superficie 1060 m². À rénover. Confort et sécurité avec chauffage central, porte blindée et double vitrage. En prime, une magnifique vue sur les montagnes.

Venez découvrir sans hésiter cette villa à Cité Les Pins. En plus d'une terrasse, dispose également d'un jardin et d'un parking. Équipé d'une parabole. La résidence est sécurisée.

Programm...",https://www.mubawab-media.com/ad/8/304/029F/h/thumb_1279053_property_large_81973640.avif
750 000 TND,Magnifique villa à vendre à Gammarth Village. 4 belles chamb...,"Gammarth Village, La Marsa","['260 m²', '4 Chambres', '3 Salles de bains']","['Jardin', 'Terrasse', 'Garage', 'Meublé', 'Climatisation', 'Chauffage central', 'Porte blindée', 'Cuisine équipée']","Prestations haut de gamme pour cette villa à vendre. Prix 750 000 TND. 4 chambres, 3 salles de bains, superficie 260 m². Moins de 10 ans. Revêtement: Marbre. Confort et sécurité avec chauffage central, porte blindée et double vitrage. En prime, une magnifique vue sur les montagnes.

Venez découvrir sans hésiter cette villa à Gammarth Village. Les extérieurs se composent d'un jardin et d'une terrasse. Équipé d'une antenne parabolique. Sécurité d...",https://www.mubawab-media.com/ad/8/158/826F/h/21346-1_80447224.avif
750 000 TND,A vendre un duplex à Gammarth,"Gammarth, La Marsa","['260 m²', '3 Chambres', '4 Salles de bains']","['Jardin', 'Terrasse', 'Garage', 'Vue sur les montagnes', 'Chambre rangement', 'Entre-seul', 'Salon européen', 'Antenne parabolique', 'Climatisation', 'Chauffage central', 'Sécurité', 'Double vitrage', 'Porte blindée']","A Vendre Chez Nour Immobilière un duplex situé à Gammarth Village  sur un terrain de 250m². 
en très bon état et d'une superficie de 260m² de bâtie.
Il se compose d'un grand salon salle à manger,  une cuisine bien équipée avec un séchoir, une salle de bain, une salle d'eau invités, une chambre d'amies et une terrasse.
L'étage loge trois suites avec balcons et dressings. il est équipé du chauffage et de la climatisation centrales.
Sur le toit...",https://www.mubawab-media.com/ad/8/042/065F/h/FB_IMG_1732314445220_79278764.avif
2 550 000 TND,Maison de haut standing à vendre à Cité Les Pins. Surface to...,"Cité Les Pins, La Marsa","['680 m²', '7 Chambres', '3 Salles de bains']","['Jardin', 'Terrasse', 'Garage', 'Chambre rangement', 'Entre-seul', 'Salon européen', 'Antenne parabolique', 'Climatisation', 'Chauffage central', 'Double vitrage', 'Porte blindée', 'Cuisine équipée']","Prestations haut de gamme pour cette magnifique maison en vente. Prix 2 550 000 TND. 7 chambres, 3 salles de bains, 680 m². Moins de 30 ans. À rénover. Revêtement: Carrelage. Vue exceptionnelle sur les montagnes, fenêtres avec double vitrage, chauffage central et porte blindée.

Cette belle villa est en vente à Cité Les Pins. Sécurité garantie avec surveillance. Système d'antenne parabolique. Vous bénéficierez d'une terrasse et d'un jardin.

Prog...",
1 100 000 TND,Villa de haut standing à vendre à Sidi Daoued. 6 belles cham...,"Sidi Daoued, La Marsa","['500 m²', '6 Chambres', '3 Salles de bains']","['Garage', 'Ascenseur', 'Sécurité', 'Cuisine équipée', 'Four']","Superbes prestations pour cette villa à vendre. 6 chambres à coucher, 3 salles de bains, 500 m². Moins de 20 ans. Type de sol: Parquet.

Venez découvrir sans hésiter cette villa à Sidi Daoued. Bénéficiez du calme absolu avec fenêtres en double vitrage. Porte blindée et chauffage central. Les extérieurs se composent d'un jardin et d'une terrasse.

Contactez-nous si vous êtes intéressé par cette villa. Cuisine bien équipée. Parabole. Salon contempo...",
999 000 TND,À vendre Appartement S4,"Les Berges Du Lac 2, La Marsa","['235 m²', '5 Pièces', '4 Chambres', '3 Salles de bains']","['Jardin', 'Terrasse', 'Garage', 'Piscine', 'Entre-seul']","À vendre – Spacieux Appartement S4 aux Les Berges du Lac 2

Situé au 1er étage d’une résidence calme, sécurisée et bien entretenue avec ascenseur, cet appartement de 234 m² offre de beaux volumes et une excellente distribution des espaces, idéale pour une vie familiale confortable.

Dès l’entrée, vous découvrez un grand salon lumineux, bénéficiant d’une belle surface permettant d’aménager facilement un double espace salon et salle à manger.
...",
5 500 000 TND,À vendre une belle villa avec piscine au Lac 2,"Les Berges Du Lac 2, La Marsa","['717 m²', '4 Pièces', '4 Chambres', '1 Salle de bain']","['Terrasse', 'Façade extérieure', 'Antenne parabolique', 'Climatisation', 'Chauffage central', 'Double vitrage', 'Porte blindée', 'Cuisine équipée']","Villa avec piscine de 670m² au lac 2 pour se détendre en famille.PLAZA IMMO vous invite à découvrir cette villa, situé dans le prestigieux Lac 2, offrant ainsi confort et élégance à portée de main.Présentation du Villa - Référence : 21346Cette villa exceptionnelle au bord du lac vous offre un espace de vie idéal avec sa terrasse couverte et dédiée à l'extérieur, idéale pour profiter des journées ensoleillées sur le lac. Sur un terrain de 670m² de...",
