PRICE,TITLE,LOCATION,DETAILS,FEATURES,DESCRIPTIONS,IMAGE
258 000 TND,Nouveau Projet R6 à Cité El Wafa – AFH Mrezga,"Cité El Wafa, Nabeul","['1 Pièce', '1 Chambre', '1 Salle de bain']","['Garage', 'Ascenseur', 'Piscine', 'Cuisine équipée']","Nouveau projet R6 à Cité El Wafa – AFH Mrezga .
Résidence très haut standing avec :

-Appartements spacieux et lumineux -Piscine collective pour les résidents - Parking en sous-sol sécurisé
-Double ascenseur
-Finitions de très haute qualité -Quartier calme et stratégique, proche de toutes les commodités
 Remise des clés : été 2027

 Prix de lancement :
️ S1 à partir de 258.000 DT
️ S2 à partir de 407.400 DT
️ S3 à partir de 449.400 DT
...",
710 000 TND,A vendre villa à AFH1 Nabeul,Nabeul,"['180 m²', '3 Pièces', '2 Chambres', '1 Salle de bain']","['Jardin', 'Terrasse', 'Garage', 'Climatisation', 'Chauffage central', 'Porte blindée']","A VENDRE VILLA A L'AFH1 NABEUL 
https://azurimmobiliere.com/vente/villas/vv-761/villa-razen
L'agence Azur immobilière vous propose une villa plein pieds située à Nabeul cité AFH1 , dans un endroit sélectionné à proximité de toutes es commodités , ouverte sur un rue de 20 mètres 
La villa est construite sur un terrain de 320 m² , d'une superficie couverte de 180 m², avec un garage
Pour visiter , contactez tel / WhatsApp 29 323 344",
850 000 TND,A vendre villa à Nabeul côté khayem Garden,"Neapolis, Nabeul","['375 m²', '4 Pièces', '3 Chambres', '2 Salles de bains']","['Jardin', 'Terrasse', 'Garage', 'Chauffage central', 'Sécurité', 'Double vitrage', 'Porte blindée']","Agréable villa située à Nabeul côté hôtel Khayem Garden dans un endroit chic et à proximité de toutes les commodités et pas loin de la plage  , construite sur un terrain qui fait 409 m² sur trois niveaux séparés; 
*Rez de chaussé 150 m² ; composé de 3 grandes chambres , salon lumineuses , cuisine , salle de bain et un salle d'eau séparé, jardin planté , allée pour 2 voiture  avec porte électrique et un garage . 
*Etage moderne 150 m² composé de...",https://www.mubawab-media.com/ad/7/896/428F/h/thumb_1182389_property_xlarge_81207367.avif
2 100 000 TND,Villa exotique de 1000m² à Sidi Mahersi,"Sidi El Mahrsi, Nabeul","['580 m²', '6 Pièces', '6 Chambres', '5 Salles de bains']","['Jardin', 'Terrasse', 'Garage', 'Vue sur les montagnes', 'Piscine', 'Concierge', 'Chambre rangement', 'Salon européen', 'Antenne parabolique', 'Cheminée', 'Climatisation', 'Chauffage central', 'Sécurité', 'Double vitrage', 'Porte blindée', 'Cuisine équipée', 'Réfrigérateur', 'Four']",Cette villa de 580m² érigée sur deux niveaux se dresse au milieu d’un terrain de 1000m² dans un quartier calme et très bien fréquenté à Nabeul . Au premier niveau on trouve un spacieux salon  lumineux en double hauteurs qui occupe une grande partie de cette villa il est totalement ouvert sur la piscine et le jardin dans la continuité on trouve  une grande cuisine indépendante moderne bien agencée et équipée ouverte sur la piscine ainsi qu’une deu...,https://www.mubawab-media.com/ad/8/213/809F/h/6b5df015-ec40-4c5c-812c-efcedc33c365_81024400.avif
295 000 TND,Nouveau Projet R3 à Sidi Mahersi Nabeul,Nabeul,"['46 m²', '1 Pièce', '1 Chambre', '1 Salle de bain']","['Garage', 'Ascenseur', 'Piscine', 'Climatisation', 'Chauffage central', 'Sécurité', 'Double vitrage', 'Porte blindée', 'Cuisine équipée']","Un bijou rare à Sidi Mahersi – Nabeul.

À seulement 300 m de la mer, découvrez une résidence exclusive R3 dans l’un des emplacements les plus prisés de Nabeul.

- Prestations haut standing :
- Architecture moderne et finitions raffinées
- Vue mer dégagée et imprenable
- Résidence avec piscine collective &amp; double ascenseur
- Parking sous-sol et celliers disponibles

* Appartements disponibles :
    •    S1 à partir de 295 000 DT
    •...",https://www.mubawab-media.com/ad/8/307/885F/h/thumb_1284295_property_large_82012261.avif
260 000 TND,Une Nouvelle Signature Résidentielle à AFH Mrezga,"Cité El Wafa, Nabeul","['60 m²', '1 Pièce', '1 Chambre', '1 Salle de bain']","['Jardin', 'Garage', 'Ascenseur', 'Piscine', 'Concierge', 'Climatisation', 'Chauffage central', 'Sécurité', 'Double vitrage', 'Cuisine équipée']","Au cœur de Cité El Wafa – AFH Mrezga, découvrez une résidence haut standing pensée pour allier élégance, confort et rentabilité.

Livraison prévue fin 2027
Prix à partir de 260 000 DT

 -Piscine collective
 -Salle de sport moderne
 -Double ascenseur
- Espaces verts &amp; coins détente

 Différentes superficies disponibles
 Types : S1, S2, S3
 Appartements avec jardins privés &amp; terrasses

Un projet idéal pour habiter ou investir dans une...",https://www.mubawab-media.com/ad/8/303/379F/h/thumb_1299769_property_xlarge_82167451.avif
700 000 TND,À Vendre S4 Vue Sur Mer à Nabeul,Nabeul,"['209 m²', '4 Pièces', '4 Chambres', '3 Salles de bains']","['Terrasse', 'Garage', 'Ascenseur', 'Vue sur mer', 'Concierge', 'Climatisation', 'Chauffage central', 'Sécurité', 'Double vitrage', 'Cuisine équipée', 'Four']","Cet appartement est situé dans une résidence calme et sécurisée récemment  construite avec ascenseur  à Nabeul prés de la mer .  Le hall d’entrée dessert un spacieux salon lumineux  et un séjour ouvrant  sur une terrasse vue de mer ainsi qu’une cuisine moderne bien agencée et équipée (plaque, hotte, four) complété par une terrasse  et une salle d’eau pour les invitées. En avançant dans le couloir on trouve la partie nuit qui couvre trois suites p...",https://www.mubawab-media.com/ad/8/029/608F/h/00_79154376_79154381.avif
Prix à consulter,Vente d'un bel appartement à Cité El Wafa. Surface de 132 m²,"Cité El Wafa, Nabeul","['132 m²', '2 Chambres', '1 Salle de bain']","['Vue sur mer', 'Piscine']","Agréable appartement à vendre. 2 chambres à coucher, 1 salle de bains, 132 m².

Cet appartement est en vente à Cité El Wafa, Nabeul. Piscine. Vue exceptionnelle sur la mer",https://www.mubawab-media.com/ad/8/069/839F/h/WhatsApp%20Image%202024-11-01%20at%2012.08.51_79554128.avif
260 000 TND,A vendre appartement s2 a Nabeul,"Neapolis, Nabeul","['90 m²', '3 Pièces', '2 Chambres', '1 Salle de bain']","['Jardin', 'Terrasse', 'Garage', 'Climatisation', 'Chauffage central', 'Cuisine équipée']","Azur immobilière vous propose A VENDRE A NABEUL APPARTEMENT S2 DANS UNE RESIDENCE GARDEE . l'appartement très haut standing situé à Nabeul dans une résidence gardée , calme , sécurisée , à proximité de plage et  toutes les commodités. Composé de : 2 chambres , salle de bain , cuisine bien équipée , salon .salle à manger qui donne sur un balcon . L'appartement est chauffé et climatisé",https://www.mubawab-media.com/ad/8/327/622F/h/IMG_20231007_104823_82224646.avif
317 000 TND,"S1en cours de construction, vue piscine à Sidi Mahersi","Sidi El Mahrsi, Nabeul","['57 m²', '2 Pièces', '1 Chambre', '1 Salle de bain']","['Terrasse', 'Garage', 'Ascenseur', 'Vue sur les montagnes', 'Piscine', 'Concierge', 'Chambre rangement', 'Façade extérieure', 'Salon européen', 'Climatisation', 'Chauffage central', 'Sécurité', 'Double vitrage', 'Porte blindée', 'Cuisine équipée', 'Four']","Un S1 en cours de construction, vue piscine, à Vendre dans une résidence avec piscine à Sidi Mahersi Nabeul.


Notre agence immobilière City Casa vous propose 

-	Un appartement S1 de très haut standing à Vendre dans une résidence hautement sécurisée à Sidi Mahersi Nabeul. 
-	Un Salon avec un grand balcon.
-	Une Salle de douche.
-	Une kitchenette équipée et aménagée.
-	Une chambre à coucher avec dressing.
-	Superficie 57 m2. 
-	Remise...",https://www.mubawab-media.com/ad/8/062/891F/h/3_79485762.avif
420 000 TND,A vendre maison style arabesque à Nabeul,Nabeul,"['156 m²', '3 Pièces', '2 Chambres', '2 Salles de bains']","['Garage', 'Meublé', 'Climatisation', 'Chauffage central', 'Sécurité', 'Cuisine équipée']","A vendre – Maison de style arabesque à Nabeul Située dans un quartier calme, chic et sélectionné de Nabeul, cette charmante maison de plain-pied bénéficie d’un emplacement stratégique, à proximité de Monoprix et de toutes les commodités. Édifiée sur un terrain de 156 m², avec une surface couverte de 110 m², elle offre un cadre de vie agréable et harmonieux. La maison se compose de : Deux chambres, dont une suite parentale Un salon lumineux Une c...",https://www.mubawab-media.com/ad/8/198/168F/h/IMG_20230404_132635_80843901.avif
927 000 TND,Penthouse vue mer S4 de 366 m² au 6ᵉ étage à Mrezga,"Cité El Wafa, Nabeul","['366 m²', '5 Pièces', '4 Chambres', '3 Salles de bains']","['Terrasse', 'Garage', 'Ascenseur', 'Vue sur mer', 'Vue sur les montagnes', 'Piscine', 'Concierge', 'Chambre rangement', 'Façade extérieure', 'Salon européen', 'Antenne parabolique', 'Climatisation', 'Chauffage central', 'Sécurité', 'Porte blindée', 'Cuisine équipée', 'Réfrigérateur', 'Four', 'Machine à laver']","L’agence immobilière ADAM vous présente une opportunité unique :

Un somptueux penthouse S4 de 366 m² au 6ᵉ étage, résolument haut de gamme. Niché au cœur d'une résidence sécurisée et surveillée à Mrezga, Hammamet Nord, ce joyau immobilier se trouve à seulement 15 minutes de marche de la plage.

Ce penthouse prestigieux offre un agencement exceptionnel, comprenant un vaste salon baigné de lumière qui s'ouvre sur un balcon privé, offrant une v...",https://www.mubawab-media.com/ad/8/277/143F/h/IMG_20211008_122558_81685267.avif
650 000 TND,Villa à vendre à Nabeul AFH1,Nabeul,"['250 m²', '5 Pièces', '4 Chambres', '2 Salles de bains']","['Terrasse', 'Garage', 'Entre-seul', 'Chauffage central', 'Porte blindée', 'Cuisine équipée']","A vendre villa en bonne état irriguée sur deux niveaux communicants rez de chaussé et un étage 
Rez de chaussé; grand salon . salle à manger, cuisine bien agencée , une chambre de séjour , salle d'eau douche , patio avec fontaine , allée pour la voiture et un studio totalement séparé . 
Etage ; 3 chambres , 2 avec grand balcon plein sud , salle de bain Terrasse bien aménagée ; grande chambre , kitchenette et un salle d'eau coin lavabo 

La vi...",https://www.mubawab-media.com/ad/8/207/263F/h/thumb_1149298_property_xlarge_80933115.avif
320 000 TND,A vendre maison arabe à nabeul,Nabeul,"['200 m²', '5 Pièces', '4 Chambres', '1 Salle de bain']","['Terrasse', 'Porte blindée']","https://azurimmobiliere.com/.../mai.../vv-622/maison-foundou
Notre agence Azur immobilière vous propose à vendre maison arabe située à Nabeul composée de  4chambres avec une grande terrasse vous séduira par l’emplacement, l'environnement agréable et verdoyant, proche de toutes commodités.
Pour plus des renseignements , contactez 29 323 344",https://www.mubawab-media.com/ad/8/284/921F/h/thumb_1237510_property_xlarge_81768906.avif
180 000 TND,Etage de villa S2 de 89m² à Nabeul,Nabeul,"['89 m²', '3 Pièces', '2 Chambres', '1 Salle de bain']",['Terrasse'],"À vendre à Nabeul — Etage de villa en face du Lycée Jeune Fille
Adam Immobilière vous propose à la vente un étage de villa situé à Nabeul, bénéficiant d’un excellent emplacement en face du Lycée Jeune Fille et offrant confort, luminosité et praticité.
D'une superficie de 89 m², cet étage est idéal pour une petite famille ou comme investissement.
Description :
Type : S2
Superficie : 89 m²
Étage : 1er étage avec accès indépendant
Il se compo...",https://www.mubawab-media.com/ad/8/067/330F/h/2_79529810.avif
850 000 TND,A vendre villa sidi sliman,"Cité El Wafa, Nabeul","['364 m²', '1 Pièce', '3 Chambres', '1 Salle de bain']",['Jardin'],"À Vendre – Villa S3 avec Jardin à Sidi Slimane
Référence : 472A

Découvrez cette belle villa située dans un quartier calme et agréable de Sidi Slimane, idéale pour une famille ou un investissement.

 Caractéristiques :

 
  3 chambres spacieuses
 
 
  Salon lumineux
 
 
  Salle de bain
 
 
  Grand jardin
 
 
  Superficie totale : 364 m²
 

Une villa offrant confort, espace et tranquillité, avec un terrain généreux et un bo...",https://www.mubawab-media.com/ad/8/194/868F/h/20200509_105032%280%29_80812892.avif
275 000 TND,À VENDRE un appartement s1,"Cité El Wafa, Nabeul","['63 m²', '2 Pièces', '1 Chambre', '1 Salle de bain']","['Terrasse', 'Ascenseur', 'Piscine', 'Concierge', 'Climatisation', 'Chauffage central', 'Sécurité', 'Cuisine équipée']","Notre agence met à la vente un appartement S1 de 62.98 m² situé dans une résidence sécurisée avec piscine collective, à Cité El Wafa ,Mrezga, Nabeul.
L’appartement se compose de :
Un salon ouvrant sur un balcon
Une kitchenette entièrement équipée
Une chambres à coucher
Une salle de douche
Confort garanti : toutes les pièces sont chauffées et climatisées.
Pour plus d’informations ou pour fixer un rendez-vous, merci de nous contacter au : 26...",https://www.mubawab-media.com/ad/8/332/353F/h/thumb_1309895_property_xlarge_82272576.avif
720 000 TND,"Duplex S3 avec jardin à Mrezga, Hammamet","Cité El Wafa, Nabeul","['288 m²', '4 Pièces', '3 Chambres', '2 Salles de bains']","['Jardin', 'Terrasse', 'Garage', 'Vue sur mer', 'Vue sur les montagnes', 'Piscine', 'Concierge', 'Chambre rangement', 'Entre-seul', 'Salon européen', 'Antenne parabolique', 'Climatisation', 'Chauffage central', 'Sécurité', 'Double vitrage', 'Cuisine équipée', 'Four']","L’agence immobilière ADAM vous propose :
Un duplex à vendre :
À vendre un duplex S3 situé à Mrezga, Nabeul, dans une résidence gardée.
Le duplex se compose d’un salon avec salle à manger, trois chambres, dont une suite parentale, une cuisine indépendante équipée et aménagée (plaque, hotte, four), deux salles de bain, une salle d’eau, un séchoir, une terrasse couverte, une terrasse découverte, ainsi qu’un jardin. Ce duplex bénéficie d’une vue d...",https://www.mubawab-media.com/ad/8/053/941F/h/Sans%20titre1_82272211.avif
1 100 000 TND,Opportunité Quadruplex haut standing avec piscine,"Cité El Wafa, Nabeul","['379 m²', '15 Pièces', '12 Chambres', '5 Salles de bains']","['Garage', 'Piscine', 'Meublé', 'Climatisation', 'Chauffage central', 'Cuisine équipée']","Potentiel d’investissement:

Ce bien est idéal pour un investisseur à la recherche de rentabilité. Grâce à ses quatre niveaux autonomes, il est parfaitement adapté à la location saisonnière ou longue durée. La présence d’une piscine, de prestations de haut standing et de sa proximité avec la mer assure une forte attractivité locative.

À vendre à Mrezgua/Nabeul : Immeuble de type quadruplex, conçue, construite et appartenant à un grand archit...",https://www.mubawab-media.com/ad/8/209/650F/h/thumb_1155412_property_large_80960103.avif
505 000 TND,"Appartement S3 à AFH2 Mrezga, Hammamet Nord","Cité El Wafa, Nabeul","['127 m²', '4 Pièces', '3 Chambres', '2 Salles de bains']","['Terrasse', 'Garage', 'Ascenseur', 'Piscine', 'Concierge', 'Façade extérieure', 'Climatisation', 'Chauffage central', 'Sécurité', 'Porte blindée', 'Cuisine équipée', 'Four']","À VENDRE – Appartement S3 à AFH2 Mrezga, Hammamet Nord

L’agence ADAM Immobilière vous propose à la vente un appartement S3 situé au 4ᵉ étage d’une résidence R6 sécurisée avec piscine, à AFH2 Mrezga – Hammamet Nord. Ce bien convient parfaitement à une famille ou à un investissement immobilier.

Composition :

Salon spacieux avec balconnet offrant une vue sur la piscine
Cuisine indépendante aménagée et équipée (plaque de cuisson, hotte, fou...",https://www.mubawab-media.com/ad/8/316/021F/h/thumb_1292820_property_large_82100321.avif
398 000 TND,Un S2 à Vendre à AFH Mrezga Nabeul,"Cité El Wafa, Nabeul","['99 m²', '3 Pièces', '2 Chambres', '2 Salles de bains']","['Terrasse', 'Garage', 'Ascenseur', 'Piscine', 'Concierge', 'Climatisation', 'Chauffage central', 'Sécurité', 'Double vitrage', 'Porte blindée', 'Cuisine équipée', 'Four']","Un S2 à Vendre à AFH Mrezga Nabeul

City Casa vous propose 

-	Un appartement S2 de très haut standing à Vendre dans une résidence gardée et sécurisée à AFH Mrezga Nabeul. 
-	Un Salon avec balcon.
-	Une salle d’eau.
-	Une cuisine indépendante équipée et aménagée avec séchoir.
-	Deux chambres à coucher avec dressing.
-	Une salle de douche.
-	Superficie 99 m². 
-	Prix 398 000 DT. 
-	Place de parking sous-sol sur demande à 22 000 DT.
-	...",https://www.mubawab-media.com/ad/8/312/780F/h/thumb_1289779_property_large_82067145.avif
239 000 TND,Nouveau Projet Bureautique R6 à Nabeul centre ville,"Nabeul, Nabeul","['1 Pièce', '1 Chambre', '1 Salle de bain']","['Ascenseur', 'Concierge', 'Climatisation', 'Sécurité', 'Double vitrage', 'Cuisine équipée']","Immeuble Bureautique R6 – Investissement Unique à Nabeul 

Découvrez un projet d’exception au cœur de Nabeul, sur l’incontournable Avenue Habib Bourguiba, l’axe le plus prisé et animé de la ville.

 Ce que nous offrons :
    •   Bureaux modernes &amp; lumineux, de différentes superficies.
    •   Vue imprenable sur la ville et la mer.
    •   Commerces idéalement placés sur un axe à fort passage.
    •   Un emplacement stratégique au centre-v...",https://www.mubawab-media.com/ad/8/220/155F/h/thumb_1167068_property_large_81071152.avif
450 000 TND,À vendre S3 de 147m² à Cité El Wafa Nabeul,"Cité El Wafa, Nabeul","['147 m²', '3 Pièces', '3 Chambres', '2 Salles de bains']","['Terrasse', 'Garage', 'Ascenseur', 'Vue sur les montagnes', 'Climatisation', 'Chauffage central', 'Sécurité']","Cet appartement est situé dans une résidence récemment  construite avec  ascenseur  à Cité El Wafa,Nabeul. Le hall d’entrée dessert un spacieux salon lumineux ouvrant  sur un balcon  ainsi qu’une cuisine indépendante  moderne bien agencée et équipée complétée par un sechoir. En avançant dans le couloir on trouve la partie nuit qui couvre une suite parentale et deux chambres à couchers nanties des dressings et  qui se partagent une salle de bain.
...",https://www.mubawab-media.com/ad/7/859/791F/h/thumb_759321_property_big_67440158.avif
262 000 TND,À vendre S1 dans une résidence à AFH Mrezga,"Cité El Wafa, Nabeul","['64 m²', '1 Pièce', '1 Chambre', '1 Salle de bain']","['Terrasse', 'Garage', 'Ascenseur', 'Vue sur mer', 'Piscine', 'Climatisation', 'Chauffage central', 'Cuisine équipée']","Cet appartement est situé dans une résidence récemment  construite avec  ascenseur et piscine collective  à Cité El Wafa,Nabeul. Le hall d’entrée dessert un spacieux salon lumineux ouvrant  sur un balcon vue sur mer ainsi qu’une kitchenette  bien agencée et équipée. En avançant dans le couloir on trouve la partie nuit qui couvre une chambre à coucher et une salle de douche. 
Le chauffage et la climatisation En Split System sont disponibles .
Un...",https://www.mubawab-media.com/ad/8/011/728F/h/4498e531-3ae7-4476-9417-970b239a6e1c_78981994.avif
410 000 TND,À vendre S2 dans une résidence à AFH mrezga,"Cité El Wafa, Nabeul","['109 m²', '2 Pièces', '2 Chambres', '1 Salle de bain']","['Terrasse', 'Garage', 'Ascenseur', 'Piscine', 'Climatisation', 'Chauffage central']","Cet appartement est situé dans une résidence récemment  construite avec  ascenseur et piscine collective  à Cité El Wafa,Nabeul. Le hall d’entrée dessert un spacieux salon lumineux ouvrant  sur un balcon ainsi qu’une cuisine indépendante  moderne bien agencée et équipée et une salle de bain.  En avançant dans le couloir on trouve la partie nuit qui couvre une chambre à coucher et une suite parentale.
Le chauffage et la climatisation En Split Sys...",https://www.mubawab-media.com/ad/8/296/969F/h/thumb_1270792_property_large_81898815.avif
1 300 000 TND,À vendre villa de maître dans les vergers de beni khiar,"Nabeul, Nabeul","['5500 m²', '3 Pièces', '3 Chambres', '1 Salle de bain']","['Garage', 'Vue sur les montagnes', 'Piscine', 'Concierge', 'Meublé', 'Antenne parabolique', 'Cheminée', 'Climatisation', 'Chauffage central', 'Sécurité']","Cette villa de 260m² sur un terrain 5500m² est située dans les vergers de beni khiar à 5 minutes du centre.
La résidence principale de style arabesque est composé d'un grand salon ouvert sur la piscine et la verdure, dans la continuité on trouve un séjour et un coin repas ainsi qu’une cuisine bien aménagée  et équipée .par le bais d'un hall on accède au bloc de nuit où on trouve deux grandes suites et une chambre à coucher ainsi qu’une salle de...",https://www.mubawab-media.com/ad/7/898/410F/h/Sans%20titre1-ink%2811%29_81908675.avif
1 600 000 TND,À vendre villa front de mer à Jinene Béni khiar,"Nabeul, Nabeul","['780 m²', '4 Pièces', '3 Chambres', '1 Salle de bain']","['Jardin', 'Terrasse', 'Vue sur mer', 'Concierge', 'Meublé', 'Climatisation', 'Chauffage central', 'Sécurité', 'Porte blindée', 'Cuisine équipée']","Cette villa de  220m² érigée sur deux  niveaux se dresse au milieu d’un terrain pieds dans l’eau de 780m², dans un quartier calme et très bien fréquenté au bord de la mer à Jinene Beni khiar   .
A l’entrée on trouve   un spacieux un salon lumieunx qui occupe une grande partie de cette villa il est totalement ouvert sur un vaste   jardin profitant d’une trés belle vue sur mer   ainsi q’une chambre d’amis nanties des dressing  ,une cuisine indépen...",https://www.mubawab-media.com/ad/8/073/967F/h/1da19d22af1fbb0d9f7468e37769555d_79597345.avif
390 000 TND,À vendre S2 dans une résidence à cité el wafaNabeu,"Cité El Wafa, Nabeul","['104 m²', '2 Pièces', '2 Chambres', '1 Salle de bain']","['Terrasse', 'Garage', 'Ascenseur', 'Piscine', 'Climatisation', 'Chauffage central']","Cet appartement est situé dans une résidence récemment  construite avec  ascenseur et piscine collective  à Cité El Wafa,Nabeul. Le hall d’entrée dessert un spacieux salon lumineux ouvrant  sur un balcon ainsi qu’une cuisine independante moderne bien agencée et équipée complété par un sechoir. En avançant dans le couloir on trouve la partie nuit qui couvre deux chambres à coucher  nanties des dressings et qui se partagent une salle de bain.
Le c...",https://www.mubawab-media.com/ad/8/330/800F/h/Sans%20titre1_82256577.avif
320 000 TND,S2 Vue Piscine à AFH2 Mrezga,"Cité El Wafa, Nabeul","['97 m²', '3 Pièces', '2 Chambres', '1 Salle de bain']","['Terrasse', 'Ascenseur', 'Vue sur les montagnes', 'Piscine', 'Concierge', 'Chambre rangement', 'Façade extérieure', 'Salon européen', 'Antenne parabolique', 'Climatisation', 'Chauffage central', 'Sécurité', 'Double vitrage', 'Porte blindée', 'Cuisine équipée', 'Four']","A Vendre S2 Vue Piscine dans une résidence avec piscine et ascenseur à AFH2 Mrezga Nabeul

Il se compose, d’un salon avec balcon, une cuisine équipée et aménagée, deux chambres à coucher avec dressing et une salle de bain.

Cet appartement est équipé par le chauffage central et la climatisation.

Superficie : 97 m²
Prix 320 000 DT.

Pour plus d’infos veuillez nous contacter sur 72 236 900 / 50 154 447 / 52 037 317 / 50 175 029/ 50 174 45...",https://www.mubawab-media.com/ad/8/312/666F/h/WhatsApp-Image-2026-02-20-at-12.08.04-%281%29_82167242.avif
540 000 TND,A vendre rez de chaussée haut standing a nabeul,"Nabeul, Nabeul","['365 m²', '5 Pièces', '4 Chambres', '3 Salles de bains']","['Jardin', 'Garage', 'Climatisation', 'Chauffage central', 'Sécurité', 'Porte blindée', 'Cuisine équipée']","AZUR IMMOBILIRE VOUS PROPOSE :a vendre rez de chausse très haut standing  a Nabeul ,Venez voir ce Rez de chaussé d'une villa , il est totalement indépendant, situé à Nabeul dans un endroit verdoyant loin de l'humidité , dans une cité calme et sélectionnée , à proximité de toute les commodités. Le Rez de chaussé est privilégié d'une excellente orientation , sur deux façades , construite sur deux niveaux communicants; Rez de jardin et un rez de cha...",https://www.mubawab-media.com/ad/8/135/403F/h/Sans%20titre7-ink%286%29_81587017.avif
340 000 TND,S1 avec une belle terrasse à AFH2,"Cité El Wafa, Nabeul","['67 m²', '2 Pièces', '1 Chambre', '1 Salle de bain']","['Terrasse', 'Garage', 'Ascenseur', 'Piscine', 'Concierge', 'Chambre rangement', 'Façade extérieure', 'Salon européen', 'Antenne parabolique', 'Climatisation', 'Chauffage central', 'Sécurité', 'Double vitrage', 'Porte blindée', 'Cuisine équipée', 'Four']","City Casa vous propose 

-	Un appartement S1 de très haut standing à Vendre dans une résidence gardée et sécurisée à AFH Mrezga Nabeul. 
-	Appartement au 6 ème étage.
-	Un Salon ouvrant sur la terasse.
-	Une kitchenette.
-	Une salle de douche.
-	Un dressing au couloir.
-	Une chambre à coucher avec dressing.
-	Chauffage central et climatisation split système dans le salon et les chambres.
-	Piscine Collective : une pour les enfants et un...",
Prix à consulter,A VENDRE un appartement S3 à Mrezga,"Nabeul, Nabeul","['117 m²', '6 Pièces', '3 Chambres', '1 Salle de bain']","['Garage', 'Ascenseur', 'Vue sur les montagnes', 'Concierge', 'Façade extérieure', 'Salon européen', 'Antenne parabolique', 'Climatisation', 'Chauffage central', 'Sécurité', 'Porte blindée', 'Cuisine équipée', 'Four']","IMMOTEAM vous propose un appartement S3 à Mrezga , prés de rond-point khayam 
Avec un titre bleu individuel 
Pour plus d'informations contactez Eya 
Visite gratuite et disponible 7/7",
950 000 TND,À vendre: Villa 460m² à Jinen Beni Khiar,Nabeul,"['460 m²', '5 Pièces', '4 Chambres', '4 Salles de bains']","['Jardin', 'Terrasse', 'Piscine', 'Meublé', 'Entre-seul', 'Climatisation', 'Chauffage central', 'Sécurité', 'Porte blindée', 'Cuisine équipée']","Cette villa de 460m² érigée sur trois niveaux se dresse au milieu d’un terrain  de 370m², dans un quartier calme et très bien fréquenté à  Jinan Beni khiar.
Au premier niveau on trouve un salon lumineux qui occupe une grande partie de cette villa ,il est totalement ouvert sur la piscine grâce aux larges baies vitrées ainsi q’une chambre d’amis et une cuisine indépendante bien aménagée et équipé (plaque,hotte)  ainsi q' une salle d'eau  pour les...",
Prix à consulter,"S2 Neuf à cité wafa, Mrezga: La Jacaranda","Cité El Wafa, Nabeul","['124 m²', '3 Pièces', '2 Chambres', '2 Salles de bains']","['Ascenseur', 'Vue sur mer', 'Piscine', 'Façade extérieure', 'Climatisation', 'Chauffage central', 'Sécurité', 'Double vitrage', 'Porte blindée', 'Cuisine équipée', 'Four']","Découvrez ce spacieux S2 de 124,97 m², situé au sein d'une résidence estivale dans la nouvelle cité AFH MREZGUA, à proximité de la plage de la zone touristique. Ce projet séduisant est conçu pour vous offrir un cadre de vie agréable et relaxant, avec une piscine collective où vous pourrez vous détendre et profiter des journées ensoleillées.

À l’intérieur, l'appartement bénéficie d'un agencement optimisé, créant une atmosphère chaleureuse et co...",
265 000 TND,A vendre un appartement s1 à AFH Mrezga,"Cité El Wafa, Nabeul","['65 m²', '2 Pièces', '1 Chambre', '1 Salle de bain']","['Terrasse', 'Garage', 'Ascenseur', 'Piscine', 'Concierge', 'Climatisation', 'Chauffage central', 'Sécurité', 'Double vitrage', 'Cuisine équipée']","A vendre un appartement s1 situé à Mrezga cité Afh 2 d'une superficie de 65m². Il se compose d'un salon avec balcon, une kitchenette équipée, une chambre avec un dressing et une salle de douche. L'appartement bénéficie d'une place de parking en sous-sol et il se trouve dans une résidence gardée avec une piscine collective. 
Prix : 265.000dt",https://www.mubawab-media.com/ad/8/298/654F/h/d5d89c05-aaf9-4cdf-8c92-f0747d8fa74b_81998150.avif
255 000 TND,Maison A Vendre,Nabeul,"['150 m²', '5 Pièces', '4 Chambres', '2 Salles de bains']","['Terrasse', 'Salon européen', 'Climatisation', 'Chauffage central', 'Cuisine équipée']","Cette maison indépendante de 150 m² superficie se distingue par une distribution harmonieuse entre la partie jour et la partie nuit.

Au rez-de-chaussée, vous trouverez un séjour convivial et un salon lumineux, offrant un cadre idéal pour recevoir et partager des moments en famille.

La cuisine fonctionnelle est accompagnée d’un séchoir pratique, tandis que le chauffage central et la climatisation assurent un confort optimal en toutes saisons...",https://www.mubawab-media.com/ad/8/088/084F/h/IMG-20230313-WA0027_79732193.avif
790 000 TND,Villa à vendre à Nabeul,Nabeul,"['300 m²', '5 Pièces', '4 Chambres', '2 Salles de bains']","['Jardin', 'Terrasse', 'Garage', 'Meublé', 'Climatisation', 'Chauffage central', 'Double vitrage', 'Porte blindée', 'Cuisine équipée']","AZUR IMMOBILIRE VOUS PROPOSE : Coup de cœur ! villa vraiment à ne pas rater . Villa à vendre , deux niveaux communicants ( Duplexe )  Appartement en 1 er étage , studio au rez de chaussée .  A vendre villa très haut standing , style américaine construite sur un terrain de 294 m²et d'une superficie couverte 460 m² Elle est composée : Au RDC ;un grand salon, salle à manger, une cuisine donnant accès au jardin , coin dressing , salle de douche . Pre...",https://www.mubawab-media.com/ad/8/131/098F/h/thumb_1088470_property_xlarge_80255531.avif
450 000 TND,"A vendre appartement S3 à AFH Mrezga, Nabeul","Cité El Wafa, Nabeul","['135 m²', '4 Pièces', '3 Chambres', '2 Salles de bains']","['Terrasse', 'Garage', 'Ascenseur', 'Vue sur mer', 'Piscine', 'Concierge', 'Chambre rangement', 'Façade extérieure', 'Antenne parabolique', 'Climatisation', 'Chauffage central', 'Sécurité', 'Double vitrage', 'Porte blindée', 'Cuisine équipée', 'Four']","L’agence immobilière le boulevard vous propose :
      A #Vendre           #Référence : 691a 
Un appartement S3 haut standing dans une résidence bien sécurisée à AFH Mrezge, Cité El wafa, Nabeul.

Il se compose d'un lumineux salon avec terrasse vue sur piscine, 3 chambres à coucher, placard, une cuisine indépendante et bien équipée (plaque, hotte, four…) et 2 salles d’eau. 

•	Chauffage central 
•	Climatisation en split système
•	Vidéo ph...",https://www.mubawab-media.com/ad/8/326/238F/h/1_82207964.avif
420 000 TND,A vendre maison de style arabesque à Nabeul centre,Nabeul,"['106 m²', '3 Pièces', '2 Chambres', '2 Salles de bains']","['Terrasse', 'Garage', 'Chambre rangement', 'Meublé', 'Climatisation', 'Chauffage central', 'Double vitrage', 'Porte blindée', 'Cuisine équipée', 'Réfrigérateur', 'Four', 'Machine à laver', 'Micro-ondes']","L’agence immobilière Le Boulevard vous propose :
    #A-VENDRE              #Référence : 1472a
Une maison de style arabesque S2 indépendante, rare à trouver, située dans une zone très recherchée à l’Avenue Habib Bourguiba à Nabeul, à seulement 100 mètres de l’hôtel Kheops.
La villa se compose d’un salon, d’une suite parentale avec salle d’eau, d’une chambre d’enfant, d’une salle d’eau, d’une cuisine bien équipée (plaque, hotte, four, machine à...",https://www.mubawab-media.com/ad/8/220/148F/h/Sans%20titr11-ink_82223024.avif
250 000 TND,S1 Vue Piscine à Vendre,"Cité El Wafa, Nabeul","['69 m²', '2 Pièces', '1 Chambre', '1 Salle de bain']","['Terrasse', 'Garage', 'Ascenseur', 'Piscine', 'Concierge', 'Façade extérieure', 'Salon européen', 'Antenne parabolique', 'Climatisation', 'Chauffage central', 'Sécurité', 'Porte blindée', 'Cuisine équipée', 'Four']","City Casa met pour la Vente
 Un appartement S1 haut standing dans une résidence calme et sécurisée avec piscine bien placé à cité El Wafa Hammamet Nord.
L’appartement se compose d’un salon avec balcon, d’une chambre à coucher avec dressing, d’une salle d’eau avec douchette à l’italienne et une cuisine avec séchoir.
Cet appartement est équipé d’un chauffage central, de climatisation et l’interphone.

Superficie : 69.5 m².
Prix de vente : 250...",https://www.mubawab-media.com/ad/8/159/632F/h/1a91c872-7ad0-4006-b20e-cdb2ca85135c_80455604.avif
230 000 TND,A Vendre S2,"Nabeul, Nabeul","['174 m²', '3 Pièces', '2 Chambres', '2 Salles de bains']",['Terrasse'],"Ce bungalow s2 de  174 m² superficie situé 2 min à la plage.  offre un cadre de vie agréable et confortable.

Il dispose d’une terrasse de 95 m², parfaite pour se relaxer ou partager des moments agréables en plein air.

La partie nuit comprend deux chambres à coucher, idéales pour un espace intime et reposant.

 Vous trouverez une salle de bain, ainsi qu’un point d’eau pratique.

Ce bien est parfait pour un projet d'investissement ou d'ha...",https://www.mubawab-media.com/ad/8/192/701F/h/8b33940b-27bc-47f9-bd26-f17310898efe_80790049.avif
450 000 TND,Villa S4 à Vendre,"Nabeul, Nabeul","['195 m²', '5 Pièces', '4 Chambres', '2 Salles de bains']","['Terrasse', 'Garage']","Découvrez cette villa de style duplexe s4 au gros œuvre déjà achevé, Située dans un quartier calme , cette propriété n'attend plus que votre touche personnelle pour être finalisée.

Cette villa inachevée, située sur un terrain de 195 m² dans un quartier résidentiel recherché, bénéficie d’un emplacement privilégié.

Au rez-de-chaussée, vous découvrirez un grand salon lumineux,une chambre à coucher ainsi qu’une cuisine entièrement indépendente...",https://www.mubawab-media.com/ad/8/329/810F/h/93206d21-aca3-4d6f-a384-a2c1565fd7ad_82246611.avif
310 000 TND,Appartement S3,"Nabeul, Nabeul","['220 m²', '4 Pièces', '3 Chambres', '2 Salles de bains']","['Terrasse', 'Climatisation', 'Cuisine équipée']","Cet appartement S3 occupe l’étage complet d’une villa et offre une superficie de 220m².

Il se compose d’un salon lumineux, de trois chambres spacieuses et d’une cuisine fonctionnelle.

Les double sanitaires assurent confort et praticité au quotidien.

La distribution harmonieuse des espaces permet de profiter pleinement des volumes tout en préservant l’intimité de chacun.

Les finitions soignées et la luminosité naturelle confèrent à ce...",https://www.mubawab-media.com/ad/8/329/691F/h/04db47bd-2318-4ecd-bf5b-ccf4ea580c95_82245069.avif
340 000 TND,S3 pour la vente,"Nabeul, Nabeul","['200 m²', '4 Pièces', '3 Chambres', '1 Salle de bain']","['Terrasse', 'Façade extérieure', 'Climatisation', 'Cuisine équipée']","Ce spacieux S3 situé au rez-de-chaussée d’un immeuble familial de superficie couverte 200m² se distingue par son atmosphère chaleureux et son agencement fonctionnel.

Dès l’entrée, un salon lumineux accueille les occupants, offrant un cadre convivial pour la vie quotidienne.

La cuisine indépendante, bien pensée et dotée de rangements pratiques, répond aux besoins d’une famille.

L’espace nuit comprend trois chambres confortables, garantiss...",https://www.mubawab-media.com/ad/8/240/834F/h/99667750-63d6-4db2-816e-f3f0bf8c8057_81291284.avif
550 000 TND,S3 A vendre,"Nabeul, Nabeul","['200 m²', '4 Pièces', '3 Chambres', '2 Salles de bains']","['Terrasse', 'Garage', 'Ascenseur', 'Vue sur mer', 'Concierge', 'Façade extérieure', 'Salon européen', 'Climatisation', 'Chauffage central', 'Sécurité', 'Cuisine équipée', 'Four']","Cet appartement S3 se situe dans une résidence avec double ascenseur , offrant un cadre de vie agréable et moderne.

Idéalement situé à proximité de toutes les commodités, il se distingue par des espaces astucieusement conçus.

Dès l'entrée, vous serez accueilli par un vaste salon lumineux, aménagé en salle à manger et en espace de vie.

Les grandes ouvertures donnant sur le balcon couvert garantissent une abondante luminosité naturelle ain...",https://www.mubawab-media.com/ad/8/263/466F/h/thumb_1218083_property_large_81533292.avif
Prix à consulter,À vendre une villa à Mrezgua,"Sidi El Mahrsi, Nabeul","['540 m²', '4 Chambres', '3 Salles de bains']","['Chambre rangement', 'Antenne parabolique', 'Climatisation']","À vendre – Belle villa à Mrezgua, proche de la mer

La société SOPROGIM vous propose une villa idéalement située à Mrezgua, en 2ᵉ position de la mer.

 Terrain : 540 m²
 Surface couverte : 340 m²
 Villa en bon état
 Située dans un quartier calme avec bon voisinage
 Proche de la mer

 Pour plus d’informations ou pour organiser une visite, merci de nous contacter en message privé",https://www.mubawab-media.com/ad/7/983/577F/h/22250669-eedd-448a-a506-880f8909c0d4_79745404.avif
180 000 TND,A vendre Maison S2 indépendante à Sidi Achour Nabeul,"Nabeul, Nabeul","['70 m²', '3 Pièces', '2 Chambres', '2 Salles de bains']","['Terrasse', 'Climatisation', 'Chauffage central', 'Cuisine équipée', 'Réfrigérateur', 'Four']","L’agence immobilière Le Boulevard vous propose :
  A #Vendre     #Référence : 1342a
Maison S2 indépendante située à Sidi Achour, Nabeul

Il se compose d’un salon, 2 chambres à coucher, 2 salles d’eau, une cuisine, véranda et un patio
 

 Superficie terrain : 90 m²
 Superficie couverte : 70 m²
 Climatiseur
 Vocation : R2
 Près de toutes les commodités (magasin, banque, restaurant, faculté, transport)
 Titre foncier individuel

 Prix...",https://www.mubawab-media.com/ad/8/329/028F/h/9_82238701.avif
320 000 TND,Vente Appartement Serena S2,"Nabeul, Nabeul","['95 m²', '3 Pièces', '2 Chambres', '1 Salle de bain']","['Jardin', 'Terrasse', 'Garage', 'Vue sur mer', 'Meublé', 'Entre-seul', 'Salon européen', 'Antenne parabolique', 'Climatisation', 'Chauffage central', 'Sécurité', 'Porte blindée', 'Cuisine équipée', 'Réfrigérateur', 'Four', 'Machine à laver', 'Micro-ondes']","Speranza immobilière Hammamet vous propose à la vente cet appartement au RDC dans une résidence calme et sécurisée situé a Nabeul . Il se compse par un salon lumineux et spacieux ,une cuisine agencée est aménagée par les éléments de rangement nécessaire avec une petite terrasse . Le compartiment nuit disposent deux chambres à coucher .Elles se partagent une salle de bain",https://www.mubawab-media.com/ad/8/241/211F/h/thumb_1192729_property_large_81294625.avif
2 500 000 TND,À vendre – Villa de plain pied à 2 Oueds,"Les Deux Oueds, Nabeul","['220 m²', '5 Pièces', '5 Chambres', '2 Salles de bains']","['Jardin', 'Terrasse', 'Garage', 'Ascenseur', 'Piscine', 'Climatisation', 'Chauffage central', 'Sécurité', 'Cuisine équipée']","À vendre – Villa de plain-pied à Hammamet (zone 2 Oueds)

À vendre, une belle villa de plain-pied située dans un quartier calme et résidentiel à Hammamet, zone 2 Oueds.

Édifiée sur un terrain de 800 m², cette propriété offre des espaces généreux et une excellente distribution, idéale pour une résidence principale ou secondaire.

La villa se compose de :

Un grand salon lumineux donnant sur la terrasse et le jardin
Une cuisine américaine...",https://www.mubawab-media.com/ad/8/014/564F/h/thumb_922695_property_large_79010260.avif
490 000 TND,À vendre S2 avec piscine privée à cité el wafa Afh Mrezga,"Cité El Wafa, Nabeul","['192 m²', '2 Pièces', '2 Chambres', '1 Salle de bain']","['Terrasse', 'Garage', 'Ascenseur', 'Vue sur mer', 'Piscine', 'Concierge', 'Climatisation', 'Chauffage central', 'Cuisine équipée']","Cet appartement de standing est situé au rez-de-chaussée d’une résidence bien entretenue, dotée d’un ascenseur et d’une piscine collective, au cœur du quartier prisé de Cité El Wafa, Nabeul.

Dès l’entrée, un hall accueille les visiteurs et mène vers un spacieux salon lumineux, ouvrant sur un balcon. La cuisine moderne, entièrement équipée et soigneusement agencée, est complétée par un séchoir et une salle d’eau pour les invités.

La partie n...",https://www.mubawab-media.com/ad/8/322/219F/h/thumb_1299028_property_large_82162953.avif
535 000 TND,À vendre S3 de 145m² à cité el wafaNabeul,"Cité El Wafa, Nabeul","['145 m²', '3 Pièces', '3 Chambres', '1 Salle de bain']","['Ascenseur', 'Vue sur mer', 'Climatisation', 'Chauffage central', 'Cuisine équipée', 'Four']",Cet appartement est situé dans une résidence récemment  construite avec piscine et ascenseur  à Cité El WafaNabeul. Le hall d’entrée dessert un spacieux salon lumineux ouvrant  sur un balcon profitant d’une vue sur mer ainsi qu’une cuisine indépendante  moderne bien agencée et équipée complété par un séchoir . En avançant dans le couloir on trouve la partie nuit qui couvre une suite parentale et deux chambres à coucher nanties des dressings et qu...,https://www.mubawab-media.com/ad/7/958/484F/h/thumb_864958_property_large_78449494.avif
247 000 TND,À vendre S1 vue mer de 75m² à Lido Nabeul,"Nabeul, Nabeul","['75 m²', '1 Pièce', '1 Chambre', '1 Salle de bain']","['Terrasse', 'Vue sur mer', 'Piscine', 'Climatisation', 'Chauffage central', 'Double vitrage', 'Cuisine équipée', 'Four']","Cet appartement est situé dans une résidence récemment  construite avec  ascenseur   à  Lido ,Nabeul. Le hall d’entrée dessert un spacieux salon lumineux  profitant d’une très belle vue sur mer ainsi qu’une cuisine indépendante moderne bien agencée et équipée (plaque, hotte, four). En avançant dans le couloir on trouve la partie nuit qui couvre une chambre à coucher et une salle de douche. 
Le chauffage et la climatisation En Split System sont d...",https://www.mubawab-media.com/ad/8/319/748F/h/thumb_1295649_property_large_82138569.avif
1 950 000 TND,À vendre villa Japonaise à Sidi Mahersi Nabeul,"Sidi El Mahrsi, Nabeul","['747 m²', '5 Pièces', '5 Chambres', '1 Salle de bain']","['Jardin', 'Piscine', 'Climatisation', 'Chauffage central']",Cette villa de 870 m² érigée sur trois niveaux se dresse au milieu d’un terrain de 747 m² dans un quartier calme et très bien fréquenté à Sidi el mahersi Nabeul . Au premier niveau on trouve un spacieux salon  lumineux en double hauteurs qui occupe une grande partie de cette villa il est ouvert sur la piscine et la terrasse dans la continuité on trouve  une grande cuisine indépendante moderne bien agencée et équipée  par la suite on trouve deux c...,https://www.mubawab-media.com/ad/8/217/528F/h/thumb_1182593_property_xlarge_81207309.avif
960 000 TND,À Vendre Villa avec piscine à Sidi Mahersi Nabeul,"Sidi El Mahrsi, Nabeul","['340 m²', '3 Pièces', '3 Chambres', '1 Salle de bain']","['Terrasse', 'Garage', 'Ascenseur', 'Piscine', 'Salon européen', 'Antenne parabolique', 'Climatisation', 'Chauffage central', 'Sécurité', 'Cuisine équipée', 'Four']","Cette villa de 300m² bâtie érigée sur deux niveaux se dresse au milieu d’un terrain de 340m², dans un quartier calme et résidentiel à Sidi Mahersi, Nabeul. Au premier niveau on trouve un spacieux salon lumineux  ouvrant sur le jardin et la piscine grâce aux larges baies vitrées compléter par un séjour  ainsi qu’ une  grande cuisine  moderne bien aménagée et équipée (plaque,hotte ..) et  une salle de douche pour les invitées Quant au deuxième nive...",https://www.mubawab-media.com/ad/8/328/775F/h/thumb_1305721_property_xlarge_82235221.avif
285 000 TND,À vendre S1 de 57m²avec une terrasse à AFH mrezga,"Cité El Wafa, Nabeul","['57 m²', '1 Pièce', '1 Chambre', '1 Salle de bain']","['Terrasse', 'Garage', 'Concierge', 'Climatisation', 'Chauffage central', 'Cuisine équipée']","Cet appartement est situé dans une résidence récemment  construite avec  ascenseur et piscine collective  à Cité El Wafa,Nabeul. Le hall d’entrée dessert un spacieux salon lumineux ouvrant  sur une terrasse de 18m² ainsi qu’une kitchenette  moderne bien agencée et équipée.  En avançant dans le couloir on trouve la partie nuit qui couvre une chambre à coucher et une salle de douche. 
Le chauffage et la climatisation En Split System sont disponibl...",https://www.mubawab-media.com/ad/8/328/727F/h/gallery_82234739.avif
240 000 TND,A vendre un appartement s1 au rez de chaussée,"Cité El Wafa, Nabeul","['79 m²', '2 Pièces', '1 Chambre', '1 Salle de bain']","['Terrasse', 'Garage', 'Ascenseur', 'Piscine', 'Chauffage central', 'Réfrigérateur', 'Four']","Chez Al D Art Immo
Notre agence met à la vente un appartement S1 de 79 m² situé au RDC d'un immeuble sécurisé ,à Cité El Wafa ,Mrezga, Nabeul.
L’appartement se compose de :
Un salon spacieux 
Une kitchenette entièrement équipée
Une chambres à coucher
Une salle de douche
Une grande terrasse 
Une place de parking 
Confort garanti : toutes les pièces sont chauffées et climatisées.
Pour plus d’informations ou pour fixer un rendez-vous, merc...",https://www.mubawab-media.com/ad/8/328/490F/h/thumb_931518_property_xlarge_82232360.avif
630 000 TND,S3 en vente,"Nabeul, Nabeul",['190 m²'],"['Terrasse', 'Ascenseur', 'Piscine', 'Concierge', 'Climatisation', 'Chauffage central', 'Cuisine équipée', 'Four']","Cet appartement en S3 situé au dernier étage d’une résidence avec doubles ascenseurs et piscine. L’entrée dessert un double salon avec accés au terasse de 50m² qui offre une vue dégagée. La cuisine américaine  aménagée et entièrement équipée avec plaque, hotte, four et réfrigérateur avec accès au balcon . La partie nuit, totalement indépendante, comprend trois chambres à coucher, dont deux avec leurs propres dressing et une salle de douche. Toute...",https://www.mubawab-media.com/ad/8/244/722F/h/thumb_1194349_property_large_81332028.avif
315 000 TND,A vendre un appartement s2,"Cité El Wafa, Nabeul","['95 m²', '3 Pièces', '2 Chambres', '1 Salle de bain']",['Garage'],"Chez Al Dart Immo الدار 
Notre agence met en vente un joli appartement en S2 de 95m²  sise au 4 eme étage sise dans une résidence avec piscine bien placée à Cité El Wafa Lotissement AFH2 Mrezga cette propriété se compose de Salon avec balcon Deux chambres Cuisine séchoir et Salle de bain Toutes les pièces sont climatisées et chauffées
 Pour fixer un rendez vous vous veuillez nous contacter : 216 26 179 301",https://www.mubawab-media.com/ad/8/203/697F/h/thumb_1150421_property_xlarge_80898478.avif
340 000 TND,Bonne Occasion vente maison à Nabeul,"Nabeul, Nabeul","['250 m²', '4 Pièces', '3 Chambres', '1 Salle de bain']","['Terrasse', 'Piscine', 'Concierge', 'Façade extérieure', 'Antenne parabolique', 'Climatisation', 'Chauffage central', 'Sécurité', 'Double vitrage', 'Porte blindée', 'Cuisine équipée']","Bonne Occasion vente d'une maison à Nabeul
L'agence Azur immobilière vous propose à vendre une maison sise à Nabeul dans un endroit propre et sélectionné, à proximité de toutes les commodités , pas loin de la plage et des hôtels 
Il s'agit de deux niveaux séparés ; rez de chaussé et étage 
Chaque niveau couvre 125 m² bâtis sur un terrain de 184 m²
Pour plus des renseignements , contactez Tèl / WhatsApp 29 323 344",https://www.mubawab-media.com/ad/8/328/069F/h/4sKpUbyLx7S4gDsW-thumb_82227443.avif
245 000 TND,A vendre Appartement S1 à AFH Mrezga Cité El Wafa,"Cité El Wafa, Nabeul","['65 m²', '2 Pièces', '1 Chambre', '1 Salle de bain']","['Terrasse', 'Garage', 'Ascenseur', 'Piscine', 'Concierge', 'Chambre rangement', 'Façade extérieure', 'Salon européen', 'Antenne parabolique', 'Climatisation', 'Chauffage central', 'Sécurité', 'Double vitrage', 'Porte blindée', 'Cuisine équipée']","L’agence immobilière Le Boulevard vous propose :
    A #Vendre    #Référence : 1294a
Un appartement S1 haut standing situé dans une résidence bien sécurisée à AFH Mrezge, Cité El wafa, Nabeul.

Il se compose d’un salon avec terrasse, une chambre à coucher avec dressing, une kitchenette bien équipée et salle d’eau.
 

 Piscine collective
 Doubles ascenseurs
 Chauffage central
 Climatiseur
 15 minutes de la plage à pied 
 Près de toutes...",https://www.mubawab-media.com/ad/7/811/154F/h/WhatsApp%20Image%202023-11-11%20at%2010.31.58_60573876.avif
475 000 TND,A vendre appartement S3 à AFH Mrezga,"Cité El Wafa, Nabeul","['107 m²', '4 Pièces', '3 Chambres', '2 Salles de bains']","['Terrasse', 'Garage', 'Ascenseur', 'Piscine', 'Concierge', 'Climatisation', 'Chauffage central', 'Sécurité', 'Porte blindée', 'Cuisine équipée']","L’agence immobilière Le Boulevard vous propose :
      A #Vendre           #Référence : 1244a 

Un appartement S3 haut standing, dans une résidence au cours de construction AFH Mrezge, Cité El wafa, Nabeul.

Il se compose d'un spacieux salon, d'une cuisine bien équipée (plaque, hotte, etc.) avec balcon, une suite parentale, 2 chambres à coucher avec dressing et salle d’eau.
•	Chauffage central 
•	Climatisation en split système
•	Vidéo pho...",https://www.mubawab-media.com/ad/8/327/581F/h/2%20%282%29_82222558.avif
460 000 TND,À vendre S3 Direct Promoteur Cité El Wafa AFH 2,"Cité El Wafa, Nabeul","['136 m²', '4 Pièces', '3 Chambres', '2 Salles de bains']","['Jardin', 'Terrasse', 'Garage', 'Climatisation', 'Chauffage central', 'Cuisine équipée', 'Four']","L’agence Century 21 Challenge met à votre disposition à la vente un appartement de type S3, en direct promoteur, offrant un bon standing, situé à AFH2 Nabeul. 
Ce bien se compose de : 
Un salon lumineux et bien orienté 
Une cuisine entièrement équipée 
Trois chambres à coucher avec dressings 
Une salle de douche ainsi qu’une salle de bain 
Idéalement situé, cet appartement bénéficie d’un emplacement privilégié, parfait pour une résidence pr...",https://www.mubawab-media.com/ad/8/299/159F/h/5eSc2swVa7bjWfIy-thumb_81924359.avif
1 300 000 TND,À vendre Immeuble de 690 m² a Cité El Wafa Nabeul,"Cité El Wafa, Nabeul","['391 m²', '12 Pièces', '11 Chambres', '10 Salles de bains']","['Jardin', 'Terrasse', 'Garage', 'Entre-seul', 'Salon européen', 'Antenne parabolique', 'Climatisation', 'Chauffage central', 'Sécurité', 'Double vitrage', 'Porte blindée', 'Cuisine équipée', 'Réfrigérateur', 'Four', 'Machine à laver']","Cette villa érigée sur quatre niveaux séparés se dresse au milieu d’un terrain isolé de 391m² et dont la superficie bâtie est de 640m², au cœur d’un quartier calme et résidentiel à Cité el Wafa, Nabeul.

La villa est répartie comme suit:

Au RDC, on trouve un appartement s3 de 168m² qui se compose d'un salon lumineux  totalement ouvert sur le  jardin, une cuisine bien équipée et aménagée (plaque,hotte,four) complétés par une terrasse et une s...",
1 200 000 TND,A vendre villa rez de chaussée à Sidi Mahersi,"Sidi El Mahrsi, Nabeul","['536 m²', '7 Pièces', '5 Chambres', '4 Salles de bains']","['Climatisation', 'Chauffage central', 'Sécurité', 'Cuisine équipée']","L’agence immobilière Le Boulevard vous propose :
     #A vendre         #Référence : 1462a 
Une Villa Rez-de-chaussée haut standing, située à Sidi Mahersi 3, Nabeul.
Rez-de-jardin d’une superficie 210m² : un salon, un séjour, une cuisine moderne et bien équipée avec terrasse, une salle à manger, deux chambres à coucher, une salle d’eau et un jardin.

Rez-de-chaussée d’une superficie 326m² : un spacieux salon avec terrasse, une suite parental...",
Prix à consulter,"S2 Neuf à cité wafa, Mrezga: La Jacaranda","Cité El Wafa, Nabeul","['124 m²', '3 Pièces', '2 Chambres', '2 Salles de bains']","['Ascenseur', 'Vue sur mer', 'Piscine', 'Façade extérieure', 'Climatisation', 'Chauffage central', 'Sécurité', 'Double vitrage', 'Porte blindée', 'Cuisine équipée', 'Four']","Découvrez ce spacieux S2 de 159,75 m², situé au sein d'une résidence estivale dans la nouvelle cité AFH MREZGUA, à proximité de la plage de la zone touristique. Ce projet séduisant est conçu pour vous offrir un cadre de vie agréable et relaxant, avec une piscine collective où vous pourrez vous détendre et profiter des journées ensoleillées.

À l’intérieur, l'appartement bénéficie d'un agencement optimisé, créant une atmosphère chaleureuse et co...",
298 000 TND,A Vendre: S1 / RDC / Jardin / AFH2,"Cité El Wafa, Nabeul","['120 m²', '2 Pièces', '1 Chambre', '1 Salle de bain']","['Jardin', 'Terrasse', 'Garage', 'Ascenseur', 'Vue sur les montagnes', 'Chambre rangement', 'Façade extérieure', 'Salon européen', 'Antenne parabolique', 'Climatisation', 'Chauffage central', 'Porte blindée', 'Cuisine équipée', 'Four']","City Casa met en vente :
Un rez de chaussée S1 d’un petit immeuble privé dans un endroit calme à AFH2 Mrezga Nabeul.
Il se compose 

-	D’un salon, une kitchenette équipée et aménagée, une chambre à coucher et une salle de douche.
-	Entrée indépendante.
-	Jardin et Abri pour voiture.
-	Superficie : 76m²  50m² Terrasse
Prix : 298 000 DT.

Pour plus d’infos n’hésitez pas de nous contacter sur 72 236 900 / 20 224 069 / 50 174 451 / 50 154 4...",
327 250 TND,S1 de 70m² avec jardin de 23m² à AFH Mrezga,"Cité El Wafa, Nabeul","['70 m²', '2 Pièces', '1 Chambre', '1 Salle de bain']","['Jardin', 'Garage', 'Piscine', 'Meublé', 'Climatisation', 'Chauffage central', 'Sécurité', 'Double vitrage', 'Cuisine équipée', 'Four']","Easyhome vous propose cet appartement est situé dans une résidence en construction avec piscine, à la cité Wafa Mrezga. Il bénéficie d'une architecture moderne, réalisée avec des matériaux de qualité, tels que le double vitrage avec isolation thermique et des fenêtres en aluminium de premier choix. Le salon, revêtu de grès dans la masse, s'ouvre sur un jardin. La cuisine, ouverte, sera aménagée et équipée d'un four, d'une hotte et de plaques de c...",https://www.mubawab-media.com/ad/8/321/407F/h/6o1pKucTbu0g5iwQ-thumb_82154607.avif
290 000 TND,À vendre s1 à Cité El Wafa AFH2,"Cité El Wafa, Nabeul","['63 m²', '2 Pièces', '1 Chambre', '1 Salle de bain']","['Terrasse', 'Garage', 'Ascenseur', 'Piscine', 'Concierge', 'Climatisation', 'Chauffage central', 'Sécurité', 'Cuisine équipée', 'Réfrigérateur', 'Four', 'Machine à laver']","L’agence Century 21 Challenge vous propose à la vente un appartement de type S1, situé à Cité El Wafa AFH2, à proximité de la mer.
Ce bien se compose de :
Un salon lumineux et bien orienté
Une cuisine équipée
Une chambre à coucher
Une salle d’eau
Une Terrasse
Une place de parking 
Cet appartement bénéficie d’un emplacement privilégié, idéal pour une résidence principale, secondaire ou un investissement locatif 
Pour plus d’informations o...",https://www.mubawab-media.com/ad/8/290/145F/h/thumb_1264600_property_xlarge_81912082.avif
1 200 000 TND,A vendre villa S3 au bord de la mer à Mimosa Nabeul,"Les Deux Oueds, Nabeul","['120 m²', '4 Pièces', '3 Chambres', '2 Salles de bains']","['Jardin', 'Garage', 'Vue sur mer', 'Concierge', 'Entre-seul', 'Antenne parabolique', 'Climatisation', 'Chauffage central', 'Sécurité', 'Cuisine équipée']","L’agence Immobilière Le Boulevard vous propose :
       A #Vendre                #Référence : 1400a

Un bungalow S3 avec jardin, au bord de la mer située à Mimosa, Nabeul.

Il se compose d'un salon, salle à manger, une suite parentale, 2 chambres à coucher avec dressing, salle d’eau pour les invités, une cuisine indépendante, garage et un vaste jardin piscinable.
Possibilité de construire un étage supplémentaire offrant une vue panoramique...",https://www.mubawab-media.com/ad/8/317/905F/h/IMG-20260224-WA0021%281%29_82119880.avif
2 500 000 TND,A vendre un une villa au deux oueds nabeul,"Les Deux Oueds, Nabeul","['200 m²', '5 Pièces', '4 Chambres', '2 Salles de bains']","['Jardin', 'Terrasse', 'Garage', 'Vue sur mer', 'Concierge', 'Chambre rangement', 'Meublé', 'Salon européen', 'Antenne parabolique', 'Climatisation', 'Chauffage central', 'Sécurité', 'Double vitrage', 'Porte blindée', 'Cuisine équipée', 'Réfrigérateur', 'Four', 'Machine à laver', 'Micro-ondes']","agence immobilière""FIMILKI"" vous propose la vente d'une villa aux deux oueds zone touristique nabeul :
*titre bleu individuel
*deuxième position à la mer
*un grand jardin et grande terrasse
*bonne orientation",https://www.mubawab-media.com/ad/8/321/617F/h/458-ink_82156638.avif
540 000 TND,S3 avec une grande terrasse Vue Mer à AFH2,"Cité El Wafa, Nabeul","['170 m²', '4 Pièces', '3 Chambres', '2 Salles de bains']","['Terrasse', 'Ascenseur', 'Vue sur mer', 'Vue sur les montagnes', 'Piscine', 'Concierge', 'Chambre rangement', 'Façade extérieure', 'Antenne parabolique', 'Climatisation', 'Chauffage central', 'Sécurité', 'Double vitrage', 'Porte blindée', 'Cuisine équipée', 'Four']","A Vendre un S3 avec une grande terrasse Vue Mer à AFH Mrezga Nabeul


City Casa vous propose 

-	Un appartement S3 de très haut standing à Vendre dans une résidence gardée et sécurisée à AFH Mrezga Nabeul. 
-	Un Salon avec balcon.
-	Une cuisine indépendante.
-	Une suite parentale avec dressing et salle de douche.
-	Deux chambres avec dressing chacune et qui se partagent une salle de bain.
-	Une grande terrasse de 38 m².
-	Chauffage cen...",https://www.mubawab-media.com/ad/8/317/178F/h/12_82145244.avif
520 000 TND,Appartement S3 de 141m² à AFH2 Mrezga – Nabeul,"Cité El Wafa, Nabeul","['141 m²', '4 Pièces', '3 Chambres', '2 Salles de bains']","['Terrasse', 'Garage', 'Ascenseur', 'Piscine', 'Concierge', 'Chambre rangement', 'Antenne parabolique', 'Climatisation', 'Chauffage central', 'Sécurité', 'Porte blindée', 'Cuisine équipée', 'Four', 'Machine à laver']","À vendre – S3 haut standing à AFH2 Mrezga, Nabeul
Situé au 1er étage d’une résidence neuve avec piscine et double ascenseur, cet appartement de 141 m² offre un cadre de vie moderne et confortable 
Il se compose d’un salon lumineux avec balcon, une cuisine équipée, une suite parentale, deux chambres avec dressing, salle de bain et salle d’eau invités.
Chauffage central &amp; climatisation
Place de parking au sous-sol incluse
Prix : 520 000 DT
Ré...",https://www.mubawab-media.com/ad/8/267/374F/h/WhatsApp-Image-2024-08-15-at-15.42.00_81581193.avif
320 000 TND,A vendre deux maisons à Nabeul,"Nabeul, Nabeul","['320 m²', '9 Pièces', '5 Chambres', '2 Salles de bains']","['Garage', 'Entre-seul', 'Climatisation']","IMMOTEAM vous propose à vendre deux maisons S2 au RDC et S3 au 1er étage avec un 2ème étage inachevé situés à Nabeul 

Pour plus d'informations contactez IMTINEN 
Visite du bien gratuite et disponible 7/7",https://www.mubawab-media.com/ad/8/222/161F/h/Gfzmefy3lG1bkzhP-thumb_81093181.avif
280 000 TND,À vendre S1 meublé à Cité El Wafa AFH 2,"Cité El Wafa, Nabeul","['62 m²', '2 Pièces', '1 Chambre', '1 Salle de bain']","['Terrasse', 'Garage', 'Ascenseur', 'Piscine', 'Concierge', 'Meublé', 'Climatisation', 'Chauffage central', 'Sécurité', 'Cuisine équipée', 'Réfrigérateur', 'Four', 'Machine à laver']","L’agence Century 21 Challenge vous propose à la vente un appartement S1 richement meublé, situé dans une résidence sécurisée avec place de parking au sous-sol, à la Cité El Wafa – AFH2.
L’appartement se compose de :
-Un salon avec balcon
-Une chambre à coucher
-Une cuisine entièrement équipée
-Une salle de douche
Pour plus d’informations, veuillez nous contacter au : 216 24 512 004 / 216 24 924 600
E-mail : challenge@century21.tn",https://www.mubawab-media.com/ad/8/326/222F/h/111_82207663.avif
335 000 TND,A Vendre S2 Vue Piscine à AFH2 Mrezga Nabeul,"Cité El Wafa, Nabeul","['81 m²', '2 Pièces', '2 Chambres', '1 Salle de bain']","['Terrasse', 'Garage', 'Ascenseur', 'Vue sur les montagnes', 'Piscine', 'Chambre rangement', 'Meublé', 'Façade extérieure', 'Salon européen', 'Antenne parabolique', 'Climatisation', 'Chauffage central', 'Sécurité', 'Double vitrage', 'Porte blindée', 'Cuisine équipée', 'Four']","City Casa vous propose Pour la Vente : 

S2 de 81m² haut standing vue piscine situé dans une résidence gardée jours et nuits avec piscine à AFH2 Mrezga avec double ascenseurs.

Il se compose d'un salon avec balcon, une kitchenette équipée et aménagée, deux chambres à coucher se partagent une salle de douche.

Cet appartement est équipé par le chauffage central, la climatisation et interphone.
Prix : 335 000 DT Y Compris Place Parking Sous-...",https://www.mubawab-media.com/ad/8/326/175F/h/0_82207110.avif
290 000 TND,A vendre Appartement Lotfi à Mrezga cité AFH 2,"Cité El Wafa, Nabeul","['62 m²', '2 Pièces', '1 Chambre', '1 Salle de bain']","['Terrasse', 'Garage', 'Ascenseur', 'Piscine', 'Concierge', 'Climatisation', 'Chauffage central', 'Sécurité', 'Double vitrage', 'Cuisine équipée']","A vendre un bel appartement s1 haut standing situé à Mrezga cité AFH2 d'une superficie de 62m². Il se compose d'un salon avec balcon, une kitchenette équipée, une chambre avec un dressing et une salle de douche. L'appartement bénéficie de 2 places de parking en sous-sol et il se trouve dans une résidence gardée avec double ascenseur, piscine collective et une salle de sport.
 Prix : 290.000dt",https://www.mubawab-media.com/ad/8/326/150F/h/3_82206890.avif
420 000 TND,Villa S2 à vendre au centre ville de Nabeul,"Nabeul, Nabeul","['106 m²', '3 Pièces', '2 Chambres', '2 Salles de bains']","['Jardin', 'Terrasse', 'Garage', 'Meublé', 'Antenne parabolique', 'Climatisation', 'Chauffage central', 'Double vitrage', 'Cuisine équipée']","À vendre – Villa indépendante S2 au cœur de Nabeul

Située en plein centre-ville de Nabeul, à seulement 10 minutes de la plage et au cœur de la zone touristique, cette villa de plain-pied offre un cadre de vie pratique et agréable.

Elle se compose d’un salon lumineux, d’une suite parentale avec douche, d’une chambre, d’une cuisine indépendante équipée ainsi que d’une salle d’eau.

La villa se distingue par son style arabesque plein de char...",https://www.mubawab-media.com/ad/8/263/605F/h/thumb_1218242_property_large_81535267.avif
1 200 000 TND,A vendre villa S6 à usage commercial à Nabeul,"Nabeul, Nabeul","['230 m²', '7 Pièces', '6 Chambres', '3 Salles de bains']","['Jardin', 'Terrasse', 'Garage', 'Entre-seul', 'Chauffage central', 'Cuisine équipée']","L’agence immobilière le Boulevard vous propose : 
     A #VENDRE    #Référence : 1112a
Villa S6 à usage commercial bien située au centre-ville de Nabeul, à seulement 100 mètres de la jarre.
Cette villa a une vocation R2, offrant des possibilités étendues de reconstruction, notamment pour un usage habitation, commercial ou médical. Idéale pour ceux qui recherchent une résidence principale élégante ou un investissement immobilier.
La villa se c...",https://www.mubawab-media.com/ad/8/325/092F/h/1_82196081.avif
317 000 TND,Appartement S1 vue piscine à Sidi Mahersi Nabeul,"Sidi El Mahrsi, Nabeul","['57 m²', '2 Pièces', '1 Chambre', '1 Salle de bain']","['Terrasse', 'Garage', 'Piscine', 'Climatisation', 'Chauffage central', 'Four']","L’agence immobilière Le Boulevard vous propose :
      A #Vendre           #Référence : 1220a 
Un appartement S1 haut standing, situé dans une résidence en cours de construction à Sidi Mahersi, Nabeul – l’un des quartiers les plus chics et calmes de la ville.

Il se compose d’un spacieux salon avec un balcon vue sur piscine, d’une kitchenette bien équipée (plaque, hotte, four, etc.), une chambre à coucher avec dressing et salle d’eau 
 

...",https://www.mubawab-media.com/ad/8/325/042F/h/1_82195638.avif
363 000 TND,S1 en cours de construction à Sidi Mahersi,"Sidi El Mahrsi, Nabeul","['65 m²', '2 Pièces', '1 Chambre', '1 Salle de bain']","['Terrasse', 'Garage', 'Ascenseur', 'Piscine', 'Concierge', 'Façade extérieure', 'Salon européen', 'Antenne parabolique', 'Climatisation', 'Chauffage central', 'Sécurité', 'Double vitrage', 'Porte blindée', 'Cuisine équipée', 'Four']","Un S1 en cours de construction à Vendre dans une résidence avec piscine à Sidi Mahersi Nabeul.

 City Casa vous propose 

-	Un appartement S1 de très haut standing à Vendre dans une résidence hautement sécurisée à Sidi Mahersi Nabeul. 
-	Un Salon avec balcon.
-	Une Salle de douche.
-	Une cuisine indépendante équipée et aménagée.
-	Une chambre à coucher avec dressing.
-	Superficie 65.60 m2. 
-	Remise des clés Fin 2027.
-	Prix 363 000 DT...",https://www.mubawab-media.com/ad/8/167/782F/h/1_81398758.avif
750 000 TND,A vendre un duplex s4 à Mrezga Hammamet,"Cité El Wafa, Nabeul","['330 m²', '5 Pièces', '4 Chambres', '3 Salles de bains']","['Terrasse', 'Garage', 'Ascenseur', 'Piscine', 'Concierge', 'Climatisation', 'Chauffage central', 'Sécurité', 'Cuisine équipée']","A vendre à Hammamet mrezga un duplex s4 situé dans une résidence gardée avec une piscine commune et proche de toutes les commerces. Il se compose d'un salon spacieux avec une terrasse, une cuisine équipée, 4 chambres dont une suite avec balcon, 3 salles de bains et une place de parking en sous-sol. Prix : 750.000dt",https://www.mubawab-media.com/ad/8/306/031F/h/2%20%282%29_81993687.avif
460 000 TND,A vendre S2 à Hammamet cité AFH Mrezga,"Cité El Wafa, Nabeul","['96 m²', '3 Pièces', '2 Chambres', '1 Salle de bain']","['Terrasse', 'Garage', 'Ascenseur', 'Piscine', 'Concierge', 'Meublé', 'Climatisation', 'Chauffage central', 'Sécurité', 'Double vitrage', 'Cuisine équipée']","A vendre à Hammamet cité AFH Mrezga, un appartement s2 d'une superficie de 94m² situé dans une résidence gardée avec une piscine collectif, un ascenseur. Il se compose d'un salon avec balcon, une kitchenette équipée, 2 chambres à coucher avec des dressings (dont l'une avec un balcon) et une salle d'eau. L'appartement est totalement chauffé et climatisé et il dispose d'une place de parking en sous-sol. Prix : 460.000dt",https://www.mubawab-media.com/ad/8/268/829F/h/A6YEZFrWZPVbzOHw-thumb_81596286.avif
Prix à consulter,A vendre un appartement s1à mahersi nabeul,"Sidi El Mahrsi, Nabeul","['3 Pièces', '1 Chambre', '1 Salle de bain']","['Garage', 'Ascenseur', 'Vue sur mer', 'Piscine', 'Concierge', 'Façade extérieure', 'Antenne parabolique', 'Climatisation', 'Chauffage central', 'Sécurité', 'Cuisine équipée', 'Four', 'Machine à laver', 'Micro-ondes']","Immoteam vous propose un appartement s1 à mahersi nabeul
direct promoteur 
à 150 métre de la plage 
visite du bien gratuite 7/7
pour plus d'infos contactez ameni",https://www.mubawab-media.com/ad/8/322/279F/h/Sans%20titre-ink%284%29_82163497.avif
330 000 TND,A vendre appartement S2 haut standing à afh Mrezga,"Cité El Wafa, Nabeul","['91 m²', '3 Pièces', '2 Chambres', '1 Salle de bain']","['Terrasse', 'Garage', 'Ascenseur', 'Piscine', 'Concierge', 'Chambre rangement', 'Façade extérieure', 'Climatisation', 'Chauffage central', 'Sécurité', 'Double vitrage', 'Cuisine équipée', 'Four']","L’agence immobilière Le Boulevard vous propose :
    A #Vendre    #Référence : 1213a
Un appartement S2, situé dans une résidence sécurisée à AFH Mrezga, Cité El Wafa, Nabeul.
Il se compose d'un spacieux salon avec balcon, 2 chambres à coucher avec dressing, une kitchenette bien équipée (plaque, hotte, four…) et salle d’eau. 

•	Superficie : 91m²
•	Chauffage central 
•	Climatiseur 
•	Double Ascenseur 
•	Piscine collective 
•	Cellier 30m²...",https://www.mubawab-media.com/ad/8/322/036F/h/1-ink%283%29_82161279.avif
2 295 000 TND,A Vendre Villa R2 Haut Standing à Sidi Mahersi,"Sidi El Mahrsi, Nabeul","['984 m²', '17 Pièces', '10 Chambres', '8 Salles de bains']","['Jardin', 'Terrasse', 'Garage', 'Vue sur mer', 'Entre-seul', 'Salon européen', 'Climatisation', 'Chauffage central', 'Sécurité', 'Double vitrage', 'Porte blindée', 'Cuisine équipée']","L’agence immobilière Le Boulevard vous propose :
     #A vendre         #Référence : 1442a 
Une Villa R2 haut standing et vue sur mer, située à Sidi Mahersi 3, Nabeul.
Rez-de-jardin d’une superficie 210m² : un salon, un séjour, une cuisine moderne et bien équipée avec terrasse, une salle à manger, deux chambres à coucher, une salle d’eau et un jardin.

Rez-de-chaussée d’une superficie 326m² : un spacieux salon avec terrasse, une suite parent...",https://www.mubawab-media.com/ad/8/322/013F/h/85-ink%281%29_82160850.avif
Prix à consulter,Une propriété d'une villa et deux bungalows sur mer,"Sidi El Mahrsi, Nabeul","['390 m²', '7 Pièces', '5 Chambres', '4 Salles de bains']","['Jardin', 'Vue sur mer', 'Concierge', 'Climatisation', 'Chauffage central']","L’agence Century 21 Alliance vous propose à la vente une propriété édifiée sur un terrain de 3 600 m².
Elle se compose d’une villa principale de 200 m², de deux bungalows indépendants, l’un d’une superficie de 70 m² et l’autre de 90 m², ainsi que d’un logement de 30 m² destiné au gardien, situé à l’entrée de la propriété.

Composition:

- Une villa principale 
- Deux bungalows 
- un logement gardien 

 Caractéristiques:

- Climatisatio...",https://www.mubawab-media.com/ad/8/135/448F/h/465001856_591553266703842_1642213716527918139_n-ink_81589716.avif
298 000 TND,S1 avec une belle vue sur piscine à AFH2,"Cité El Wafa, Nabeul","['71 m²', '2 Pièces', '1 Chambre', '1 Salle de bain']","['Terrasse', 'Garage', 'Ascenseur', 'Vue sur les montagnes', 'Piscine', 'Concierge', 'Chambre rangement', 'Façade extérieure', 'Salon européen', 'Climatisation', 'Chauffage central', 'Double vitrage', 'Porte blindée', 'Cuisine équipée', 'Four']","A Vendre un S1 avec une belle vue sur piscine à AFH Mrezga Nabeul.

City Casa vous propose 

-	Un appartement S1 de très haut standing à Vendre dans une résidence gardée et sécurisée à AFH Mrezga Nabeul. 
-	Un salon avec balcon.
-	Une cuisine avec séchoir.
-	Une salle de douche.
-	Une chambre avec dressing.
-	Une belle vue sur piscine.
-	Superficie 71 m2. 
-	Remise des clés Immédiate.
-	Prix 298 000 DT. 
-	Place de parking sous-sol s...",https://www.mubawab-media.com/ad/8/125/735F/h/357715573_599426525632959_3211848013975392899_n_81616268.avif
435 000 TND,Remise des clés 2027 S2 à AFH2,"Cité El Wafa, Nabeul","['106 m²', '3 Pièces', '2 Chambres', '1 Salle de bain']","['Terrasse', 'Garage', 'Ascenseur', 'Vue sur les montagnes', 'Piscine', 'Concierge', 'Chambre rangement', 'Façade extérieure', 'Salon européen', 'Climatisation', 'Chauffage central', 'Double vitrage', 'Porte blindée', 'Cuisine équipée', 'Four']","Remise des clés 2027

S2 de Luxe dans une résidence avec piscine à AFH Mrezga Nabeul

Notre agence immobilière City Casa vous propose 
Un appartement S2 de très haut standing à Vendre, situé au 2 eme étage, dans une résidence gardée et sécurisée à AFH Mrezga Nabeul. Il se compose comme suit :
-	Salon avec balcon.
-	Une cuisine équipée et aménagée avec séchoir.
-	Une salle de bain.
-	Deux chambres à coucher avec dressings.
-	Superficie 1...",https://www.mubawab-media.com/ad/8/204/355F/h/Sans%20t9-ink_80904859.avif
Prix à consulter,S1/S2 en cours de construction / Piscine / AFH2,"Cité El Wafa, Nabeul","['65 m²', '2 Pièces', '1 Chambre', '1 Salle de bain']","['Terrasse', 'Garage', 'Ascenseur', 'Vue sur les montagnes', 'Piscine', 'Concierge', 'Chambre rangement', 'Façade extérieure', 'Salon européen', 'Climatisation', 'Chauffage central', 'Sécurité', 'Double vitrage', 'Porte blindée', 'Cuisine équipée', 'Four']","Remise des clés 2027 :
Notre agence immobilière City Casa vous propose 
Des appartements en cours de construction dans une résidence avec piscine à la situé à AFH Mrezga Nabeul.
•	Résidence hautement sécurisée avec services de sécurité renforcés.
•	Jardins privatifs au rez-de-chaussée.
•	Cuisines entièrement équipées et aménagées.
•	Climatisation par système split.
•	Chauffage central.
•	Ascenseur.
•	Piscine.
•	Des vestiaires pour la pi...",https://www.mubawab-media.com/ad/8/269/195F/h/terrasse_81600476.avif
415 000 TND,A Vendre S2 Vue Piscine à AFH2 Mrezga,"Cité El Wafa, Nabeul","['97 m²', '3 Pièces', '2 Chambres', '1 Salle de bain']","['Terrasse', 'Ascenseur', 'Vue sur les montagnes', 'Piscine', 'Concierge', 'Meublé', 'Façade extérieure', 'Salon européen', 'Antenne parabolique', 'Climatisation', 'Chauffage central', 'Sécurité', 'Double vitrage', 'Porte blindée', 'Cuisine équipée', 'Réfrigérateur', 'Four', 'Machine à laver', 'Micro-ondes']","A Vendre :
S2 haut standing Vue piscine dans une résidence gardée avec ascenseur et double piscine à AFH2 Mrezga Nabeul. 

Il se compose d’un salon avec un balcon vue piscine, une cuisine bien équipée et aménagée (plaque, hotte, four, Frigidaire, Machine à lave, Micro-onde). Une chambre parentale avec dressing, une chambre d’enfant et une salle de bain.
Cet appartement est équipé par le chauffage central et la climatisation.

Superficie : 9...",https://www.mubawab-media.com/ad/8/267/209F/h/ext_81579736.avif
350 000 TND,S2 bien orienté à Vendre à AFH2,"Cité El Wafa, Nabeul","['91 m²', '2 Pièces', '2 Chambres', '1 Salle de bain']","['Terrasse', 'Garage', 'Ascenseur', 'Vue sur les montagnes', 'Piscine', 'Chambre rangement', 'Façade extérieure', 'Salon européen', 'Antenne parabolique', 'Climatisation', 'Chauffage central', 'Sécurité', 'Double vitrage', 'Porte blindée', 'Cuisine équipée', 'Four']","City Casa met en vente Un appartement S2 Haut Standing avec piscine à AFH2 Mrezga Nabeul.

Il est composé d’un salon avec un balcon bien ensoleillé grâce à sa bonne orientation, une kitchenette, deux chambres avec dressing et une salle de douche. 

Chauffage central et climatiseurs dans le salon et les chambres.

Une piscine pour les enfants et une autre pour les adultes.

Des vestiaires avec casier et douches.

Superficie : 91m².

Pr...",https://www.mubawab-media.com/ad/8/072/409F/h/gallery_79579035.avif
265 000 TND,A vendrzS1 dans une résidence àAFH2 Mrezga Nabeul,"Cité El Wafa, Nabeul","['64 m²', '2 Pièces', '1 Chambre', '1 Salle de bain']","['Terrasse', 'Garage', 'Ascenseur', 'Vue sur les montagnes', 'Piscine', 'Concierge', 'Chambre rangement', 'Façade extérieure', 'Salon européen', 'Antenne parabolique', 'Climatisation', 'Chauffage central', 'Sécurité', 'Double vitrage', 'Porte blindée', 'Cuisine équipée', 'Four']","City Casa vous propose Pour La Vente :
Un appartement S1 dans une résidence gardée à AFH2 Mrezga Nabeul.
Il se compose d’un salon balconnet, Kitchenette bien équipée et aménagée, une chambre à coucher avec dressing et une salle de douche. 

Cet appartement est équipé par le chauffage central et la climatisation.

Place de parking sous-sol est disponible
Superficie : 64m².
Prix de vente : 265 000 DT y compris la place de parking sous-sol
...",https://www.mubawab-media.com/ad/8/236/495F/h/3f6c5932-e2e2-4d41-ac2f-5f22bcb2719d_81246615.avif
225 000 TND,S1 de 70m² avec terrasse à mrezga afh2,"Cité El Wafa, Nabeul","['70 m²', '2 Pièces', '1 Chambre', '1 Salle de bain']","['Terrasse', 'Garage', 'Meublé', 'Climatisation', 'Chauffage central', 'Cuisine équipée', 'Réfrigérateur', 'Four']","Cet appartement est situé au rez-de-chaussée d’un immeuble à la cité El Wafa, AFH2. L’entrée s’ouvre sur un salon meublé de trois canapés et donnant accès à une terrasse. La cuisine, ouverte, est équipée de plaques de cuisson, d’une hotte, d’un four et d’un réfrigérateur. Une salle de douche est attenante.
La partie nuit comprend une chambre à coucher équipée d’un lit double et de placards intégrés. Elle dispose également d’un accès à une terras...",https://www.mubawab-media.com/ad/8/182/229F/h/6db9668e-9c29-4c6b-838a-df339b441654_80684676.avif
490 000 TND,RDC S2 de 124m² avec piscine à l'Afh Nabeul,"Cité El Wafa, Nabeul","['124 m²', '3 Pièces', '2 Chambres', '1 Salle de bain']","['Jardin', 'Terrasse', 'Garage', 'Ascenseur', 'Piscine', 'Climatisation', 'Chauffage central', 'Cuisine équipée', 'Four']","Cet appartement est situé au rez-de-chaussée d’une résidence dotée d’une piscine, à Cité El Wafa AFH2.
Dès l’entrée, vous découvrez un salon ouvrant sur une petite terrasse couverte. La cuisine, indépendante, est équipée d’une plaque de cuisson, d’une hotte et d’un four, et donne accès à un séchoir. Une salle d’eau complète la partie jour.
L’espace nuit se compose de deux chambres à coucher, dont l’une est pourvue d’un dressing et s’ouvre sur u...",
850 000 TND,Villa jumelée en vente,"Nabeul, Nabeul","['200 m²', '5 Pièces', '3 Chambres', '4 Salles de bains']","['Jardin', 'Cuisine équipée']","Cette villa s'étale sur un terrain de 200 mètres carrés situés en plein centre-ville de Nabeul dans un quartier calme et proche de toute commodité.Elle est de haut standing dans un style arabesque.L’entrée nous mène à une pièce de vie lumineuse et spacieuse qui ouvre sur une cour intérieure.Dans la continuité on trouve une cuisine bien équipée par plusieurs éléments de rangement fonctionnel ainsi une salle à manger.Quant à la partie nuit, elle lo...",
150 000 TND,S2 A vendre,"Nabeul, Nabeul","['80 m²', '3 Pièces', '2 Chambres', '1 Salle de bain']","['Terrasse', 'Climatisation', 'Chauffage central', 'Cuisine équipée']","C'est un appartement S2 , situé au 1er étage d'un Immeuble familial.

Niché dans un quartier calme et pratique, à proximité des commodités et axes principaux.

Un salon spacieux et lumineux, parfait pour recevoir ou se détendre.

Il se compose de deux chambres à coucher, dont une avec balcon privé, permettent à chacun d’avoir son espace.

La cuisine équipée s’ouvre sur un espace fonctionnel, parfait pour les moments du quotidien.

La pa...",
Prix à consulter,"S2 Neuf de 124M² à cité wafa, Mrezga","Cité El Wafa, Nabeul","['124 m²', '3 Pièces', '2 Chambres', '2 Salles de bains']","['Ascenseur', 'Piscine', 'Façade extérieure', 'Double vitrage', 'Porte blindée', 'Cuisine équipée', 'Four']","Découvrez ce spacieux S2 de 124,97m², situé au sein d'une résidence estivale dans la nouvelle cité AFH MREZGUA, à proximité de la plage de la zone touristique. Ce projet séduisant est conçu pour vous offrir un cadre de vie agréable et relaxant, avec une piscine collective où vous pourrez vous détendre et profiter des journées ensoleillées.

À l’intérieur, l'appartement bénéficie d'un agencement optimisé, créant une atmosphère chaleureuse et con...",
410 000 TND,Appartement S2 Haut Standing,"Cité El Wafa, Nabeul","['109 m²', '3 Pièces', '2 Chambres', '2 Salles de bains']","['Terrasse', 'Garage', 'Ascenseur', 'Piscine', 'Concierge', 'Antenne parabolique', 'Climatisation', 'Chauffage central', 'Sécurité', 'Porte blindée', 'Cuisine équipée', 'Four']","L’agence immobilière ADAM vous propose à la vente :

Un appartement S2 de haut standing, offrant une vue dégagée sur la piscine, situé au sein d’une résidence moderne, gardée et sécurisée, équipée d’une piscine collective et de deux ascenseurs, à AFH Mrezga – Hammamet.

D’une superficie de 109 m², ce bien se distingue par une distribution harmonieuse et une excellente luminosité. Il comprend un salon avec balcon, une suite parentale avec balc...",
410 000 TND,Appartement s2 à vendre afh2 mrezga,"Cité El Wafa, Nabeul","['109 m²', '3 Pièces', '2 Chambres', '2 Salles de bains']","['Jardin', 'Terrasse', 'Garage', 'Ascenseur', 'Vue sur les montagnes', 'Piscine', 'Concierge', 'Façade extérieure', 'Salon européen', 'Climatisation', 'Chauffage central', 'Sécurité', 'Double vitrage', 'Porte blindée', 'Cuisine équipée', 'Four', 'Micro-ondes']","Cet appartement occupe le premier étage situé dans une résidence avec piscine proche de toutes les commodités 
superficie : 109m²
*composition :
-un salon avec un balcon
-une cuisine aménagée et équipée complétée par un séchoir.
-une salle de douche
-Une chambres à coucher avec dressing
-une suite parentale avec sa propre salle de bain.
prix : 410.000dt y compris place parking en sous-sol.
pour plus de détails et d'informations merci de...",https://www.mubawab-media.com/ad/8/312/041F/h/577b6274-939b-48e2-b9f6-1fed230801fc_82059138.avif
175 000 TND,A vendre S2,"Nabeul, Nabeul","['56 m²', '3 Pièces', '2 Chambres', '1 Salle de bain']","['Salon européen', 'Climatisation', 'Chauffage central', 'Sécurité', 'Cuisine équipée']","Découvrez cet appartement S2 jamais habité, au deuxième étage d’une résidence moderne construite en 2020.

Il se compose de deux chambres à coucher avec placards intégrés,

D’un salon lumineux, une cuisine indépendante ainsi  d’une salle de douche fonctionnelle.

Ce bien combine confort et praticité, idéal pour un investissement ou une première acquisition. La résidence bénéficie d’un environnement calme, à proximité de la mer et des commod...",https://www.mubawab-media.com/ad/8/312/042F/h/96c57d74-5501-445e-ba4e-6be41aed9485_82059186.avif
180 000 TND,A vendre S2,"Nabeul, Nabeul","['63 m²', '3 Pièces', '2 Chambres', '1 Salle de bain']","['Terrasse', 'Façade extérieure', 'Salon européen', 'Climatisation', 'Chauffage central', 'Sécurité', 'Porte blindée', 'Cuisine équipée']","Situé au deuxième étage d’une résidence récente construite en 2020.

Cet appartement S2 jamais habité et offre un cadre moderne et fonctionnel.

Il se compose de deux chambres à coucher avec placards intégrés.ainsi que d’une salle de douche bien agencée.

D’un salon lumineux ,une kitchenette et une terrasse de 14 m² superficie, 

Ce bien représente une opportunité idéale pour un premier achat ou un investissement, alliant confort, pratici...",https://www.mubawab-media.com/ad/8/244/962F/h/gallery_81334396.avif
640 000 TND,S3 en vente,"Cité El Wafa, Nabeul","['158 m²', '4 Pièces', '3 Chambres', '2 Salles de bains']","['Terrasse', 'Garage', 'Ascenseur', 'Vue sur mer', 'Piscine', 'Concierge', 'Climatisation', 'Chauffage central', 'Sécurité', 'Double vitrage', 'Cuisine équipée', 'Réfrigérateur', 'Four', 'Micro-ondes']","Cet appartement en S3 situé au sixième étage d’une résidence avec doubles ascenseurs et piscine. Dès l’entrée, un hall dessert une cuisine indépendante aménagée en Quartz, entièrement équipée avec plaque, hotte, four et micro-ondes et réfrigérateur  ouvrant sur une grande terrasse. Dans la continuité, le salon et la salle à manger s’étendent harmonieusement et donnent accès à une terrasse communicante de 50m² offrant un agréable coin détente avec...",https://www.mubawab-media.com/ad/8/311/543F/h/3_82051478.avif
240 000 TND,À VENDRE – Appartement S1 à Cité Wafa AFH,"Cité El Wafa, Nabeul","['61 m²', '1 Pièce', '1 Chambre', '1 Salle de bain']","['Terrasse', 'Garage', 'Ascenseur', 'Vue sur les montagnes', 'Piscine', 'Concierge', 'Meublé', 'Salon européen', 'Climatisation', 'Chauffage central', 'Sécurité', 'Cuisine équipée', 'Réfrigérateur', 'Four']","À saisir, bel appartement S1 situé dans une résidence sécurisée avec piscine, dans un quartier calme et en plein développement. Idéal pour habitation ou investissement locatif.

Superficie : 61 m²
Titre individuel
Propriété exclusive
Place de parking en sous-sol
Résidence gardée avec piscine

Prix : 255 MD

Agence : BEE Immobilier Hammamet",https://www.mubawab-media.com/ad/8/106/482F/h/482090228_1423345359075958_2094219884791804286_n-ink_79909513.avif
590 000 TND,Villa RDC Habitable 1er étage inachevé à AFH2,"Cité El Wafa, Nabeul","['217 m²', '3 Pièces', '2 Chambres', '2 Salles de bains']","['Jardin', 'Terrasse', 'Garage', 'Vue sur mer', 'Vue sur les montagnes', 'Piscine', 'Chambre rangement', 'Antenne parabolique', 'Climatisation', 'Chauffage central', 'Sécurité', 'Double vitrage', 'Porte blindée', 'Cuisine équipée']","A Vendre Une Villa RDC Habitable  1 er étage inachevé dans un bon emplacement à AFH Mrezga Nabeul
L’agence immobilière City Casa vous propose :
Une villa avec jardin piscinable qui se compose comme suit :
-	RDC habitable de 100 m² de superficie.
-	Entrée pour deux voitures.
-	1 er étage inachevé.
-	Possibilité de construire un autre étage.

Superficie terrain 217 m².
Bati 200 m².
Vocation R2.
Titre bleu individuel.
Prix 590 000 DT.

...",https://www.mubawab-media.com/ad/8/192/850F/h/_H2grDi6_80791405.avif
980 000 TND,Villa dans un endroit idéal à Nabeul,"Nabeul, Nabeul","['640 m²', '5 Pièces', '5 Chambres', '2 Salles de bains']","['Jardin', 'Terrasse', 'Garage', 'Vue sur les montagnes', 'Chambre rangement', 'Entre-seul', 'Cuisine équipée']","Notre agence immobilière City Casa met en vente une grande villa dans un endroit idéal à Nabeul centre près de cuisina.
Terrain 640m².
Vocation R2.
Deux étages (S3).
Prix : 980MD.
Pour plus d’infos veuillez nous contacter sur 72 236 900 / 20 224 069 / 50 174 451 / 50 175 029.",https://www.mubawab-media.com/ad/8/306/502F/h/thumb_1282371_property_large_81998544.avif
270 000 TND,À vendre S1 dans une résidence à AFH Mrezga,"Cité El Wafa, Nabeul","['66 m²', '1 Pièce', '1 Chambre', '1 Salle de bain']","['Terrasse', 'Garage', 'Ascenseur', 'Piscine', 'Climatisation', 'Chauffage central', 'Cuisine équipée', 'Four']","Cet appartement est situé dans une résidence en cours de construction  avec  ascenseur et piscine collective  à Cité El Wafa,Nabeul. Le hall d’entrée dessert un spacieux salon lumineux ouvrant  sur un balcon ainsi qu’une kitchenette  moderne bien agencée et équipée ( hotte, plaque, four).  En avançant dans le couloir on trouve la partie nuit qui couvre une chambre à coucher et une salle de douche. 

Le chauffage et La climatisation En Split Sys...",https://www.mubawab-media.com/ad/8/308/481F/h/1_82018840.avif
180 000 TND,"Appartement S1 de 60m² à AFH1, Nabeul","Neapolis, Nabeul","['60 m²', '2 Pièces', '1 Chambre', '1 Salle de bain']","['Terrasse', 'Meublé', 'Climatisation', 'Porte blindée']","Agence immobilière ADAM vous propose à la vente :
Un appartement S1 de 60 m² situé à AFH1, Néapolis – Nabeul, dans un quartier calme et proche de toutes les commodités, à seulement 15 minutes de l’hôtel Khayem Garden.
Situé au 2ᵉ étage, ce bien se compose d’un salon avec balconnet, d’une chambre à coucher, d’une cuisine indépendante ainsi que d’une salle d’eau équipée d’une cabine de douche.
Caractéristiques :
•	Superficie : 60 m²
•	Climatis...",https://www.mubawab-media.com/ad/8/319/069F/h/gallery_82131913.avif
395 000 TND,S2 en vente,"Nabeul, Nabeul",['110 m²'],"['Terrasse', 'Garage', 'Ascenseur', 'Piscine', 'Climatisation', 'Chauffage central', 'Sécurité']","Appartement S2 jamais habité, situé au 5 étage d’une résidence sécurisée avec double ascenseurs. Dès l’entrée, un hall accueillant dessert un vaste salon baigné de lumière naturelle, ouvrant sur un balcon avec une agréable vue sur la piscine. La cuisine, indépendante et entièrement aménagée, est complétée par un séchoir fonctionnel. L’espace nuit se compose de deux chambres à coucher : une première avec balcon privatif, et une seconde dotée d’un...",https://www.mubawab-media.com/ad/8/158/257F/h/WhatsApp%20Image%202025-11-07%20at%2010.52.38_81369259.avif
350 000 TND,A vendre apparemment s2 vue mer,"Nabeul, Nabeul","['107 m²', '3 Pièces', '2 Chambres', '2 Salles de bains']","['Jardin', 'Terrasse', 'Garage', 'Ascenseur', 'Vue sur mer', 'Climatisation', 'Chauffage central', 'Cuisine équipée']","Azur immobilière Nabeul vous propose a vendre un bel appartement VUE MER de107m2 situé à quelques minutes de Nabeul plage. il se compose de : -un salon spacieux offre une vue imprenable sur la mer -deux chambres -salle de bain -salle de douche -Cuisine avec séchoir -terrasse , place parking sous soul",https://www.mubawab-media.com/ad/8/069/588F/h/WhatsApp%20Image%202024-11-12%20at%2017.04.09_79551495.avif
540 000 TND,A vendre apparemment s3 a nabeul cité el wafa,"Cité El Wafa, Nabeul","['163 m²', '4 Pièces', '3 Chambres', '2 Salles de bains']","['Terrasse', 'Garage', 'Ascenseur', 'Vue sur mer', 'Vue sur les montagnes', 'Piscine', 'Concierge', 'Climatisation', 'Chauffage central', 'Sécurité', 'Cuisine équipée']","Azur immobilière Nabeul vous propose à la vente un superbe appartement haut standing, situé dans une résidence sécurisée et gardée jour et nuits .cet appartement de 163m2 stc , bénéficie d'une finition de qualité de nombreux à touts pour un confort optimal . il se compose de: -un grand salon lumineux et spacieux -une suite parentale chambre à coucher avec dressing et une salle de bain -deux chambres avec leurs propre salle de bain -une cuisine en...",https://www.mubawab-media.com/ad/8/318/503F/h/M8CppeCN2vZf1k9y-thumb_82126101.avif
450 000 TND,À vendre S3 à Cité El Wafa AFH 2,"Cité El Wafa, Nabeul","['147 m²', '4 Pièces', '3 Chambres', '3 Salles de bains']","['Terrasse', 'Garage', 'Ascenseur', 'Vue sur les montagnes', 'Concierge', 'Climatisation', 'Chauffage central', 'Sécurité', 'Cuisine équipée']","L’agence Century 21 Challenge met en vente un appartement de type S3 de bon standing, situé à AFH2 Nabeul.
Ce bien se compose de :
Un salon lumineux, bien orienté, ouvrant sur une agréable terrasse
Une cuisine équipée
Une chambre à coucher avec dressing ainsi qu’une suite parentale avec dressing
Une salle de douche
Une salle d’eau
Cet appartement bénéficie d’un emplacement privilégié, idéal aussi bien pour une résidence principale ou secon...",https://www.mubawab-media.com/ad/8/196/238F/h/7a110d5e-ab9d-45e1-892c-9ab932ad9d9d_GF_80826014.avif
1 900 000 TND,Immeuble Dream à vendre à Nabeul,"Nabeul, Nabeul","['286 m²', '10 Pièces', '5 Chambres', '5 Salles de bains']","['Terrasse', 'Meublé']","Immeuble sur un terrain de 286 m² prés du la plage ( 200 m), à Nabeul, au RDC, on a local commercial (Resto/ Café) avec terrasse privé, au 1 er étage, on a deux apparts S1 meublés, au 2 éme étage, on a deux apparts S1 meublés et au 3 éme étage, on a un S1 meublé avec une terrasse  vue totale sur mer. :",https://www.mubawab-media.com/ad/8/287/386F/h/thumb_1240800_property_xlarge_81794877.avif
110 000 TND,A vendre une maison à rénovée à Nabeul,"Nabeul, Nabeul","['94 m²', '3 Pièces', '2 Chambres', '1 Salle de bain']",['Chambre rangement'],"L’agence immobilière Le Boulevard vous propose :
    A #Vendre     #Référence : 1399a 
Maison à rénover, idéalement située en centre-ville de Nabeul, à proximité de l’Institut Supérieur des Langues.

•	Superficie : 94 m²
•	Façade de la maison : 6 mètres 
•	A 300 mètres de l’institut supérieur des langues de Nabeul
•	A 1.5Km de la plage 
•	Proche de toutes les commodités (magasin, banque, restaurant, faculté, transport)
•	Titre foncier in...",https://www.mubawab-media.com/ad/8/169/238F/h/thumb_1117751_property_xlarge_80552318.avif
327 000 TND,A vendre appartement S1 avec terrasse à Nabeul,"Sidi El Mahrsi, Nabeul","['72 m²', '2 Pièces', '1 Chambre', '1 Salle de bain']","['Terrasse', 'Garage', 'Ascenseur', 'Vue sur les montagnes', 'Piscine', 'Concierge', 'Façade extérieure', 'Antenne parabolique', 'Climatisation', 'Chauffage central', 'Sécurité', 'Double vitrage', 'Porte blindée', 'Cuisine équipée']","L’agence immobilière Le Boulevard vous propose :
      A #Vendre           #Référence : 1219a 
Un appartement S1 avec terrasse au dernier étage, situé dans une résidence en cours de construction à Sidi Mahersi, Nabeul – l’un des quartiers les plus chics et calmes de la ville.

Il se compose d'un salon avec une terrasse, d'une cuisine bien équipée (plaque, hotte, etc.), une chambre à coucher avec dressing et salle de bain.  

•	Résidence hau...",https://www.mubawab-media.com/ad/8/263/724F/h/thumb_1218402_property_large_81536459.avif
611 000 TND,A vendre Duplex S2 avec jardin à Sidi Mahersi Nabe,"Sidi El Mahrsi, Nabeul","['130 m²', '3 Pièces', '2 Chambres', '2 Salles de bains']","['Jardin', 'Terrasse', 'Garage', 'Piscine', 'Concierge', 'Façade extérieure', 'Antenne parabolique', 'Climatisation', 'Chauffage central', 'Sécurité', 'Double vitrage', 'Porte blindée', 'Cuisine équipée', 'Four']","L’agence immobilière Le Boulevard vous propose :
      A #Vendre           #Référence : 1345a 
Duplex S2 avec jardin au bord de la mer, situé dans une résidence en cours de construction à Sidi Mahersi, Nabeul – l’un des quartiers les plus chics et calmes de la ville.

Elle se compose d’un spacieux et lumineux salon (double hauteur) avec terrasse, d’une cuisine bien équipée (plaque, hotte, four, etc.), d’une chambre à coucher avec dressing, pl...",https://www.mubawab-media.com/ad/7/878/945F/h/thumb_782697_property_xlarge_79535114.avif
590 000 TND,"A vendre Villa S5 à AFH Mrezga, Nabeul","Cité El Wafa, Nabeul","['215 m²', '6 Pièces', '5 Chambres', '4 Salles de bains']","['Jardin', 'Terrasse', 'Garage', 'Antenne parabolique', 'Chauffage central', 'Cuisine équipée']","L’agence immobilière Le Boulevard vous propose :
   A #Vendre    #Référence : 834a

Une villa triplex S5, située à AFH Mrezge, Cité El Wafa, Nabeul.

Au rez de chaussée on a un spacieux salon, salle à manger, salle d’eau pour les invités, une cuisine avec terrasse et une suite parentale
A l’étage on trouve un coin séjour avec balcon, 3 chambres à coucher avec dressing et salle de bain.
Au 2éme étage on a une suite parentale avec sa propre...",https://www.mubawab-media.com/ad/8/264/822F/h/thumb_1218896_property_large_81550529.avif
234 000 TND,A vendre Appartement duplex S1 à AFH Mrezga Nabeul,"Cité El Wafa, Nabeul","['60 m²', '2 Pièces', '1 Chambre', '1 Salle de bain']","['Garage', 'Piscine', 'Concierge', 'Chambre rangement', 'Façade extérieure', 'Antenne parabolique', 'Climatisation', 'Sécurité', 'Double vitrage', 'Porte blindée', 'Cuisine équipée', 'Four']","L’agence immobilière Le Boulevard vous propose :
    A #Vendre    #Référence : 1347a
Un appartement duplex S1 situé dans une résidence sécurisée à AFH Mrezga, Cité El Wafa, Nabeul.
Il se compose d’un salon, une chambre à coucher avec dressing, une kitchenette bien équipée (plaque, hotte, four…) et salle d’eau. 
 

 Superficie : 60m²
 Climatiseurs chaud-froid 
 Piscine collective 
 15 minutes de la plage à pied 
 Proche de toutes les com...",https://www.mubawab-media.com/ad/8/317/123F/h/1%20%281%29_82111818.avif
880 000 TND,"A Vendre Villa Duplex S5 à Cité El Riadh, Nabeul","Nabeul, Nabeul","['360 m²', '9 Pièces', '7 Chambres', '3 Salles de bains']","['Jardin', 'Terrasse', 'Garage', 'Chambre rangement', 'Entre-seul', 'Chauffage central', 'Sécurité']","L’agence immobilière le boulevard vous propose :
A #Vendre         #Référence : 1311a
Villa duplex S5 avec jardin, située à Cité El Riadh, Nabeul.
Au rez-de-chaussée, on trouve un spacieux salon, une chambre à coucher, une salle d’eau et une cuisine  
Au 1er étage, on trouve 4 chambres à coucher avec balcon, terrasse et salle de bain.
Au sous-sol, on trouve un salon, 2 chambres à coucher, une salle d’eau et une cuisine
•	Superficie de terra...",https://www.mubawab-media.com/ad/8/316/903F/h/gallery_82109422.avif
550 000 TND,S4 cité mora,"Nabeul, Nabeul","['300 m²', '5 Pièces', '4 Chambres', '3 Salles de bains']","['Jardin', 'Façade extérieure', 'Climatisation', 'Chauffage central']","Notre agence med immobiloer proposons à la vente un bel appartement de type S4 idéalement situé dans le quartier prisé de la Cité Mora. Ce bien offre de grands volumes et un cadre de vie agréable, parfait pour une famille ou un investissement durable.
contacté nous pour plus d'information",https://www.mubawab-media.com/ad/8/267/250F/h/thumb_1150336_property_xlarge_81580028.avif
340 000 TND,S2 en vente,"Nabeul, Nabeul",['116 m²'],"['Terrasse', 'Garage', 'Ascenseur', 'Climatisation', 'Chauffage central', 'Four']","C'est un appartement S2 de 116m², il occupe le deuxième étage d'une résidence avec ascenseur. L'appartement dispose d’une cuisine indépendante entièrement aménagée, équipée d’une hotte, d’une plaque de cuisson et d’un four. La pièce de vie est lumineuse et donne accès à un balcon. Une salle d'eau pour les invités. La partie nuit loge deux chambres à coucher dont une avec dressing. Une salle de bain commune. Une place de parking est incluse au sou...",https://www.mubawab-media.com/ad/8/245/804F/h/fotohigh-viewimg%20%282%29_81343429.avif
256 000 TND,A vendre Appartement S1 à AFH Mrezga Cité El Wafa,"Cité El Wafa, Nabeul","['58 m²', '2 Pièces', '1 Chambre', '1 Salle de bain']","['Terrasse', 'Garage', 'Ascenseur', 'Vue sur les montagnes', 'Piscine', 'Concierge', 'Chambre rangement', 'Façade extérieure', 'Salon européen', 'Antenne parabolique', 'Climatisation', 'Chauffage central', 'Sécurité', 'Double vitrage', 'Porte blindée', 'Cuisine équipée', 'Four']","L’agence immobilière Le Boulevard vous propose :
      A #Vendre           #Référence : 1241a 

Un appartement S1 haut standing au 5éme étage, dans une résidence au cours de construction AFH Mrezge, Cité El wafa, Nabeul.

Il se compose d'un salon avec une terrasse, d'une kitchenette bien équipée (plaque, hotte, etc.), une chambre à coucher avec dressing et salle d’eau.
•	Chauffage central 
•	Climatisation en split système
•	Vidéo phone et...",https://www.mubawab-media.com/ad/8/210/055F/h/81ed2c2b-48cb-4245-af46-d687abff4878_80964436.avif
Prix à consulter,A vendre une maison à nabeul,"Nabeul, Nabeul","['65 m²', '7 Pièces', '2 Chambres', '1 Salle de bain']","['Terrasse', 'Garage', 'Ascenseur', 'Concierge', 'Salon européen', 'Climatisation', 'Chauffage central', 'Sécurité', 'Double vitrage', 'Cuisine équipée', 'Four']","IMMOTEAM vous propose Une maison au RDC 
Pour plus de détails contactez Sarah
visite du bien disponible7/7 et gratuite",https://www.mubawab-media.com/ad/8/044/473F/h/a41b0d4e-954e-4236-8df2-c298168de792_80964303.avif
420 000 TND,S2 A vendre,"Nabeul, Nabeul","['127 m²', '3 Pièces', '2 Chambres', '1 Salle de bain']","['Jardin', 'Terrasse', 'Garage', 'Climatisation', 'Chauffage central', 'Porte blindée', 'Cuisine équipée', 'Four']","Cet appartement S2 de 127 m² superficie se situe dans une résidence avec double ascenseur , offrant un cadre de vie agréable et moderne.

Idéalement situé à proximité de toutes les commodités.

Dès l'entrée, vous serez accueilli par un vaste salon lumineux.

Les grandes ouvertures donnant sur le balcon couvert garantissent une abondante luminosité naturelle ainsi une vue imprenable.

La cuisine, entièrement agencée et équipée, comprend un...",https://www.mubawab-media.com/ad/8/285/402F/h/881936bc-2780-494b-8fe0-d89a0e45af4c_81819894.avif
700 000 TND,Villa S5 en Vente,"Nabeul, Nabeul","['313 m²', '6 Pièces', '5 Chambres', '2 Salles de bains']","['Terrasse', 'Garage', 'Piscine', 'Concierge', 'Climatisation', 'Sécurité', 'Cuisine équipée', 'Four']","Cette villa jumelée est nichée dans un quartier Calme sur un terrain de 313m².

Dès l'entrée, vous serez accueilli par un double salon lumineux, chacun pouvant être aménagé en salle à manger et en espace de vie chaleureux.

Les ouvertures garantissent une luminosité naturelle tout au long de la journée.

La cuisine, entièrement agencée et équipée, comprend une plaque de cuisson, une hotte aspirante et un four électrique.Elle donne également...",https://www.mubawab-media.com/ad/8/310/448F/h/73b25ea2-dbfd-40d9-89d0-9a59e3f0c47c_82039314.avif
345 000 TND,S2 en vente,"Nabeul, Nabeul","['117 m²', '3 Pièces', '2 Chambres', '2 Salles de bains']","['Terrasse', 'Climatisation', 'Chauffage central', 'Cuisine équipée']","C'est un appartement S2 de 117 m², offrant une vue imprenable sur la piscine, est situé dans une résidence équipée d'une salle de sport, de restaurants, et d'une garderie pour les enfants.Il se compose d'un salon et d'une salle à manger baignés de lumière naturelle, grâce à un grand balcon. La cuisine indépendante est entièrement équipée avec de nombreux rangements et un séchoir.L'espace nuit comprend une suite parentale avec placard intégré, ain...",https://www.mubawab-media.com/ad/8/300/222F/h/IMG-20260119-WA0029%281%29_81938203.avif
220 000 TND,S2 en vente,"Nabeul, Nabeul","['65 m²', '3 Pièces', '2 Chambres', '1 Salle de bain']","['Terrasse', 'Salon européen', 'Climatisation', 'Chauffage central', 'Cuisine équipée']","Cet appartement S2 de haut standing, situé au 1er étage au cœur de Nabeul, offre une superficie de 70 m² parfaitement agencée.

Il se compose d’un salon lumineux, cuisine équipée alliant modernité et praticité.

Deux chambres à coucher confortables ainsi que d’une salle de douche élégante.

Grâce à son emplacement central, il bénéficie d’une proximité immédiate avec les commerces, les écoles et les principaux axes de la ville, tout en offra...",
220 000 TND,A vendre S2,"Nabeul, Nabeul","['58 m²', '3 Pièces', '2 Chambres', '1 Salle de bain']","['Jardin', 'Terrasse', 'Garage', 'Ascenseur', 'Vue sur les montagnes', 'Piscine', 'Concierge', 'Façade extérieure', 'Antenne parabolique', 'Climatisation', 'Chauffage central', 'Sécurité', 'Double vitrage', 'Porte blindée', 'Cuisine équipée', 'Réfrigérateur', 'Four', 'Machine à laver']","Situé au premier étage d’une résidence calme et bien entretenue.

cet appartement S2 offre un cadre de vie agréable et fonctionnel.

Il se compose d’un salon lumineux, idéal pour accueillir famille et amis.

Deux chambres à coucher équipées de placards intégrés, assurant un rangement pratique au quotidien.

La cuisine spacieuse et bien agencée, est attenante à un séchoir qui ajoute un confort supplémentaire.

L’appartement dispose égale...",
300 000 TND,A VENDRE un appartement s1 à sidi mahrsi nabeul,"Sidi El Mahrsi, Nabeul","['52 m²', '2 Pièces', '1 Chambre', '1 Salle de bain']","['Jardin', 'Terrasse', 'Vue sur mer', 'Vue sur les montagnes', 'Chambre rangement', 'Meublé', 'Salon européen', 'Antenne parabolique', 'Climatisation', 'Chauffage central', 'Sécurité', 'Double vitrage', 'Porte blindée', 'Cuisine équipée', 'Réfrigérateur', 'Four', 'Machine à laver', 'Micro-ondes']","agence immobilière FIMILKI vous propose :
*un appartement s1 à sidi mahrsi nabeul zone touristique
*résidence en cours de construction
*appartement de haut standing
*à presque 300 mètres de la plage sidi mahrsi
*quartier calme et bonne accessibilité
*place de parking au sous-sol

*",
Prix à consulter,"S2 Neuf à cité wafa, Mrezga","Cité El Wafa, Nabeul","['125 m²', '3 Pièces', '2 Chambres', '2 Salles de bains']","['Terrasse', 'Ascenseur', 'Piscine', 'Façade extérieure', 'Climatisation', 'Chauffage central', 'Sécurité', 'Double vitrage', 'Porte blindée', 'Cuisine équipée', 'Four']","Découvrez ce spacieux S2 de 125.34 m², situé au sein d'une résidence estivale dans la nouvelle cité AFH MREZGUA, à proximité de la plage de la zone touristique. Ce projet séduisant est conçu pour vous offrir un cadre de vie agréable et relaxant, avec une piscine collective où vous pourrez vous détendre et profiter des journées ensoleillées.

À l’intérieur, l'appartement bénéficie d'un agencement optimisé, créant une atmosphère chaleureuse et co...",
5 200 000 TND,Villa pied dans l'eau aux deux oueds sidi mahrsi,"Les Deux Oueds, Nabeul","['150 m²', '4 Pièces', '3 Chambres', '2 Salles de bains']","['Jardin', 'Terrasse', 'Garage', 'Vue sur mer', 'Vue sur les montagnes', 'Concierge', 'Antenne parabolique', 'Climatisation', 'Sécurité', 'Double vitrage', 'Porte blindée', 'Réfrigérateur', 'Four', 'Machine à laver']","Agence immobilière FIMILKI vous propose la vente d'une villa :

*pied dans l'eau avec un front de façade large
*titre bleu
*bonne orientation sud 
*résidence gardée
* une plage propre 
*zone touristique à proximité des loisirs et services",https://www.mubawab-media.com/ad/8/133/204F/h/thumb_466664_property_xlarge_80180415.avif
1 700 000 TND,A vendre une villa a sidi mahrsi zone touristique,"Sidi El Mahrsi, Nabeul","['500 m²', '4 Pièces', '3 Chambres', '2 Salles de bains']","['Jardin', 'Terrasse', 'Garage', 'Vue sur mer', 'Vue sur les montagnes', 'Chambre rangement', 'Salon européen', 'Antenne parabolique', 'Climatisation', 'Sécurité', 'Double vitrage', 'Porte blindée', 'Cuisine équipée', 'Réfrigérateur', 'Four', 'Machine à laver', 'Micro-ondes']","agence immobilière ""FIMILKI"" vous propose la vente d'une villa à sidi-mahrsi -zone touristique nabeul :
*villa à rénover
* vue mer 
*à presque 300 mètres de la plage sidi-mahrsi
*double accès
*orientation sud et est",https://www.mubawab-media.com/ad/8/243/419F/h/thumb_1194976_property_large_81316585.avif
6 600 000 TND,A vendre villa pied dans l'eau à Deux oued Nabeul,"Les Deux Oueds, Nabeul","['450 m²', '6 Pièces', '4 Chambres', '5 Salles de bains']","['Jardin', 'Terrasse', 'Garage', 'Vue sur mer', 'Piscine', 'Concierge', 'Meublé', 'Entre-seul', 'Salon européen', 'Antenne parabolique', 'Climatisation', 'Chauffage central', 'Sécurité', 'Double vitrage', 'Porte blindée', 'Cuisine équipée', 'Réfrigérateur', 'Four', 'Machine à laver', 'Micro-ondes']","L’agence immobilière le boulevard vous propose :
     A #Vendre     #Référence : 480a 

Une villa S4 haut standing, avec piscine et pied dans l’eau à deux oued Nabeul.

Elle se compose un spacieux et lumineux salon donnant sur le jardin, salle à manger, 3 suites avec sa propre salle d’eau et dressing, une chambre d’invité, salle d’eau, une cuisine moderne et bien équipée, une belle piscine et un jardin donnant sur la mer.
•	Superficie de te...",https://www.mubawab-media.com/ad/8/304/375F/h/0_81977254.avif
220 000 TND,A vendre Maison arabe S2 à centre ville Nabeul,"Nabeul, Nabeul","['135 m²', '3 Pièces', '2 Chambres', '1 Salle de bain']","['Chambre rangement', 'Climatisation']","L’agence immobilière Le Boulevard vous propose :
  A #Vendre     #Référence : 1295a

Maison Arabe S2 située à centre-ville, Nabeul
Il se compose d’un salon, 2 chambres à coucher, salle d’eau, une cuisine et un patio
 

 Superficie : 135 m²
 Un puit 
 Climatiseur
 Possibilité de construire un autre étage (R1) 
 Près de toutes les commodités (magasin, banque, restaurant, faculté, transport)
 Titre foncier individuel

 Prix : 220.000 T...",https://www.mubawab-media.com/ad/8/233/974F/h/1_81220448.avif
475 000 TND,A vendre appartement S2 HS à AFH Mrezga hammamet,"Cité El Wafa, Nabeul","['105 m²', '3 Pièces', '2 Chambres', '2 Salles de bains']","['Jardin', 'Terrasse', 'Garage', 'Ascenseur', 'Vue sur mer', 'Piscine', 'Concierge', 'Chambre rangement', 'Façade extérieure', 'Salon européen', 'Antenne parabolique', 'Climatisation', 'Chauffage central', 'Sécurité', 'Double vitrage', 'Porte blindée', 'Cuisine équipée']","L’agence immobilière Le Boulevard vous propose :
      A #Vendre           #Référence : 1432a 

Un appartement S2 haut standing, dans une résidence bien sécurisée à AFH Mrezge, Cité El wafa, Nabeul.

Il se compose d’un salon lumineux avec terrasse, d’une cuisine indépendante bien équipée (plaque, hotte, etc.) avec séchoir, d’une salle d’eau pour les invités, d’une suite parentale avec dressing et d’une chambre à coucher avec dressing

•	Cl...",https://www.mubawab-media.com/ad/8/279/504F/h/thumb_1169131_property_large_81711010.avif
300 000 TND,A vendre étage de villa S2 à AFH Mrezga,"Cité El Wafa, Nabeul","['100 m²', '3 Pièces', '2 Chambres', '1 Salle de bain']","['Terrasse', 'Chambre rangement', 'Climatisation', 'Chauffage central', 'Cuisine équipée']","L’agence immobilière Le Boulevard vous propose :
    A #Vendre    #Référence : 1273a
étage de villa S2 Haut Standing Situé à AFH Mrezge, Cité El Wafa, Nabeul 
Il se compose d'un salon avec balcon, 2 chambres à coucher avec dressing, une cuisine bien équipée (plaque, hotte…) et salle d’eau. 

•	Superficie : 100m²
•	Chauffage central 
•	Climatiseur 
•	15 minutes de la plage à pied 
•	Proche de toutes les commodités (facultés, lycée, cliniq...",https://www.mubawab-media.com/ad/8/278/880F/h/thumb_1233138_property_large_81704318.avif
269 000 TND,A vendre Appartement S1 à AFH mrezga Cité El Wafa,"Cité El Wafa, Nabeul","['58 m²', '2 Pièces', '1 Chambre', '1 Salle de bain']","['Terrasse', 'Garage', 'Piscine', 'Chambre rangement', 'Climatisation', 'Chauffage central']","L’agence immobilière Le Boulevard vous propose :
      A #Vendre           #Référence : 1263a

Un appartement S1 haut standing au Rez de chaussée, dans une résidence au cours de construction AFH Mrezge, Cité El wafa, Nabeul.

Il se compose d’un salon avec balcon, d’une kitchenette bien équipée (plaque, hotte, etc.), une chambre à coucher avec dressing et salle d’eau.

 Chauffage central 
 Climatisation en split système
 Vidéo phone et co...",https://www.mubawab-media.com/ad/7/928/409F/h/436589506_1824768671381876_5291434030559288685_n_76291339.avif
428 000 TND,Appartement S2 à AFH Mrezga Cité El Wafa,"Cité El Wafa, Nabeul","['96 m²', '3 Pièces', '2 Chambres', '1 Salle de bain']","['Jardin', 'Terrasse', 'Garage', 'Piscine', 'Chambre rangement', 'Climatisation', 'Chauffage central', 'Cuisine équipée']","L’agence immobilière Le Boulevard vous propose :
      A #Vendre           #Référence : 1388a

Un appartement S2 haut standing avec jardin, dans une résidence au cours de construction AFH Mrezge, Cité El wafa, Nabeul.

Il se compose d’un salon avec une balcon, d’une cuisine bien équipée (plaque, hotte, etc.), une suite parentale avec salle d’eau dressing et terrasse balcon sur la piscine, une chambre à coucher avec dressing et salle d’eau.
...",https://www.mubawab-media.com/ad/8/154/256F/h/2e4920bb-0ced-4773-afbd-440a0bfa27f3_81439166.avif
690 000 TND,Vente Appartement Magic S4,"Nabeul, Nabeul","['219 m²', '5 Pièces', '4 Chambres', '3 Salles de bains']","['Terrasse', 'Garage', 'Vue sur mer', 'Meublé', 'Salon européen', 'Climatisation', 'Chauffage central', 'Sécurité', 'Cuisine équipée', 'Réfrigérateur', 'Four', 'Machine à laver', 'Micro-ondes']","Speranza immobilière Hammamet vous propose a la Vente Cet appartement située à Nabeul au 4éme étage proche de toutes les commoditées .L’entrée donne sur une salon lumineuse ,un Terrasse vue de mer ,un Sejour, une cuisine est bien équipée par plusieurs éléments de rangements, une chambre à coucher ,une salle d'eau pour les invitées, trois suites parentales . 3 places parking",https://www.mubawab-media.com/ad/8/079/240F/h/gallery_79646130.avif
350 000 TND,Appartement s2 à vendre afh2 mrezga,"Cité El Wafa, Nabeul","['91 m²', '3 Pièces', '2 Chambres', '1 Salle de bain']","['Terrasse', 'Garage', 'Ascenseur', 'Piscine', 'Concierge', 'Façade extérieure', 'Salon européen', 'Antenne parabolique', 'Climatisation', 'Chauffage central', 'Sécurité', 'Double vitrage', 'Porte blindée', 'Cuisine équipée', 'Réfrigérateur', 'Four', 'Machine à laver', 'Micro-ondes']","Cet appartement occupe le troisième étage situé dans une résidence avec double ascenseur
superficie : 91m²
*composition :
-une cuisine aménagée et équipée qui ouvre sur le salon complétée par 
-deux chambres à coucher avec dressing
-une salle de douche 
prix : 350.000DT y compris place parking en sous-sol.
un cellier est disponible à 20.000dt
pour plus de détails et d'informations merci de nous contacter : 25 920 905",https://www.mubawab-media.com/ad/7/890/800F/h/00_emplacement_71875630.avif
2 295 000 TND,Villa individuelle en vente,"Nabeul, Nabeul","['984 m²', '9 Pièces', '7 Chambres', '4 Salles de bains']","['Terrasse', 'Garage', 'Vue sur mer', 'Chambre rangement', 'Entre-seul', 'Climatisation', 'Sécurité']","Villa d'exception avec Vue Mer - 984m² Habitables avec une terrasse de 155m²Cette villa de charme, est équipée de matériaux nobles, avec des installations modernes dans toutes les pièces, y compris d'un système de sécurité et de climatisation. Chaque détail a été pensé pour offrir un cadre de vie d’exception dans un environnement exclusif.Située dans un quartier privilégié, cette villa moderne offre des prestations haut de gamme et une vue sur la...",https://www.mubawab-media.com/ad/8/310/450F/h/5d8f320a-ed3e-49e8-a437-d941e758b120_82039324.avif
Prix à consulter,Maison à vendre à Nabeul – AFH1,"Neapolis, Nabeul","['192 m²', '4 Chambres', '2 Salles de bains']","['Garage', 'Vue sur mer', 'Entre-seul', 'Antenne parabolique']","للبيع منزل مميز بنابل – AFH1
عقار ممتاز بموقع راقي وهادئ، يبعد فقط 7 دقائق مشيًا على الأقدام عن البحر
المساحة الجملية للأرض: 192م²
يتمتع بواجهتين
التقسيم:
الطابق الأرضي:
• منزل مستقل
• استوديو مستقل
• قاراج
• مأوى ثاني للسيارات 
الطابق الأول:
• منزل مستقل
الطابق الثاني:
• استوديو
️ شهادة ملكية فردية
️ مثالي للسكن العائلي أو للاستثمار (كراء سنوي أو صيفي)
الثمن المطلوب: 500 ألف دينار
 للاستفسار والمعاينة مرحبا بالجميع عبر واتساب",https://www.mubawab-media.com/ad/8/302/341F/h/IMG-20260102-WA0012%281%29_81956808.avif
430 000 TND,Maison inachevée à la Cité El Wafa AFH2 El Mrezga,"Cité El Wafa, Nabeul","['335 m²', '15 Pièces', '5 Chambres', '3 Salles de bains']",['Garage'],"À vendre à la cité el wafa (afh2) el mrezga, Nabeul:

Située dans la cité El Wafa (afh2), en pleine expansion, cette construction de maison inachevée de 335m2 couverts sur un terrain de 224m2 est proposée à la vente. Celle ci se compose de: 

- une villa style américain (en bas: salon, séjour, cuisine, douche. en haut: suite parentale, 2 chambres et salle de bain)
- un appartement au 2eme étage (cuisine, salon, 3 chambres et salle de bain)
- un s...",https://www.mubawab-media.com/ad/8/193/106F/h/IMG-20250720-WA0004_80797281.avif
200 000 TND,A vendre S2,"Nabeul, Nabeul","['52 m²', '3 Pièces', '2 Chambres', '1 Salle de bain']","['Terrasse', 'Salon européen', 'Climatisation', 'Chauffage central', 'Cuisine équipée']","Au premier étage d’une résidence bien entretenue, cet appartement S2 se distingue par sa disposition pratique et son confort.

Il comprend un salon accueillant.

Deux chambres à coucher dotées de placards intégrés.

Ainsi qu’une cuisine indépendante qui s’ouvre sur un séchoir fonctionnel.

La salle de douche, moderne et bien agencée, complète l’ensemble",https://www.mubawab-media.com/ad/8/304/377F/h/0_81977264.avif
600 000 TND,A vendre une villa dans la zone touristique,"Nabeul, Nabeul","['135 m²', '4 Pièces', '3 Chambres', '2 Salles de bains']","['Jardin', 'Terrasse', 'Garage', 'Vue sur les montagnes', 'Concierge', 'Chambre rangement', 'Salon européen', 'Antenne parabolique', 'Climatisation', 'Chauffage central', 'Sécurité', 'Double vitrage', 'Porte blindée', 'Cuisine équipée', 'Réfrigérateur', 'Four', 'Machine à laver', 'Micro-ondes']","agence immobilière ""FIMILKI"" vous propose la vente d'une villa dans la zone touristique mrezgua entre nabeul et hammamet :
*résidence gardée et en sécurité
*une maison avec jardin et parking en plein air
*à proximité des restaurants, faculté, cafés, grande surface .....
*titre bleu individuel",https://www.mubawab-media.com/ad/8/308/392F/h/W9sgyhgKaAWdLMNN-thumb_82017981.avif
280 000 TND,A vendre un appartement s1 à afh mrezgua nabeul,"Cité El Wafa, Nabeul","['60 m²', '2 Pièces', '1 Chambre', '1 Salle de bain']","['Terrasse', 'Garage', 'Ascenseur', 'Piscine', 'Concierge', 'Chambre rangement', 'Façade extérieure', 'Antenne parabolique', 'Climatisation', 'Chauffage central', 'Sécurité', 'Double vitrage', 'Porte blindée', 'Cuisine équipée', 'Réfrigérateur', 'Four']","AGENCE IMMOBILIERE FIMILKI vous propose la vente d'un appartement s1 à afh mrezqua -nabeul :
*résidence gardée et en sécurité
*bonne orientation et bon voisinage
*haut standing
*",https://www.mubawab-media.com/ad/8/308/384F/h/fZRkx562TX6hr1PK-thumb_82017901.avif
950 000 TND,A VENDRE un triplexe à afh nabeul mrezgua,"Cité El Wafa, Nabeul","['360 m²', '7 Pièces', '6 Chambres', '3 Salles de bains']","['Ascenseur', 'Vue sur les montagnes', 'Concierge', 'Salon européen', 'Cheminée']","AGENCE IMMOBILIERE FIMILKI vous propose la vente d' ne villa en triplexe :
*titre bleu individuel
*R2 avec ascenseur
*quartier calme et en sécurité
*bon emplacement",https://www.mubawab-media.com/ad/7/996/629F/h/321800934_731192811835115_7162934170114728774_n%20copie_78823357.avif
Prix à consulter,S2 rdc à Nabeul côté club Med,"Neapolis, Nabeul","['90 m²', '2 Chambres', '1 Salle de bain']","['Jardin', 'Terrasse', 'Ascenseur', 'Concierge', 'Chambre rangement', 'Façade extérieure', 'Climatisation', 'Chauffage central', 'Sécurité', 'Double vitrage', 'Porte blindée', 'Cuisine équipée']","L'affiche imo vous propose S2 rdc à Nabeul côté club Med à vendre à deux pas de la plage 
Le bien est d'un bon standing avec un petit jardin excellent investissement 
Papiers en règle veuillez nous contacter sur le 55990007 WhatsApp",https://www.mubawab-media.com/ad/8/242/969F/h/thumb_1194543_property_large_81311689.avif
319 000 TND,A vendre appartement S1 HS à AFH Mrezga hammamet,"Cité El Wafa, Nabeul","['68 m²', '2 Pièces', '1 Chambre', '1 Salle de bain']","['Jardin', 'Terrasse', 'Garage', 'Ascenseur', 'Vue sur mer', 'Piscine', 'Concierge', 'Chambre rangement', 'Façade extérieure', 'Salon européen', 'Antenne parabolique', 'Climatisation', 'Chauffage central', 'Sécurité', 'Double vitrage', 'Porte blindée', 'Cuisine équipée']","L’agence immobilière Le Boulevard vous propose :
      A #Vendre           #Référence : 1436a 

Un appartement S1 haut standing, dans une résidence bien sécurisée à AFH Mrezge, Cité El wafa, Nabeul.

Il se compose d’un salon spacieux et lumineux avec balcon, d’une cuisine bien équipée (plaque, hotte, etc.), d’une salle d’eau et d’une chambre à coucher avec dressing.

•	Climatisation en split système
•	Chauffage central 
•	Vidéo phone et...",https://www.mubawab-media.com/ad/8/248/001F/h/thumb_1200871_property_large_81364935.avif
340 000 TND,À vendre appartement S2 à Afh2,"Cité El Wafa, Nabeul","['94 m²', '3 Pièces', '2 Chambres', '1 Salle de bain']","['Terrasse', 'Garage', 'Ascenseur', 'Piscine', 'Concierge', 'Climatisation', 'Chauffage central', 'Sécurité', 'Cuisine équipée']","L’agence Century 21 Challenge vous propose à la vente un appartement S2 situé à la Cité El Wafa Mrezga, AFH 2. 
Ce bien se compose de : 
Un salon 
Une cuisine équipée, 
Deux chambres à coucher avec dressings, 
Une salle d’eau, 
Une terrasse avec une vue dégage 
Pour plus d’informations ou pour organiser une visite, veuillez nous contacter au 24 924 600 / 24 512 004 
e-mail à challenge@century21.tn",https://www.mubawab-media.com/ad/8/285/387F/h/e1d26835-5c87-4d70-9d68-b92ca5d69bd1_81774021.avif
410 000 TND,À vendre S2 Rdc à Cité El Wafa AFH 2,"Cité El Wafa, Nabeul","['100 m²', '3 Pièces', '2 Chambres', '2 Salles de bains']","['Terrasse', 'Garage', 'Ascenseur', 'Piscine', 'Concierge', 'Climatisation', 'Chauffage central', 'Sécurité', 'Cuisine équipée']","L’agence Century 21 Challenge vous propose à la vente un appartement S2 situé à AFH 2, Mrezga, . 
Ce bien se compose de : 
Un salon avec terrasse 
Une cuisine équipée 
Une suite parentale avec salle de douche et terrasse 
Une chambre à coucher avec dressing Une salle d’eau 
Pour plus d’informations ou pour organiser une visite, veuillez nous contacter au 24 924 600 / 24 512 004 
e-mail: challenge@century21.tn",https://www.mubawab-media.com/ad/8/306/524F/h/5RbYd6QbE6r9yiSL-thumb_81998799.avif
380 000 TND,Vente Appartement pied dans l'eau S1,"Nabeul, Nabeul","['70 m²', '2 Pièces', '1 Chambre', '1 Salle de bain']","['Terrasse', 'Garage', 'Vue sur mer', 'Concierge', 'Chambre rangement', 'Meublé', 'Salon européen', 'Climatisation', 'Chauffage central', 'Sécurité', 'Cuisine équipée', 'Réfrigérateur', 'Four', 'Machine à laver', 'Micro-ondes']",Speranza immobilière Hammamet vous propose à la vente cet appartement situé à Nabeul  en 3éme étage proche de toutes les commodités. L'entrée donne su un salon lumineux grâce à ses fenêtres qui possèdent un accès au terrasse vue mer. La cuisine est bien équipée par plusieurs éléments de rangement. Le compartiment nuit dispose une chambres à coucher avec leur propre dressing. Et une salle d'eau. Ainsi qu'un cellier et une place parking,https://www.mubawab-media.com/ad/8/306/448F/h/24_81997980.avif
340 000 TND,A vendre un appartement en S2,"Cité El Wafa, Nabeul","['116 m²', '2 Pièces', '2 Chambres', '1 Salle de bain']","['Garage', 'Climatisation', 'Chauffage central']","À vendre – Appartement S2 haut standing à Cité El Wafa – Mrezga, Hammamet.

D’une superficie de 114 m², cet appartement offre un cadre calme, moderne et résidentiel.

   Il se compose d’un salon lumineux, d’une cuisine indépendante équipée, de deux chambres avec dressings et d’une salle de bain commune.

   Atouts : chauffage central, climatisation pré-installée et place de parking.

Infos & visites :
   216 90 071 042 /  216 55 319 408...",https://www.mubawab-media.com/ad/8/184/180F/h/1%20copie_80704773.avif
780 000 TND,A vendre villa avec Piscine de 190m² à Nabeul,"Nabeul, Nabeul","['190 m²', '3 Pièces', '3 Chambres', '1 Salle de bain']","['Jardin', 'Terrasse', 'Garage', 'Piscine', 'Climatisation', 'Chauffage central']","À VENDRE – Élégante villa avec piscine à Nabeul.
Découvrez cette superbe villa alliant confort, modernité et charme méditerranéen. Dès l’entrée, un jardin soigneusement aménagé vous accueille, agrémenté d’une belle piscine idéale pour se détendre en toute intimité.

Rez-de-chaussée :
Un salon spacieux et lumineux, parfait pour vos moments en famille, ainsi qu’une cuisine indépendante bien équipée avec de nombreux rangements.

Étage :
La su...",https://www.mubawab-media.com/ad/8/184/259F/h/1%20copie_80705356.avif
185 000 TND,S2 A vendre,"Nabeul, Nabeul","['110 m²', '3 Pièces', '2 Chambres', '1 Salle de bain']","['Terrasse', 'Cuisine équipée']","Cet appartement S2 de 110 m² superficie  offre un cadre de vie agréable et fonctionnel.

Il dispose d’un salon lumineux et de deux chambres confortables.

ainsi qu’une cuisine indépendante parfaitement agencée.

La salle d’eau avec douche apporte praticité et modernité. Grâce à sa bonne orientation et son emplacement calme",https://www.mubawab-media.com/ad/8/267/369F/h/20251126_095557-01_81581168.avif
535 000 TND,À vendre S3 Cité El Wafa AFH2 Nabeul,"Cité El Wafa, Nabeul","['144 m²', '4 Pièces', '3 Chambres', '2 Salles de bains']","['Terrasse', 'Garage', 'Ascenseur', 'Vue sur mer', 'Piscine', 'Concierge', 'Climatisation', 'Chauffage central', 'Sécurité', 'Cuisine équipée']","L’agence immobilière Century 21 Challenge vous propose pour la vente un appartement S2 situé dans une très belle résidence à Cité El Wafa AFH2 Nabeul. 
Typologie : S3 Superficie : 144m² y compris les espaces communs. 
L'appartement se compose de : 
– Un salon avec balcon doté d'une vue mer, 
une cuisine indépendante parfaitement équipée ouvrant sur un séchoir.
– Une suite parentale avec balcon et une vue sur la piscine de la résidence 
-deu...",https://www.mubawab-media.com/ad/8/166/808F/h/thumb_1115197_property_large_80527719.avif
Prix à consulter,S2 a Mrezga en face clinique le violettes,"Les Deux Oueds, Nabeul","['131 m²', '6 Pièces', '2 Chambres', '1 Salle de bain']","['Terrasse', 'Garage', 'Ascenseur', 'Vue sur les montagnes', 'Concierge', 'Chambre rangement', 'Meublé', 'Façade extérieure', 'Antenne parabolique', 'Climatisation', 'Chauffage central', 'Sécurité', 'Double vitrage', 'Porte blindée']","Un très joli appartement S2 à 500 mètres de la plage sans meuble.
Avec chauffage central, climatisation, ascenseur, concierge caméra de surveillance, cellier et parking sous sol.
Il est proche de tte commodité pharmacie, magasin, restaurant..ect",
400 000 TND,Vente appartement s1 quelques minutes a la mer,"Sidi El Mahrsi, Nabeul","['97 m²', '2 Pièces', '1 Chambre', '1 Salle de bain']","['Terrasse', 'Garage', 'Ascenseur', 'Vue sur mer', 'Concierge', 'Meublé', 'Cuisine équipée', 'Réfrigérateur', 'Four', 'Machine à laver', 'Micro-ondes']","Notre agence vous propose  À Vendre – Charmant Appartement S1 à Nabeul, à Deux Pas de la Mer 
Opportunité à ne pas manquer ! Situé à quelques mètres de la plage, cet appartement de 97 m² offre confort, tranquillité et emplacement idéal à Nabeul.
 Détails de l’appartement :
•	Superficie : 97 m²
•	Salon lumineux
•       chambre spacieuse  
•	Cuisine moderne
•	Salle de bain équipée
•	Balcon agréable
•	Place de parking incluse
•	Idéal comme...",
570 000 TND,À vendre Duplex avec vue sur mer AFH 2,"Cité El Wafa, Nabeul","['135 m²', '3 Pièces', '2 Chambres', '2 Salles de bains']","['Terrasse', 'Garage', 'Vue sur mer', 'Concierge', 'Chambre rangement', 'Climatisation', 'Chauffage central', 'Sécurité', 'Double vitrage', 'Porte blindée', 'Cuisine équipée']","Profitez de cette belle opportunité dans une résidence de standing à Nabeul  AFH2 , offrant une vue imprenable sur la mer. Ce duplex spacieux de 135 m² est composé d'un lumineux salon, d'une cuisine moderne équipée, de deux chambres confortables et d'une magnifique terrasse de 80 m², parfaite pour admirer le coucher du soleil. Vous bénéficiez également d'une place de parking privée et d'un cellier pour un rangement supplémentaire.
Caractéristiqu...",
2 400 000 TND,Villa a vendre,"Sidi El Mahrsi, Nabeul","['1000 m²', '7 Pièces', '8 Chambres', '6 Salles de bains']","['Jardin', 'Terrasse', 'Vue sur mer', 'Chambre rangement', 'Cuisine équipée', 'Réfrigérateur', 'Four']","Notre agence vous propose une villa a vendre A SIDI MEHRSI,sr un terrain de 557m² aveec titre foncier construite sur 4 etage environ 1000m².
Le rez de jardin comprendre une grande villa de 325m² avc un sous sol
Aux etages 2 appartements 1 studio chacun avec une entree independante ideal pour un investisement ou habitation familiale.
pour plus d'information ou pour planifier une visite contactez nous des maintenant.
Pour plus dinformations ou...",
605 000 TND,A vendre une Villa en S3 à cité Wafa Mrezga Hamma,"Cité El Wafa, Nabeul","['207 m²', '3 Pièces', '3 Chambres', '1 Salle de bain']","['Jardin', 'Terrasse', 'Garage', 'Vue sur mer', 'Vue sur les montagnes', 'Piscine', 'Concierge', 'Chambre rangement', 'Meublé', 'Salon européen', 'Antenne parabolique', 'Climatisation', 'Chauffage central', 'Sécurité', 'Double vitrage', 'Porte blindée', 'Cuisine équipée', 'Réfrigérateur', 'Four', 'Machine à laver', 'Micro-ondes']","Notre agence propose à la vente une belle villa S3 située à AFH2 Mrezga, comprenant une suite parentale.
lle est bâtie sur un terrain de 207 m² avec une surface couverte de 120 m².
Possibilité d’ajouter deux étages.
Titre foncier disponible.
Pour plus d’informations veuillez contacter :
216 90 071 042 / 216 55 319 408
sananemerimmobilier@gmail.com",
