PRICE,TITLE,LOCATION,DETAILS,FEATURES,DESCRIPTIONS,IMAGE
Prix à consulter,Appartement Témoin Résidence Le César 2,"Sahloul, Sousse Ville","['2 Pièces', '2 Chambres', '2 Salles de bains']","['Jardin', 'Terrasse', 'Garage', 'Ascenseur', 'Piscine', 'Concierge', 'Façade extérieure', 'Climatisation', 'Chauffage central', 'Sécurité', 'Double vitrage', 'Porte blindée', 'Cuisine équipée', 'Réfrigérateur', 'Four', 'Micro-ondes']","Explorez notre Appartement Témoin du Le César 2, où luxe et personnalisation se rencontrent. Chaque espace est conçu pour offrir confort et élégance, avec des matériaux de haute qualité et une attention particulière portée aux détails. Un lieu unique où vous pouvez visualiser l'appartement de vos rêves, parfaitement adapté à vos besoins et désirs",
220 000 TND,Vente Appartement S2 sur Plan – Chatt Mariem,"Chatt Meriem, Sousse Ville","['84 m²', '3 Pièces', '2 Chambres', '1 Salle de bain']","['Terrasse', 'Ascenseur', 'Concierge', 'Antenne parabolique', 'Climatisation', 'Chauffage central', 'Sécurité', 'Double vitrage', 'Porte blindée']","Vente Appartement S2 sur Plan – Chatt Mariem

L'Agence Immobilière Ezzayatine propose à la vente, en direct promoteur, un appartement de type S2 situé au 3ème étage d'une résidence à Chatt Mariem.

Détails du bien :

Superficie totale vendable : 83,91 m²

Composition : Salon avec terrasse, kitchenette, deux chambres à coucher, hall et salle d'eau.

Atouts :

Emplacement stratégique au cœur de Chatt Mariem.

Proximité immédiate de to...",
376 761 TND,A Vendre Appartement Direct Promoteur,Sousse Ville,"['105 m²', '3 Pièces', '2 Chambres', '1 Salle de bain']","['Terrasse', 'Ascenseur', 'Concierge', 'Antenne parabolique', 'Climatisation', 'Chauffage central', 'Sécurité', 'Double vitrage', 'Porte blindée', 'Cuisine équipée']","Superbe appartement S2 jamais habité, direct promoteur, situé dans un quartier résidentiel calme et prisé. Ce bien de très haut standing séduit par son design moderne et ses matériaux haut de gamme (revêtements, menuiserie, cuisine équipée). Espaces lumineux, agencement optimisé et prestations de qualité garantissent confort et élégance. Résidence sécurisée avec des caméra de surveillance et concierge jour et nuit . Opportunité à ne pas manquer p...",https://www.mubawab-media.com/ad/8/272/956F/h/c226e9ce-8505-4ce2-b6ca-689efd529153_81639838.avif
441 000 TND,À vendre appartement S3 jamais habité,Sousse Ville,"['147 m²', '4 Pièces', '3 Chambres', '2 Salles de bains']","['Terrasse', 'Ascenseur', 'Concierge', 'Climatisation', 'Chauffage central', 'Sécurité', 'Double vitrage', 'Porte blindée', 'Cuisine équipée']","À vendre appartement S3 jamais habité

Direct promoteur
Résidence récente et bien située
Salon spacieux et lumineux
3 chambres à coucher
Cuisine moderne
Salle de bain  salle d’eau
Finitions de qualité
Quartier calme et sécurisé
Proche de toutes les commodités
Possibilité de facilité de paiement",https://www.mubawab-media.com/ad/8/327/738F/h/4f688c09-0ac3-4bb1-a68e-119d5ea073ec_82224014.avif
240 000 TND,A Vendre S2 5min de la mer,Sousse Ville,"['125 m²', '3 Pièces', '2 Chambres', '1 Salle de bain']","['Terrasse', 'Garage', 'Concierge', 'Climatisation', 'Chauffage central', 'Sécurité', 'Double vitrage', 'Porte blindée', 'Cuisine équipée']","Appartement S2 à vendre situé au 4ᵉ étage sans ascenseur, idéal pour un couple ou une petite famille. Il se compose d’un salon lumineux, de deux chambres confortables, d’une cuisine entièrement équipée ainsi que d’une salle de bain moderne avec douche à l’italienne.
L’appartement bénéficie d’un emplacement stratégique, à seulement 5 minutes de la mer et de la zone touristique, offrant un cadre de vie agréable proche de toutes les commodités (com...",https://www.mubawab-media.com/ad/8/328/071F/h/5bbe9595-a1ce-48be-9304-31bf05391baf_82227490.avif
385 000 TND,A Vendre Appartement s2 avec Meuble,Sousse Ville,"['135 m²', '3 Pièces', '2 Chambres', '2 Salles de bains']","['Terrasse', 'Garage', 'Ascenseur', 'Concierge', 'Meublé', 'Façade extérieure', 'Salon européen', 'Antenne parabolique', 'Climatisation', 'Chauffage central', 'Sécurité', 'Double vitrage', 'Porte blindée', 'Cuisine équipée', 'Réfrigérateur', 'Four', 'Machine à laver', 'Micro-ondes']","Appartement S2 à vendre, situé au 2ᵉ étage avec ascenseur dans une résidence récente, sécurisée et bien entretenue.
Ce bien de haut standing se distingue par ses finitions modernes et ses équipements de qualité. Il se compose d’un salon spacieux et lumineux donnant accès à une agréable terrasse avec une vue dégagée, idéale pour profiter de moments de détente.
La partie nuit comprend deux chambres, dont une suite parentale avec salle d’eau priva...",https://www.mubawab-media.com/ad/8/247/790F/h/WhatsApp%20Image%202025-11-06%20at%209.06.48%20AM_81363314.avif
225 000 TND,À Vendre: Appartement S1 avec facilité de paiement,"Sousse Corniche, Sousse Ville","['80 m²', '2 Pièces', '1 Chambre', '1 Salle de bain']","['Ascenseur', 'Climatisation', 'Chauffage central', 'Sécurité', 'Cuisine équipée', 'Four']","À vendre, un bel appartement S1 situé au 1er étage d’une résidence calme et sécurisée à Panorama, équipée d’un ascenseur et proche de la mer. Ce bien se compose d’un salon spacieux et lumineux avec une cuisine ouverte, d’une chambre confortable équipée du chauffage central et d’un climatiseur, ainsi que d’une salle de bain moderne. Grâce à son emplacement idéal à proximité des commerces, des transports et de la plage, cet appartement représente u...",https://www.mubawab-media.com/ad/8/264/952F/h/59ef1fd8-d1b0-45db-975b-69eed2648294_81551896.avif
245 000 TND,A Vndre S2 A 5 min de la Mer avec meuble,"Sousse Medina, Sousse Ville","['130 m²', '3 Pièces', '2 Chambres', '1 Salle de bain']","['Terrasse', 'Garage', 'Ascenseur', 'Concierge', 'Climatisation', 'Chauffage central', 'Sécurité', 'Double vitrage', 'Porte blindée', 'Cuisine équipée']","Cet appartement, situé au 7 étage, bénéficie d’une excellente luminosité. Sa superficie de 130 m² est harmonieusement répartie entre un séjour spacieux, deux chambres confortables, une cuisine fonctionnelle et une salle de bain. L’emplacement privilégié, à proximité immédiate de la plage et des commodités essentielles, confère à ce bien un atout majeur tant pour une résidence principale que pour un investissement immobilier sûr et rentable",https://www.mubawab-media.com/ad/8/246/499F/h/thumb_1198664_property_xlarge_81350122.avif
275 000 TND,"À Vendre – Appartement S2 à Chott Mariem, Sousse","Chatt Meriem, Sousse Ville","['100 m²', '4 Pièces', '3 Chambres', '2 Salles de bains']","['Terrasse', 'Garage', 'Vue sur mer', 'Concierge', 'Climatisation', 'Chauffage central', 'Double vitrage', 'Porte blindée', 'Cuisine équipée']","AR Immo vous propose un bel appartement S2 idéalement situé à Chott Mariem, à seulement 100 mètres de la plage.

Superficie : 100 m²
Emplacement : Zone calme et recherchée, proche de la mer

L’appartement se compose de :

Un salon lumineux

Une cuisine équipée

Deux chambres spacieuses

Une salle de bain

Une salle d’eau

Un séchoir

Prix : 275 000 DT

Un bien idéal pour une résidence principale ou un investissement locatif...",https://www.mubawab-media.com/ad/7/989/060F/h/Copie%20de%20Copie%20de%20Visuel%20Agences%20Sousse%20Corniche%20%2877%29_81800384.avif
415 000 TND,À vendre – Appartement S3 à Panorama,"Sousse Corniche, Sousse Ville","['112 m²', '2 Pièces', '3 Chambres', '2 Salles de bains']","['Terrasse', 'Ascenseur', 'Concierge', 'Antenne parabolique', 'Climatisation', 'Chauffage central', 'Sécurité', 'Double vitrage', 'Porte blindée', 'Cuisine équipée', 'Réfrigérateur', 'Four', 'Micro-ondes']","Ce spacieux appartement S3 est situé sur l'Avenue Taieb Mhiri au sein d'une résidence sécurisée avec ascenseur, offre un cadre idéal pour une vie confortable.À l'entrée, on trouve un salon spacieux et lumineux agrémenté d'un balcon qui permet de profiter de l'extérieur.Cet appartement est composé d'une cuisine bien équipée qui s'ouvre sur une vaste terrasse idéale pour les repas en plein air ou les moments de détente.Une salle d'eau pour les invi...",https://www.mubawab-media.com/ad/8/294/501F/h/Gemini_Generated_Image_21wl0y21wl0y21wl_82174031.avif
710 000 TND,R3 inachevée en vente,"Bouhssina, Sousse Ville","['510 m²', '3 Pièces', '3 Chambres', '1 Salle de bain']","['Piscine', 'Sécurité']","Villa R3 inachevée à Boukhzar – Quartier calme, proche de clinique La Concorde.Elle bénéfice d'une excellente exposition Sud pour un ensoleillement optimal toute la journée.Premier niveau : Villa de style américain composée d'une suite parental et de deux chambre.Étages supérieurs : deux appartements S2 indépendants, parfaits pour famille ou location.Un abri pour voiture est disponible",https://www.mubawab-media.com/ad/8/267/467F/h/gallery_81582204.avif
343 000 TND,S2 Direct promoteur,"Bouhssina, Sousse Ville","['127 m²', '3 Pièces', '2 Chambres', '2 Salles de bains']","['Jardin', 'Terrasse', 'Garage', 'Antenne parabolique']","Des appartements S2 dans une résidence R2 haut standing avec piscine privative, situé dans un projet direct promoteur, à quelques pas de l’école française Philippe Seguin.La résidence sécurisée bénéficie d’un emplacement privilégié, à proximité immédiate des commodités.À partir de 343 000 DT, ces appartements constituent une opportunité  idéale pour un investissement ou pour une résidence principale",https://www.mubawab-media.com/ad/8/248/219F/h/gallery_81366394.avif
1 380 000 TND,Immeuble comprend 27 appartements,"Bouhssina, Sousse Ville","['1050 m²', '27 Pièces', '2 Chambres', '1 Salle de bain']","['Ascenseur', 'Chauffage central', 'Cuisine équipée']","Immeuble est situé dans une zone à forte demande locative, à proximité de sept (7) facultés.Il comprend 27 appartements : onze (11) studios (S0), dix (10) S1 et six (6) S2, répartis sur un réez de chaussées et trois étages.cet immeuble offre un rendement locatif de 10 670 DT par mois, attirant ainsi une clientèle étudiante et professionnelle",https://www.mubawab-media.com/ad/8/247/986F/h/22_81424254.avif
230 000 TND,À VENDRE Maison Indépendante S3 à Hay Riadh,"Sousse Riadh, Sousse Ville","['420 m²', '4 Pièces', '3 Chambres', '2 Salles de bains']","['Terrasse', 'Ascenseur', 'Vue sur mer', 'Climatisation', 'Chauffage central']","À VENDRE – Maison indépendante à Hay Riadh, superficie 420 m².
Le rez-de-chaussée est composé d’un S3 (salon  3 chambres, cuisine, salle de bain) avec jardin et garage.
La maison dispose aussi d’un studio séparé (S0) avec entrée indépendante, idéal pour location ou espace privé.
Le 1er étage est en travaux, avec la dalle à finaliser, offrant la possibilité de construire un étage supplémentaire selon vos besoins.
Quartier calme, proche de tout...",https://www.mubawab-media.com/ad/8/329/174F/h/thumb_1307087_property_large_82239641.avif
280 000 TND,Bel Appartement S2 au plein cœur du Sousse cornic,"Sousse Corniche, Sousse Ville","['94 m²', '2 Pièces', '2 Chambres', '1 Salle de bain']",['Terrasse'],"Appartement Neuf  S2 , Haut Standing à Vendre
– première main
Investissement parfait pour habitation ou location haut de gamme.
Caractéristiques :
Finitions de qualité
Cuisine équipée moderne
Chauffage centrale
2ème étage avec Ascenseur
Titre individuel
Prix : 280.000 TND
TLF : 52 502 988 / 55 153 800 / 55 444 010
WhatsApp: 52 502 988 /55 153 800 / 55 444 010",https://www.mubawab-media.com/ad/8/148/387F/h/thumb_61271_property_xlarge_80331629.avif
450 000 TND,Appartement s3 vue de mer à vendre sousse,Sousse Ville,"['120 m²', '4 Pièces', '3 Chambres', '1 Salle de bain']","['Jardin', 'Terrasse', 'Garage', 'Ascenseur', 'Vue sur mer', 'Piscine', 'Concierge', 'Meublé', 'Façade extérieure', 'Antenne parabolique', 'Climatisation', 'Chauffage central', 'Sécurité', 'Double vitrage', 'Porte blindée', 'Cuisine équipée']","À Vendre - Superbe Appartement S3 avec Vue Imprenable sur la Mer à Sousse
 Découvrez ce magnifique appartement S3 idéalement situé à Sousse,

 offrant une vue panoramique à couper le souffle sur la mer depuis presque toutes les pièces ! 

**Caractéristiques principales : 

-Superficie : 120 m² 
-3 chambres à coucher, chacune équipée d’un dressing et bénéficiant d’une vue sur mer
- Salon spacieux avec accès à une terrasse privée vue mer
...",https://www.mubawab-media.com/ad/8/269/044F/h/gallery_81598542.avif
785 000 TND,Immeuble de 7 appartements avec un étage inachevé,"Bouhssina, Sousse Ville","['439 m²', '7 Pièces', '7 Chambres', '7 Salles de bains']","['Terrasse', 'Ascenseur', 'Concierge', 'Antenne parabolique', 'Climatisation', 'Chauffage central', 'Sécurité', 'Double vitrage', 'Porte blindée']","Immeuble est situé dans une zone à forte demande locative, à proximité de sept (7) facultés .

Il comprend 7 appartements : deux (2) S3, S2, quatre (4) S1 , répartis sur un réez de chaussées et deux étages. Il dispose également d’un étage inachevé.

cet immeuble offre un rendement locatif de 4000 DT par mois, attirant ainsi une clientèle étudiante et professionnelle",https://www.mubawab-media.com/ad/8/273/708F/h/gallery_81648076.avif
67 000 TND,S2 en vente,"Bouhssina, Sousse Ville","['70 m²', '3 Pièces', '2 Chambres', '1 Salle de bain']","['Jardin', 'Terrasse', 'Garage', 'Ascenseur', 'Vue sur mer', 'Vue sur les montagnes', 'Piscine', 'Concierge', 'Salon européen', 'Antenne parabolique', 'Climatisation', 'Chauffage central', 'Sécurité', 'Double vitrage', 'Porte blindée', 'Cuisine équipée']","Appartement à la Cité Olympique Bouhssina, situé dans les immeubles de la SNIT, doté d’un titre individuel et proche de toutes commodités (bureau de poste, transports, etc.).L’appartement situé au 3 ème étage, se compose d’un salon lumineux grâce à son balcon, d’une cuisine rénovée, d’une salle de bain rénovée et de deux chambres",https://www.mubawab-media.com/ad/8/309/466F/h/628999308_1208326308127081_60088432074002849_n%20%281%29_82029420.avif
598 000 TND,À VENDRE Appartement S2 Haut Standing,"Chatt Meriem, Sousse Ville","['100 m²', '3 Pièces', '2 Chambres', '1 Salle de bain']","['Terrasse', 'Garage', 'Ascenseur', 'Vue sur mer', 'Concierge', 'Chambre rangement', 'Façade extérieure', 'Climatisation', 'Chauffage central', 'Sécurité', 'Double vitrage', 'Porte blindée', 'Cuisine équipée', 'Réfrigérateur', 'Four', 'Machine à laver', 'Micro-ondes']","À VENDRE – Appartement S2 Haut Standing Pieds dans l’Eau avec Parking Sous-Sol
Chatt Mariem

L’Agence Immobilière Ezzayatine vous propose un superbe appartement S2 situé au 4ème étage d’une résidence sécurisée avec piscine et accès direct à la plage, offrant un cadre de vie exceptionnel en bord de mer.

Composition :

Un salon lumineux

Une cuisine totalement équipée

Une salle de bain

Deux chambres à coucher dont une suite parental...",https://www.mubawab-media.com/ad/8/254/102F/h/WhatsApp%20Image%202025-11-17%20at%2003.09.19%282%29_81427716.avif
290 000 TND,À VENDRE Appartement S3 Haut Standing à hay tamir,"Sousse Medina, Sousse Ville","['100 m²', '4 Pièces', '3 Chambres', '1 Salle de bain']","['Jardin', 'Terrasse', 'Garage', 'Ascenseur', 'Piscine', 'Chambre rangement', 'Meublé', 'Façade extérieure', 'Antenne parabolique', 'Climatisation', 'Chauffage central', 'Sécurité', 'Double vitrage', 'Porte blindée', 'Cuisine équipée']","À VENDRE – Appartement S3 Haut Standing à Hay Taamir, Sousse

À vendre un appartement S3 haut standing situé à Hay Taamir, Sousse, dans une résidence moderne, calme et très bien entretenue.
Situé au 6ᵉ étage avec ascenseur, il offre une belle luminosité et un très bon confort.

Caractéristiques :

Surface : 100 m²

Chauffage central

Climatiseur

Résidence propre et sécurisée

Ascenseur

Quartier agréable et proche de toutes comm...",https://www.mubawab-media.com/ad/8/331/740F/h/668553069_122179860674786503_1240163023607649401_n_82265782.avif
Prix à consulter,Appartement Haut Standing Chatt Mariem,"Sousse Ville, Sousse Ville","['88 m²', '3 Pièces', '2 Chambres', '1 Salle de bain']","['Terrasse', 'Garage', 'Ascenseur', 'Vue sur mer', 'Piscine', 'Concierge', 'Façade extérieure', 'Antenne parabolique', 'Climatisation', 'Chauffage central', 'Sécurité', 'Double vitrage']","Appartement Haut Standing - Chatt Mariem

A vendre, un appartement de type S2 situé dans une résidence de prestige, sécurisée et avec piscine, à Chatt Mariem, Sousse.

Description du bien :

Emplacement : Pieds dans l'eau.

Vue : Le salon ainsi que la chambre à coucher offrent une vue frontale et directe sur la mer.

Composition : Un salon spacieux, deux chambres à coucher, une cuisine équipée et une salle de bain.

Équipements : Plac...",https://www.mubawab-media.com/ad/8/312/799F/h/Votre%20texte%20de%20paragraphe%20%285%29_82067288.avif
415 000 TND,À Vendre Superbe Appartement S2 chatt mariem,"Chatt Meriem, Sousse Ville","['140 m²', '3 Pièces', '2 Chambres', '1 Salle de bain']","['Garage', 'Ascenseur', 'Vue sur mer', 'Salon européen', 'Climatisation', 'Chauffage central', 'Sécurité', 'Cuisine équipée']","À Vendre – Superbe Appartement S2 de 140 m² à Chatt Mariem

Découvrez ce spacieux appartement S2 situé au 3ᵉ et dernier étage d’une petite résidence coquette et bien entretenue, offrant un cadre de vie agréable et paisible.

• Vue dégagée sur la mer
• Appartement lumineux et bien aéré
• Espaces généreux et confortables
• Résidence calme et agréable

Un bien idéal pour une résidence principale ou secondaire, alliant tranquillité et proxim...",https://www.mubawab-media.com/ad/8/309/968F/h/613717013_1178105191149193_4214001544139809786_n_82034464.avif
420 000 TND,À vendre – Triplex à Chatt Mariem,"Chatt Meriem, Sousse Ville","['120 m²', '6 Pièces', '3 Chambres', '3 Salles de bains']","['Terrasse', 'Garage', 'Ascenseur', 'Vue sur mer', 'Concierge', 'Antenne parabolique', 'Climatisation', 'Chauffage central', 'Sécurité', 'Double vitrage', 'Porte blindée']","À vendre – Triplex à la Résidence

Superficie : 120 m²
À 400 m de la plage

Résidence avec piscine, sécurisée, parking inclus.

Le bien se compose d’un salon, d’une cuisine équipée, de 3 chambres et de 3 salles de bains. Confort et sécurité garantis.

Prix : 420 000 DT

Visites et informations : sur rendez-vous uniquement
Contact : 55 050 501 / 55 050 502
Agence Immobilière Ezzayatine – Mnchiya",https://www.mubawab-media.com/ad/8/324/787F/h/635081857_1206337464992632_7550153941017879354_n%20%281%29_82192909.avif
360 000 TND,À vendre: appartement s2 pieds dans l'eau,"Chatt Meriem, Sousse Ville","['90 m²', '3 Pièces', '2 Chambres', '1 Salle de bain']","['Jardin', 'Terrasse', 'Garage', 'Ascenseur', 'Vue sur mer', 'Piscine', 'Concierge', 'Antenne parabolique', 'Climatisation', 'Chauffage central', 'Sécurité', 'Double vitrage', 'Porte blindée']","À VENDRE : APPARTEMENT S2 PIEDS DANS L'EAU - CHATT MARIEM

L'Agence Immobilière Ezzayatine vous propose un appartement S2 d'exception bénéficiant d'une vue imprenable sur la mer. Ce bien est situé dans une résidence sécurisée offrant un cadre de vie privilégié.

Caractéristiques du bien :

Type : S2 (Salon  2 chambres)

Stationnement : Place de parking en sous-sol incluse

Loisirs : Accès direct à la plage et piscine privée

État : Ap...",https://www.mubawab-media.com/ad/8/227/673F/h/thumb_62680_property_big_81152283.avif
Prix à consulter,À Louer – Bel Appartement S2 avec Vue Mer,"Sousse Ville, Sousse Ville","['167 m²', '2 Pièces', '3 Chambres', '2 Salles de bains']","['Terrasse', 'Garage', 'Ascenseur', 'Concierge', 'Façade extérieure', 'Climatisation', 'Chauffage central', 'Sécurité', 'Double vitrage', 'Cuisine équipée', 'Four']","À Louer – Bel Appartement S2 avec Vue Mer &amp; Parking Sous-sol . 
Emplacement : 2ᵉ étage . Loyer : 2100 DT / mois .
 Place de parking : incluse au sous-sol 
Découvrez ce charmant appartement S2, lumineux et bien agencé, situé au 2ᵉ étage d’une résidence calme et sécurisée, avec une magnifique vue sur la mer. . Composition : Spacieux salon avec vue dégagée 2 chambres confortables Cuisine équipée Salle de bain  toilettes séparées Place de parking...",https://www.mubawab-media.com/ad/8/247/859F/h/7_81363917.avif
450 000 TND,"A VENDRE — S2 Haut Standing, Terrasses et Plage","Chatt Meriem, Sousse Ville","['162 m²', '3 Pièces', '2 Chambres', '2 Salles de bains']","['Terrasse', 'Ascenseur', 'Vue sur mer', 'Piscine', 'Concierge', 'Façade extérieure', 'Antenne parabolique', 'Cheminée', 'Climatisation', 'Chauffage central', 'Sécurité', 'Porte blindée', 'Cuisine équipée', 'Réfrigérateur', 'Four', 'Machine à laver', 'Micro-ondes']","A VENDRE — Appartement S2 d’une superficie d’environ 250 m², situé au 7ème étage d’une résidence sécurisée à Chott Mériem, proche de la plage et de toutes commodités.

Caractéristiques :

Superficie : 250 m²

Agencement : Salon  2 chambres

Grande terrasse avec vue dégagée

Ascenseur fonctionnel

Climatisation et chauffage central

Résidence sécurisée, bon voisinage

Titre foncier individuel vérifié

Prix : Sur demande
Visites...",https://www.mubawab-media.com/ad/8/329/606F/h/Design%20sans%20titre%20%2843%29_82244199.avif
290 000 TND,Opportunité s2  parking prix imbattable,"Chatt Meriem, Sousse Ville","['70 m²', '3 Pièces', '2 Chambres', '1 Salle de bain']","['Terrasse', 'Ascenseur', 'Concierge', 'Salon européen', 'Climatisation', 'Chauffage central', 'Sécurité', 'Double vitrage', 'Porte blindée']","PRIX TRÈS INTÉRESSANT – CHATT MARIEM

Opportunité à saisir : Bel appartement S2 de haut standing d'une superficie de 70 m², disponible immédiatement.

Atouts principaux :

Titre Bleu Individuel (Situation juridique garantie)

Place de parking au sous-sol incluse

Emplacement calme et stratégique

Prix très compétitif sur le marché actuel

Infos &amp; Visites :
Téléphone : 55 050 501 / 55 050 502
Agence Immobilière Ezzayatine",https://www.mubawab-media.com/ad/8/331/396F/h/IMG_2958_82262239.avif
610 000 TND,S4 Haut Standing Khezema Zone Touristique,"Sousse Ville, Sousse Ville","['161 m²', '5 Pièces', '4 Chambres', '2 Salles de bains']","['Garage', 'Vue sur mer', 'Piscine', 'Climatisation', 'Chauffage central', 'Sécurité', 'Cuisine équipée', 'Four']","À vendre S4 dans nouvelle construction de haut standing, à proximité de la zone touristique .
Rue de Beyrout, face à l’hôtel Jaz Tour Khalef – emplacement stratégique, proche du commissariat et de toutes commodités.

⸻

Situé au 2ᵉ étage d’un immeuble moderne de deux étages avec ascenseur.

Caractéristiques du bien :
• Grande cuisine entièrement meublée – meubles haut de gamme Delta Cuisine
• Spacieuse suite parentale avec dressing et salle de ba...",https://www.mubawab-media.com/ad/8/312/814F/h/Votre%20texte%20de%20paragraphe%20%289%29_82067455.avif
320 000 TND,À Vendre – Appartement S2 à Chatt Mariem,"Chatt Meriem, Sousse Ville","['88 m²', '3 Pièces', '2 Chambres', '1 Salle de bain']","['Ascenseur', 'Chauffage central']","À Vendre – Appartement S2 à Chatt Mariem

À vendre appartement S2 situé à Chatt Mariem dans une résidence avec piscine, à seulement 1 minute de la plage et à proximité de toutes les commodités.

• Étage : 1er étage
• Superficie : 90 m²
• Résidence avec piscine
• Accès très proche de la plage
• Quartier calme et pratique

Appartement idéal pour habitation ou investissement locatif dans une zone touristique recherchée.

• Titre bleu dis...",https://www.mubawab-media.com/ad/8/324/734F/h/Sans%20titre%20%28Publication%20Facebook%29%20%283%29_82191480.avif
455 000 TND,Vente Appartement Haut Standing,"Sousse Ville, Sousse Ville","['115 m²', '3 Pièces', '2 Chambres', '1 Salle de bain']","['Terrasse', 'Ascenseur', 'Concierge', 'Salon européen', 'Antenne parabolique', 'Climatisation', 'Chauffage central', 'Sécurité', 'Double vitrage', 'Porte blindée', 'Cuisine équipée']","OPPORTUNITÉ UNIQUE : CORNICHE SOUSSE

Le confort entre ville et plage

Offrez-vous le privilège d'un appartement neuf idéalement situé au cœur de la Corniche de Sousse. Un emplacement stratégique, parfait pour une résidence principale ou un investissement locatif à forte rentabilité.

L'essentiel en bref :

État : Neuf et Haut Standing (Jamais habité)

Sécurité : Résidence sécurisée 24h/24 et 7j/7

Emplacement Premium : Proximité immé...",https://www.mubawab-media.com/ad/8/330/820F/h/1_82256802.avif
580 000 TND,S2 à vendre Chatt mariem,"Chatt Meriem, Sousse Ville","['90 m²', '1 Pièce', '2 Chambres', '2 Salles de bains']",[],"À VENDRE – Appartement S2 pieds dans l’eau à Chatt Mariem

Appartement situé dans une résidence sécurisée avec accès direct à la plage.

Emplacement : Chatt Mariem
Résidence gardée avec piscine
Parking au sous-sol

Se compose de :
Salon spacieux et lumineux
2 chambres à coucher
Cuisine équipée
Salle de bain

Idéal pour habitation ou investissement locatif

Pour plus d’informations ou visite :
55 66 44 94 / 56 36 25 25

Adresse...",https://www.mubawab-media.com/ad/8/330/188F/h/thumb_1308103_property_large_82250267.avif
200 000 TND,Appartement S2 au plein cœur du Sousse,"Sousse Corniche, Sousse Ville","['67 m²', '2 Pièces', '2 Chambres', '1 Salle de bain']",[],"Appartement Neuf S2 , Haut Standing à Vendre
– première main
Investissement parfait pour (habitation ou location ).
Caractéristiques :
Finitions de qualité
Cuisine ouverte équipée moderne
Chauffage centrale
Ascenseur
Titre individuel
Prix : 200.000 TND
TLF : 52 502 988 / 55 153 800 / 55 444 010
WhatsApp: 52 502 988 /55 153 800 / 55 444 010",https://www.mubawab-media.com/ad/8/219/456F/h/b10d283e-7f39-46cb-af05-b440d1c7c2b3_82025121.avif
140 000 TND,A Vendre Appartement S1 avec meuble,Sousse Ville,"['2 Pièces', '1 Chambre', '1 Salle de bain']","['Concierge', 'Meublé', 'Salon européen', 'Climatisation', 'Chauffage central', 'Sécurité', 'Double vitrage', 'Porte blindée', 'Cuisine équipée', 'Réfrigérateur', 'Four', 'Machine à laver', 'Micro-ondes']","À vendre, charmant appartement S1 meublé situé au rez-de-chaussée, idéalement placé à seulement 5 minutes de la mer et de la zone touristique.

Cet appartement lumineux et bien agencé se compose d’un salon confortable entièrement meublé, d’une chambre spacieuse avec rangements, d’une cuisine équipée fonctionnelle ainsi que d’une salle de bain moderne. L’espace a été optimisé pour offrir confort et praticité, que ce soit pour une résidence princ...",
600 000 TND,À vendre: Villa inachevée – Quartier résidentiel,Sousse Ville,"['354 m²', '4 Pièces', '3 Chambres', '2 Salles de bains']","['Jardin', 'Terrasse', 'Garage']","Cette villa inachevée de plain-pied incarne une véritable maison de rêve à façonner selon vos envies. Elle séduit par ses volumes généreux et sa luminosité naturelle, offrant un vaste salon élégant, un séjour chaleureux et trois magnifiques suites parentales conçues pour garantir confort, intimité et bien-être au quotidien.

La cuisine, spacieuse et modulable, permet d’imaginer un espace moderne et raffiné, complété par une salle de bain harmon...",
200 000 TND,Appartement S1 pour la vente direct promoteur,"Bouhssina, Sousse Ville","['574 m²', '2 Pièces', '1 Chambre', '1 Salle de bain']","['Ascenseur', 'Concierge', 'Climatisation', 'Chauffage central', 'Sécurité', 'Porte blindée', 'Cuisine équipée', 'Four']","À vendre : un magnifique appartement S1 haut standing, en vente directe promoteur, situé à l’extension de Sahloul 4, dans un environnement calme et moderne. Ce bien offre une vue attrayante et se distingue par ses finitions de qualité supérieure, son design contemporain et son excellent confort de vie. La résidence est sécurisée et soigneusement entretenue, avec des matériaux nobles et des équipements modernes répondant aux plus hauts standards...",
720 192 TND,A Ventre Duplexe Direct Promoteur,Sousse Ville,"['218 m²', '4 Pièces', '3 Chambres', '2 Salles de bains']","['Terrasse', 'Ascenseur', 'Vue sur mer', 'Concierge', 'Salon européen', 'Antenne parabolique', 'Climatisation', 'Chauffage central', 'Sécurité', 'Double vitrage', 'Porte blindée', 'Cuisine équipée']","magnifique duplex S3 de 218 m², jamais habité et direct promoteur. Situé dans une résidence de très haut standing, il offre de spacieux volumes, une grande terrasse avec vue panoramique. Finitions luxueuses et matériaux de haute gamme. Appartement tout neuf, alliant confort, modernité et élégance",https://www.mubawab-media.com/ad/8/223/100F/h/WhatsApp%20Image%202025-09-24%20at%2014.16.45_81103142.avif
Prix à consulter,A Vendre Villa R2 _Quartier des Villas,"Sousse Ville, Sousse Ville","['540 m²', '9 Pièces', '6 Chambres', '4 Salles de bains']","['Jardin', 'Terrasse', 'Garage', 'Antenne parabolique', 'Cheminée', 'Climatisation', 'Chauffage central', 'Sécurité', 'Double vitrage', 'Porte blindée', 'Cuisine équipée']","Située dans un quartier résidentiel prisé de Khzema Gharbia, cette spacieuse villa R3 est édifiée sur un terrain de 270 m² et développe une superficie habitable totale de 525 m², soit environ 170 m² par étage. Elle dispose d’un jardin et d’un garage, offrant un cadre de vie agréable et fonctionnel. Chaque étage est aménagé en S3, comprenant un salon lumineux, une cuisine indépendante, ainsi que trois chambres à coucher, toutes en suites parentale...",https://www.mubawab-media.com/ad/8/280/915F/h/ef1031d3-fd85-4c4d-902e-9d150eb27aa3_81730607.avif
600 000 TND,A vendre un beau maison s3 à chatt mariem,"Sousse Ville, Sousse Ville","['200 m²', '2 Chambres']","['Jardin', 'Terrasse', 'Garage', 'Climatisation', 'Chauffage central', 'Cuisine équipée', 'Four']","Notre #agence #Immobilière #Elkantaoui #sousse met en vente un joli maison s3 double façade avec grande terrasse de haute standing prés de toute commodités ,à 100m de la plage à Chatt Mariem

l'appartement a 200 m² comme superficie et 240m2 couvert, composé à l'entrée d'un lumineux salon et salle à manger , une suite parentale avec cabine douche une grande chambre à coucher , une cuisine bien équipée avec une plaque hotte et four et avec coin à m...",https://www.mubawab-media.com/ad/8/311/372F/h/thumb_242581_property_xlarge_82049599.avif
Prix à consulter,A louer S3 meublé à Sousse vue mer,"Sousse Ville, Sousse Ville","['180 m²', '3 Chambres']","['Terrasse', 'Garage', 'Ascenseur', 'Entre-seul', 'Climatisation', 'Chauffage central', 'Sécurité']","Location annuelle – Appartement S3 vue mer &amp; vue Médina – Sousse
À louer, spacieux appartement S3 situé au 10ᵉ étage d’une résidence sécurisée à centre ville de Sousse, offrant une magnifique vue dégagée sur la mer et la Médina.
Composition :
Hall d’entrée avec salle à manger
Double salon lumineux avec balcon et vue dégagée
Cuisine moderne, bien équipée et bien aménagée avec balcon
03 chambres à coucher, dont une avec balcon vue mer et vue Médina...",https://www.mubawab-media.com/ad/8/313/877F/h/thumb_1290647_property_xlarge_82078622.avif
950 000 TND,Un appartement S3 sur la route touristique souss,"Sousse Ville, Sousse Ville","['240 m²', '3 Pièces', '3 Chambres', '2 Salles de bains']","['Terrasse', 'Garage', 'Ascenseur', 'Meublé', 'Salon européen', 'Climatisation', 'Chauffage central', 'Sécurité', 'Double vitrage', 'Cuisine équipée', 'Réfrigérateur', 'Four', 'Machine à laver', 'Micro-ondes']","dahmen_immobilier vous propose à la vente un appartement haut standing de type S3, d’une superficie de 240 m², situé à Sousse, sur la route touristique, à proximité du centre-ville. Composition : Hall d’entrée avec dressing Grand salon lumineux avec éclairage LED, ouvrant sur une spacieuse terrasse / grand balcon Salle d’eau pour les invités Cuisine entièrement équipée et aménagée avec électroménager de qualité, donnant sur la terrasse, avec cell...",https://www.mubawab-media.com/ad/8/329/730F/h/thumb_65961_property_xlarge_82245386.avif
190 000 TND,Appartement S1 à vendre au plein coeur du centre,"Sousse Corniche, Sousse Ville","['61 m²', '1 Pièce', '1 Chambre', '1 Salle de bain']","['Ascenseur', 'Chauffage central', 'Cuisine équipée']","Appartement Neuf , Haut Standing à Vendre 
  – première main
 
Investissement parfait pour habitation ou location haut de gamme.
Caractéristiques :
Finitions de qualité  
Cuisine équipée moderne
 chauffage centrale
 Ascenseur
 titre individuel 
Prix : 190.000 TND  Négociable 
TLF : 52 502 988 / 55 153 800 / 55 444 010 
WhatsApp: 52 502 988 /55 153 800 / 55 444 010
: www.narjess-immo.tn
#vente #immobilier #immobilierdeluxe #Sousse #a...",https://www.mubawab-media.com/ad/8/329/175F/h/thumb_1307000_property_large_82239659.avif
240 000 TND,Maison arabe à vendre sousse,"Sousse Ville, Sousse Ville","['204 m²', '3 Pièces', '3 Chambres', '2 Salles de bains']","['Terrasse', 'Ascenseur', 'Vue sur mer', 'Climatisation', 'Chauffage central', 'Sécurité']","Dahmen Immobilier met en vente ou à la location ,une maison arabe situé à Sousse , bien entretenu et proche de toutes commodités nécessaires à Sousse. il est de 204m² ,Il est de : * Typologie : S3*cuisine *salle d'eau *séjour*sondage *Nos contacts",https://www.mubawab-media.com/ad/8/042/328F/h/thumb_60161_property_xlarge_79281434.avif
550 000 TND,Appartement s3 vue de mer à vendre à Hammam souss,"Sousse Ville, Sousse Ville","['115 m²', '2 Pièces', '3 Chambres', '3 Salles de bains']","['Jardin', 'Terrasse', 'Antenne parabolique', 'Climatisation']","Appartement à vendre – Vue mer imprenable
**1er étage
 ** Superficie : 115 m² 
** Prix : 550 000 dinars 

Magnifique appartement offrant une vue directe sur la mer depuis le salon et l’une des chambres.
 Composition :
 -Une suite parentale vue de mer 
-Deux chambres à coucher
 -Salle d’eau -Salle de bain 
-Cuisine avec séchoir
 -Salon lumineux avec balcon vue mer",https://www.mubawab-media.com/ad/8/251/856F/h/thumb_63584_property_xlarge_81410705.avif
450 000 TND,A Vendre: Duplex d'Exception à Hergla,"Sousse Medina, Sousse Ville","['145 m²', '5 Pièces', '3 Chambres', '1 Salle de bain']","['Garage', 'Ascenseur', 'Vue sur mer', 'Chauffage central']","OPPORTUNITÉ RARE : DUPLEX À HERGLA

L'Agence Immobilière Ezzayatine met en vente un duplex spacieux de 145 m² situé dans un quartier calme de Hergla, à quelques minutes à pied de la plage.

Points clés :



Surface : 145 m²

Emplacement : Hergla, secteur recherché

Atout : Proximité mer et fort rendement locatif

Contactez-nous pour une visite :

 Agence El Menchia

55 050 501 / 55 050 502

ezzayatine.immobiliere@gmail.com",https://www.mubawab-media.com/ad/8/323/099F/h/Design%20sans%20titre%20%2833%29_82171793.avif
240 000 TND,S2 vue panoramique en vente à Panorama,"Sousse Ville, Sousse Ville","['120 m²', '3 Pièces', '2 Chambres', '1 Salle de bain']","['Garage', 'Ascenseur', 'Vue sur mer', 'Climatisation', 'Sécurité', 'Cuisine équipée']","À vendre – Appartement S2 avec vue sur mer à Panorama

Situé dans une résidence au standing correct, cet appartement S2 offre une vue imprenable sur la mer. Il dispose d’un ascenseur ainsi que d’une place de parking incluse.

Emplacement : Panorama
Prix : 280 000 DT

Idéal pour une résidence principale ou un investissement",https://www.mubawab-media.com/ad/8/230/748F/h/WhatsApp%20Image%202025-10-04%20at%2012.24.22%20PM_81187671.avif
472 000 TND,A vendre appartement S2 vue sur mer,"Sousse Corniche, Sousse Ville","['115 m²', '2 Pièces', '2 Chambres', '1 Salle de bain']","['Jardin', 'Terrasse', 'Garage', 'Entre-seul']","Appartement neuf S2 à vendre – Vue mer exceptionnelle 

À vendre un magnifique appartement S2, situé au 3ème étage avec ascenseur, offrant une superbe vue sur mer, dans une résidence sécurisée et haut standing

Cet appartement de luxe est composé de: 
Salon lumineux avec grande baie vitrée
Cuisine bien équipée moderne
Deux chambres à coucher
Salle de douche à l’italienne

Caractéristiques principales :
Sanitaire Jaguar 1er choix
Clima...",https://www.mubawab-media.com/ad/8/247/889F/h/thumb_1200596_property_large_81364081.avif
750 000 TND,Projet pour promotion immobiliere,"Sousse Ville, Sousse Ville","['858 m²', '5 Pièces', '4 Chambres', '2 Salles de bains']",['Terrasse'],"Maison à rénover ou pour la promotion immobilier à Sousse Ville
A vendre chez IGH Immobilière
Une maison en plain-pied de 858m² terrain et 245m² couvert sur la route principale 
Zone polyfonctionnelle constituée de commerces, de services, de bureaux et de l'habitat en étages 
A proximité de toutes les commodités 
Proche de tous commerces et les établissements publics 
Vocation R5 
C.O.S : 0,75
C.U.F : 4,5
Ce terrain offre une opportunité...",https://www.mubawab-media.com/ad/8/065/812F/h/thumb_983828_property_large_79514480.avif
270 000 TND,À vendre une maison a sousse,"Sousse Ville, Sousse Ville","['200 m²', '6 Pièces', '6 Chambres', '2 Salles de bains']","['Terrasse', 'Garage', 'Vue sur les montagnes', 'Concierge', 'Meublé', 'Façade extérieure', 'Climatisation', 'Chauffage central', 'Sécurité', 'Double vitrage', 'Cuisine équipée', 'Réfrigérateur', 'Four', 'Machine à laver', 'Micro-ondes']","Agence BASMA Immobilière vous propose à la vente une maison de type S6, d’une superficie de 200 m² de terrain, idéalement située à Sousse Ville – Bled Arbi, dans un quartier calme et sécurisé.
Composition :
02 salons
02 cuisines
6 chambres à coucher
02 salles de bain
Prix : 270 000 DT
Pour plus de renseignements ou pour planifier une visite :
Téléphone : 46 010 000 / 52 080 000 / 73 319 380
WhatsApp : 46 010 000
Site web : www.basma-imm...",https://www.mubawab-media.com/ad/8/307/032F/h/1_82003836.avif
350 000 TND,Maison à vendre,"Sousse Ville, Sousse Ville","['140 m²', '2 Pièces', '4 Chambres', '2 Salles de bains']","['Terrasse', 'Garage', 'Ascenseur', 'Chauffage central', 'Sécurité']","À VENDRE – Maison R2 à Swiss, Sousse

Opportunité à ne pas rater. Maison bâtie sur un terrain de 140 m², idéale pour habitation familiale ou investissement locatif.

Emplacement : Swiss, Sousse

Rez-de-chaussée :

Appartement S2
Studio indépendant

1er étage :

Appartement S2 spacieux et lumineux

2ème étage :

Inachevé avec possibilité d’aménagement

Superficie terrain : 140 m²
Prix : 350.000 DT

Idéal pour habitation et re...",https://www.mubawab-media.com/ad/8/324/195F/h/1_82183163.avif
155 000 TND,S2 en vente,"Bouhssina, Sousse Ville","['197 m²', '3 Pièces', '2 Chambres', '1 Salle de bain']",['Terrasse'],"Appartement S2 bien situé à Hay Ettamir Sousse, à quelques minutes de l’ISG Sousse.Il se compose d’un salon, de deux chambres, d’une cuisine avec séchoir et d’une salle de bain.L'appartement dispose également deux grandes terrasses de 100 m²",https://www.mubawab-media.com/ad/8/214/092F/h/gallery_81006599.avif
Prix à consulter,"À VENDRE, Immeuble R2 zaouiet Sousse","Zaouiet, Sousse Ville","['259 m²', '4 Pièces', '3 Chambres', '2 Salles de bains']","['Terrasse', 'Garage', 'Ascenseur', 'Vue sur mer', 'Concierge', 'Chambre rangement', 'Antenne parabolique', 'Climatisation', 'Chauffage central', 'Sécurité', 'Double vitrage', 'Porte blindée', 'Cuisine équipée', 'Réfrigérateur', 'Four', 'Machine à laver', 'Micro-ondes']","L’Agence Immobilière Riahi met à votre disposition un immeuble à fort potentiel, idéal pour investissement ou usage mixte (habitation et activité professionnelle). Emplacement stratégique : situé à Zaouiet Sousse, à proximité de la société TPS, dans un quartier accessible et proche de toutes les commodités. Superficie du terrain : 258.9 m², Titre bleu disponible. Composition de l’immeuble :
Sous-sol : 131 m²
 Rez-de-chaussée (usage commercial)...",https://www.mubawab-media.com/ad/8/315/422F/h/Design%20sans%20titre%20%284%29_82142381.avif
258 000 TND,S2 à vendre Cité Olympique Sousse,"Bouhssina, Sousse Ville","['122 m²', '1 Pièce', '2 Chambres', '1 Salle de bain']","['Jardin', 'Terrasse', 'Garage']","À VENDRE – Appartement S2 à Cité Olympique, Sousse

Découvrez cet appartement S2 situé au 6ème étage avec ascenseur, dans une résidence calme à Cité Olympique – Sousse.

Superficie : 122,50 m²

Salon spacieux et lumineux2 chambres à coucher avec balconCuisine fonctionnelleSalle de bainBalconPlace de parking au sous-solChauffage central

Prix : 258.000 DT

Pour plus d’informations ou pour organiser une visite gratuite, contactez-nous :55...",https://www.mubawab-media.com/ad/8/321/507F/h/1_82155560.avif
1 500 000 TND,Immeuble Panorama à vendre à Sousse,"Sousse Ville, Sousse Ville","['1000 m²', '8 Pièces', '5 Chambres', '3 Salles de bains']","['Jardin', 'Terrasse']","Immeuble sur un terrain d'une superficie de 1000m², situé à Sousse. Le RDC comprend 4 locaux commerciaux. Au 1er étage on trouve 2 appartements S2 et un appartement S1.",https://www.mubawab-media.com/ad/8/248/069F/h/b6b01cc3-29a1-49fb-8787-a6879096a1c7_GF_81365378.avif
480 000 TND,Villa a cité olympique,"Bouhssina, Sousse Ville","['307 m²', '4 Pièces', '3 Chambres', '3 Salles de bains']","['Terrasse', 'Climatisation', 'Cuisine équipée']","Villa de plain-pied rénovée en 2023 située à la Cité Olympique à proximité du complexe sportif de Sousse, offrant un emplacement stratégique.Elle est édifiée sur un terrain de 307 m² avec une surface bâtie de 214 m².Dès l’entrée, vous découvrez une terrasse arborée menant à un salon spacieux et lumineux.La cuisine non aménagée donne directement accès à une terrasse de 60 m².L’espace nuit comprend trois chambres à coucher, dont une suite parental...",https://www.mubawab-media.com/ad/8/273/706F/h/gallery_81648057.avif
850 000 TND,Magnifique Appartement S3 Vue Mer,"Sousse Ville, Sousse Ville","['204 m²', '5 Pièces', '3 Chambres', '4 Salles de bains']","['Climatisation', 'Chauffage central', 'Cuisine équipée']","À Vendre chez l’agence IGH Immobilière : Magnifique Appartement S3 Vue Mer – Zone Touristique, Proche de la Plage et de Toutes les Commodités

Opportunité exceptionnelle !
Situé en zone touristique, dans un environnement calme, sécurisé et très recherché, cet élégant appartement S3 offre un cadre de vie privilégié à quelques mètres de la plage, des restaurants, cafés, commerces, et de toutes les commodités nécessaires au quotidien.

Descript...",https://www.mubawab-media.com/ad/8/270/551F/h/thumb_1207990_property_large_81614758.avif
977 000 TND,Villa à vendre à Sousse,"Sousse Ville, Sousse Ville","['575 m²', '6 Pièces', '6 Chambres', '1 Salle de bain']","['Terrasse', 'Ascenseur', 'Vue sur mer', 'Concierge', 'Antenne parabolique', 'Climatisation', 'Chauffage central', 'Sécurité', 'Double vitrage', 'Porte blindée']","IGH immobiliere met à votre disposition une spacieuse villa à rénover ou à démolir, située dans un quartier résidentiel à Sousse

Caractéristiques principales :

Rez-de-chaussée principal
Grand jardin
Grand salon et salle à manger
Trois chambres à coucher
Cuisine 
Une salle de bain
Garage
Studio

Premier étage:
Salon et salle à manger
Une cuisine
3 chambres à coucher
Balcon
Une salle de bain

Cette Villa est idéale pour une fa...",https://www.mubawab-media.com/ad/8/267/042F/h/gallery_81577800.avif
259 000 TND,Rez de chaussée en vente,"Bouhssina, Sousse Ville","['230 m²', '5 Pièces', '4 Chambres', '1 Salle de bain']","['Jardin', 'Terrasse', 'Garage', 'Entre-seul', 'Salon européen', 'Chauffage central', 'Cuisine équipée']","Ce bien indépendant de plain-pied.À l’extérieur, vous profiterez d’un jardin privatif ainsi que d’un abri pour voiture.À l’intérieur, la maison se compose d’un salon , de quatre chambres a coucher , d’une salle de bain équipée d’une baignoire, ainsi que d’une cuisine donnant directement sur une terrasse",https://www.mubawab-media.com/ad/8/298/252F/h/Picture-86722562-2-watermark_81912633.avif
420 000 TND,À VENDRE – Immeuble R3 – Sousse Trocadéro,"Sousse Ville, Sousse Ville","['61 m²', '3 Pièces', '2 Chambres', '2 Salles de bains']","['Ascenseur', 'Salon européen', 'Climatisation', 'Chauffage central', 'Sécurité', 'Cuisine équipée']","Nous proposons à la vente un petit immeuble R3, avec possibilité d’extension d’un étage supplémentaire, idéalement situé au cœur de Sousse, dans le quartier très recherché de Trocadéro. L’immeuble se trouve à proximité immédiate des commerces, services et commodités, dans un environnement animé et à forte demande locative.

Ce bien constitue une excellente opportunité d’investissement grâce à sa rentabilité actuelle et à son fort potentiel de v...",https://www.mubawab-media.com/ad/8/167/600F/h/Picture-86053009-1-watermark_80536190.avif
200 000 TND,À Vendre – Appartement S3 à Trocadéro,"Sousse Ville, Sousse Ville","['130 m²', '4 Pièces', '3 Chambres', '1 Salle de bain']","['Jardin', 'Terrasse', 'Garage']","Emplacement : Trocadéro – Proche du centre-ville, à proximité immédiate de toutes commodités (restaurants, bars lounge, mer, hôtels…)

Superficie totale : 120 m²
Surface habitable : 115 m²
Étage : 1er étage dans un petit immeuble de 3 étages (sans ascenseur)

Description du bien : 

À découvrir : un agréable appartement S3, lumineux et bien distribué, situé dans un quartier calme et recherché. Il bénéficie d’un excellent emplacement et of...",https://www.mubawab-media.com/ad/8/246/945F/h/5_81355068.avif
310 000 TND,À vendre – S1 près de la plage chatt mariem,"Chatt Meriem, Sousse Ville","['82 m²', '2 Pièces', '1 Chambre', '1 Salle de bain']","['Garage', 'Climatisation', 'Chauffage central', 'Cuisine équipée', 'Four']","A VENDRE – Appartement S1 Très Haut Standing près de la plage à Chatt Mariem

Superficie : 82 m²
Emplacement privilégié à quelques pas de la plage
4ème étage dans une résidence récente, calme et bien sécurisée

Composition :

Salon lumineux

Une chambre spacieuse

Cuisine moderne et équipée

Belle terrasse

Finition très haut standing

Prix total : 310.000 DT

Contact &amp; Visite : 55 050 501 / 55 050 502
Agence Immobilière Ezza...",https://www.mubawab-media.com/ad/8/305/052F/h/thumb_40667_property_xlarge_81983273.avif
1 200 000 TND,Villa de haut standing à Vendre,"Sousse Ville, Sousse Ville","['925 m²', '6 Pièces', '6 Chambres', '3 Salles de bains']","['Terrasse', 'Ascenseur', 'Vue sur mer', 'Chambre rangement', 'Façade extérieure', 'Salon européen', 'Antenne parabolique', 'Chauffage central', 'Porte blindée', 'Cuisine équipée', 'Réfrigérateur', 'Four', 'Machine à laver']","Dans un quartier prestigieux à Sousse , Dahmen Immobilier met en vente une villa moderne bénéficie d'un terrain de 925 m² , érigée sur 3 niveaux et se compose comme suit : * Le rez de chaussée : - Spacieux salon - Salle à manger - Séjour - Une cuisine moderne , parfaitement agencée et dotée d'un acces pour l’extérieur - Deux (02) chambres à couchers avec dressing - Une salle de bain * A l'étage se trouvent : - Deux suites parentales avec 2 salles...",https://www.mubawab-media.com/ad/8/312/060F/h/thumb_65436_property_xlarge_82059467.avif
290 000 TND,Appartement s2 à vendre à sousse ville,"Sousse Ville, Sousse Ville","['70 m²', '2 Pièces', '2 Chambres', '1 Salle de bain']",[],"À vendre – Appartement S2 à Sousse Ville Situé au 3ᵉ étage d’une résidence avec ascenseur, cet appartement S2 offre une superficie de 70 m² et se compose de : Un salon lumineux Une cuisine américaine Deux chambres à coucher Une salle de bain Prix : 290 000 DT Soyez les bienvenus à notre agence Immobilière : Route de la plage, ElMenchia immeuble Panoramis hammem sousse, ou bien nous contactez, Nos agents sont à votre disposition pour toutes inform...",https://www.mubawab-media.com/ad/8/242/007F/h/thumb_1193217_property_large_81302300.avif
920 000 TND,Villa à vendre à Bohsina,"Bouhssina, Sousse Ville","['800 m²', '5 Pièces', '5 Chambres', '1 Salle de bain']",[],"IGH immobiliere met à votre disposition une spacieuse villa à rénover, située dans un quartier résidentiel et calme à Bohsina 

Caractéristiques principales :

Rez-de-chaussée principal
Grand jardin
Grand salon et salle à manger
Deux chambres à coucher
Cuisine 
Une salle de bain
Garage

Premier étage:
Salon et salle à manger
Un séjour
Une cuisine
Suite parentale avec salle de bain
2 chambres à coucher
Grande terrasse 
Salle de...",https://www.mubawab-media.com/ad/8/235/224F/h/1_81233694.avif
450 000 TND,A vendre maison S4 à Chatt Mariem,"Chatt Meriem, Sousse Ville","['170 m²', '1 Pièce', '4 Chambres', '1 Salle de bain']",[],"Maison à vendre à Chatt Mariem – 450.000 DT
Superbe maison de 170 m² située dans un emplacement calme et proche de toutes les commodités à Chatt Mariem.
Elle se compose d’un salon lumineux équipé de climatisation et de chauffage central, de 4 chambres confortables disposant chacune de chauffage central et d’un dressing, ainsi qu’une cuisine moderne et bien aménagée.
Un garage privé complète ce bien, idéal pour une famille recherchant confort e...",https://www.mubawab-media.com/ad/8/310/870F/h/20220613_162211_82044187.avif
670 000 TND,"Appartement S3 de 198,78m², piscine et terrasse","Sahloul, Sousse Ville","['198 m²', '4 Pièces', '3 Chambres', '2 Salles de bains']","['Jardin', 'Terrasse', 'Ascenseur', 'Piscine', 'Chambre rangement', 'Salon européen', 'Antenne parabolique', 'Climatisation', 'Chauffage central', 'Sécurité', 'Double vitrage', 'Porte blindée', 'Cuisine équipée', 'Four']","Découvrez ce spacieux S+3 d’une superficie de 198,78 m², pensé pour allier confort, modernité et élégance.
Il se compose de :

Une suite parentale avec dressing,

Un salon lumineux et une salle à manger conviviale,

Deux chambres supplémentaires,

Une salle de bain moderne, une salle d’eau et une cuisine fonctionnelle,

Des dressings intégrés pour plus de praticité.

À l’extérieur, profitez d’une terrasse découverte avec piscine priv...",
380 000 TND,Opportunité d'unS2 Moderne et Fonctionnet,"Sahloul, Sousse Ville","['121 m²', '3 Pièces', '2 Chambres', '2 Salles de bains']","['Terrasse', 'Ascenseur', 'Concierge', 'Chambre rangement', 'Salon européen', 'Antenne parabolique', 'Climatisation', 'Chauffage central', 'Sécurité', 'Double vitrage', 'Porte blindée', 'Cuisine équipée', 'Four']","Découvrez ce bel appartement S+2 offrant des espaces bien agencés et confortables :

Un salon lumineux avec salle à manger,

Deux chambres accueillantes avec dressing,

Une salle de bain moderne et une salle d’eau indépendante,

Une cuisine fonctionnelle,

Un balcon agréable pour vos moments de détente.

Un logement qui allie praticité, confort et convivialité, idéal pour une vie quotidienne harmonieuse",
440 000 TND,Offre à vendre – Appartement à Chatt Mariem,"Chatt Meriem, Sousse Ville","['120 m²', '3 Pièces', '2 Chambres', '1 Salle de bain']","['Terrasse', 'Garage', 'Ascenseur', 'Vue sur mer', 'Concierge', 'Façade extérieure', 'Antenne parabolique', 'Climatisation', 'Chauffage central', 'Sécurité', 'Double vitrage']","A VENDRE – Appartement S2 avec terrasse à chatt Mariem

Superficie : 120 m²
Très bon standing – Emplacement recherché
Quartier calme, proche de toutes commodités

Composition :

Salon lumineux

Deux chambres spacieuses

Cuisine moderne

Terrasse agréable

Salle de bain et WC séparé

Voisinage familial

Prix : 440.000 DT
Contact & Visite : 55 050 501 / 55 050 502
Agence Immobilière Ezzayatine – Menchia, Sousse",
295 000 TND,"A saisir S2 se 92,72 m² à vendre à Sahloul","Sahloul, Sousse Ville","['92 m²', '3 Pièces', '2 Chambres', '2 Salles de bains']","['Terrasse', 'Ascenseur', 'Concierge', 'Chambre rangement', 'Salon européen', 'Antenne parabolique', 'Climatisation', 'Chauffage central', 'Sécurité', 'Double vitrage', 'Porte blindée', 'Cuisine équipée', 'Four']","Cet appartement S+2 a été conçu pour offrir confort et fonctionnalité au quotidien. Il se compose de :

Un salon spacieux avec salle à manger,

Deux chambres confortables avec dressing,

Une salle de bain moderne et une salle d’eau indépendante,

Une kitchenette fonctionnelle avec séchoir,

Un balcon agréable pour profiter de l’extérieur.

Un espace de vie harmonieux qui combine praticité et confort, idéal pour répondre aux besoins d’...",https://www.mubawab-media.com/ad/8/202/248F/h/VUE%20FACADE%202_page-0001_80884011.avif
570 000 TND,A vendre Villa S3 sur deux niveaux à Bouhsina,"Bouhssina, Sousse Ville","['240 m²', '8 Pièces', '6 Chambres', '2 Salles de bains']","['Terrasse', 'Garage']","[A Vendre Villa à Bouhsina, Sousse]

Ref148a
A vendre chez l'Agence IGH Immobilière
Une Villa spacieuse dans une bonne emplacement à Bouhsina, Sousse 
Idéal pour un projet de promotion immobilière ou pour investissement 
La villa sur deux niveaux séparées, chaque étage est composé d':
* Un salon/salle à manger
* Un séjour
* Une cuisine
* Deux salles d'eaux
* Trois chambres à coucher

Superficie Terrain : 240m²  et 400m² couvert
Prix...",https://www.mubawab-media.com/ad/8/017/268F/h/thumb_917024_property_large_79036300.avif
860 000 TND,Villa à Bouhsina,"Bouhssina, Sousse Ville","['350 m²', '6 Pièces', '5 Chambres', '3 Salles de bains']","['Jardin', 'Terrasse', 'Garage']","Découvrez cette magnifique villa située dans un quartier résidentiel calme et recherché à Bouhsina, cette villa offre un fort potentiel, idéale pour une grande famille ou un investissement locatif.
-Rez-de-chaussée :
Un spacieux salon lumineux, une suite parentale avec chambre, dressing et salle de douche, une chambre enfant avec dressing, une cuisine moderne et bien équipée, une salle d’eau, ainsi qu’une terrasse donnant sur un agréable jardin...",https://www.mubawab-media.com/ad/8/306/643F/h/WhatsApp%20Image%202026-02-18%20at%2016.26.53_81999801.avif
288 000 TND,A VENDRE RDC de villa S4 situé à cité ettaamir,"Sousse Riadh, Sousse Ville","['228 m²', '5 Pièces', '4 Chambres', '1 Salle de bain']","['Garage', 'Sécurité', 'Double vitrage', 'Cuisine équipée']","Réf 457a
Agence immobilière Riahi, vous propose à la vente un rez-de-chaussée de villa S4 idéalement situé à Cité Ettamir, Sousse. Ce bien spacieux s'étend sur une surface totale de 228 m² et comprend deux salons confortables, quatre chambres à coucher lumineuses, une salle de bain moderne, ainsi qu'une cuisine entièrement équipée. Un garage et une entrée indépendante viennent compléter cet ensemble résidentiel, offrant ainsi un cadre de vie fo...",https://www.mubawab-media.com/ad/8/305/603F/h/50%20232%20727%20%289%29_81988764.avif
159 000 TND,"À VENDRE, Appartement S2 près de l’ISG","Sousse Ville, Sousse Ville","['65 m²', '3 Pièces', '2 Chambres', '1 Salle de bain']","['Terrasse', 'Concierge', 'Façade extérieure', 'Climatisation', 'Chauffage central', 'Sécurité', 'Double vitrage', 'Cuisine équipée']","Réf : 886a
L’Agence Immobilière Riahi vous propose ce logement lumineux appartement S2 situé à Sousse, près de l’ISG, au 4ᵉ étage d’un immeuble calme sans ascenseur. L’appartement dispose d’une superficie de 65 m² et comprend un salon lumineux, une cuisine fermée et fonctionnelle, deux chambres confortables, deux grandes terrasses et une salle de bain équipée. Il bénéficie d’une bonne orientation et d’une aération naturelle, avec un titre bleu d...",https://www.mubawab-media.com/ad/8/305/588F/h/Design%20sans%20titre%20%284%29_81988634.avif
6 300 000 TND,Exclusivité foncière: immeuble traversant,"Sousse Ville, Sousse Ville","['1005 m²', '3 Pièces', '3 Chambres', '1 Salle de bain']","['Jardin', 'Garage']","Emplacement Stratégique sur l'Artère Principale de Sousse
À vendre, un immeuble de rapport, idéalement situé sur l'axe le plus convoité de Sousse. Ce bien de 1 005 m² couverts sur un terrain de 639 m² (Titre Bleu individuel) est une opportunité rare pour les promoteurs et investisseurs institutionnels.
UN EMPLACEMENT ET UN POTENTIEL UNIQUES
•	Configuration Traversante : L'immeuble possède une double façade avec un accès principal sur l'artère...",https://www.mubawab-media.com/ad/8/302/150F/h/WhatsApp%20Image%202026-02-11%20at%2016.22.35_81954763.avif
360 000 TND,Dar Arbi en Vente – Médina de Sousse,"Sousse Medina, Sousse Ville","['358 m²', '7 Pièces', '7 Chambres', '2 Salles de bains']","['Jardin', 'Entre-seul']","Dar Arbi en Vente – Médina de Sousse

Emplacement exceptionnel :
Située en plein cœur de Bled El Arbi – Sousse, à proximité immédiate de toutes les commodités (marché, mosquée, commerces…).

Caractéristiques :
Charmante Dar Arbi au cachet traditionnel, bâtie sur un terrain de 358 m², avec une architecture authentique typique de la Médina.

Composition :

7 pièces

Cuisine

Dehliz

Majel

Petite cour intérieure

Opportunité rar...",https://www.mubawab-media.com/ad/8/246/938F/h/1_81355034.avif
13 000 000 TND,A Vendre — Immeuble R8 Zone Touristique,"Sousse Ville, Sousse Ville","['5500 m²', '8 Pièces', '20 Chambres', '30 Salles de bains']","['Jardin', 'Terrasse', 'Garage', 'Ascenseur', 'Concierge', 'Chambre rangement', 'Façade extérieure', 'Salon européen', 'Antenne parabolique', 'Climatisation', 'Chauffage central', 'Sécurité', 'Double vitrage', 'Porte blindée']","A VENDRE — Immeuble R8 avec 18 Appartements  Sous-sol et RDC Exploitables – Zone Touristique

Opportunité d’investissement exceptionnelle : Immeuble moderne à vendre, situé en Zone Touristique, composé de 8 étages et 18 appartements, avec sous-sol couvert et rez-de-chaussée aménageable. Convient parfaitement à un projet résidentiel ou commercial à forte valeur ajoutée.

Caractéristiques du bien :

Type : Immeuble entier

Nombre d’étages :...",https://www.mubawab-media.com/ad/8/191/480F/h/WhatsApp%20Image%202025-07-29%20at%2011.24.15%20%281%29_80777077.avif
275 000 TND,À vendre appartement S1 près de la plage,"Chatt Meriem, Sousse Ville","['74 m²', '2 Pièces', '1 Chambre', '1 Salle de bain']","['Terrasse', 'Garage', 'Ascenseur', 'Concierge', 'Antenne parabolique', 'Climatisation', 'Chauffage central', 'Sécurité', 'Double vitrage', 'Porte blindée']","A VENDRE – Appartement S1 Très Haut Standing près de la plage à Chatt Mariem

Superficie : 74 m²
Emplacement privilégié à quelques pas de la plage
4ème étage dans une résidence récente, calme et bien sécurisée

Composition :

Salon lumineux

Une chambre spacieuse

Cuisine moderne et équipée

Belle terrasse

Finition très haut standing

Prix total : 275.000 DT

Contact & Visite : 55 050 501 / 55 050 502
Agence Immobilière Ezza...",https://www.mubawab-media.com/ad/8/283/959F/h/gallery_81759384.avif
406 000 TND,Direct promoteur immeuble neuf avec piscine,"Bouhssina, Sousse Ville","['140 m²', '4 Pièces', '3 Chambres', '2 Salles de bains']","['Terrasse', 'Ascenseur', 'Piscine', 'Concierge', 'Façade extérieure', 'Chauffage central', 'Sécurité', 'Double vitrage', 'Cuisine équipée', 'Four']","Appartement S3 d'une superficie de 140 m², situé au 1er étage d’un immeuble neuf avec piscine. Le bien est proposé en vente directe promoteur. 
Il se compose d’un salon spacieux, de trois chambres à coucher dont une suite parentale, d’une cuisine équipée avec séchoir et d’une salle de bain avec douche. 
La résidence est sécurisée, équipée d’un ascenseur et dispose d’une piscine commune réservée aux résidents.",https://www.mubawab-media.com/ad/8/257/334F/h/gallery_81459867.avif
840 000 TND,Villa individuelle en vente,"Bouhssina, Sousse Ville","['539 m²', '6 Pièces', '5 Chambres', '2 Salles de bains']","['Jardin', 'Garage']","Villa située dans un quartier chic en deuxième position de l’avenue Abou Hamid Al Ghazeli.Elle est édifiée sur un terrain de 539 m², avec une surface bâtie de 340 m².Elle a deux grandes façades d’une orientation nord-est.Dès l’entrée, vous découvrez un jardin arboré de 300 m² en harmonie avec le style classique de la maison. L’espace extérieur est complété par un garage et un abri pour voiture.La villa comprend deux niveaux :Au rez-de-chaussée :...",https://www.mubawab-media.com/ad/8/227/933F/h/Brown%20Monochrome%20Simple%20Elegant%20Interior%20Design%20Promotion%20Instagram%20Post_81155342.avif
Prix à consulter,"Immeuble a vendre a Swiss 
Sousse","Sousse Ville, Sousse Ville","['336 m²', '3 Pièces', '2 Chambres', '4 Salles de bains']","['Jardin', 'Vue sur mer']","Opportunité d'investissement exceptionnelle à Sousse (Cité Swiss) : À vendre, un immeuble de coin idéalement situé sur deux artères principales très animées, à moins de 300 mètres de la plage. Édifié sur un terrain de 336 m², cet ensemble immobilier à fort rendement comprend trois boutiques au rez-de-chaussée (sans fonds de commerce), une maison arabe S3 avec cour, ainsi que cinq appartements spacieux (S2 et S3) répartis sur deux niveaux, tous do...",https://www.mubawab-media.com/ad/8/079/742F/h/Picture-6654295-1-watermark_79651380.avif
145 000 TND,À vendre – Appartement S3 inachevé à Sousse Ville,"Sousse Ville, Sousse Ville","['141 m²', '4 Pièces', '3 Chambres', '2 Salles de bains']","['Terrasse', 'Façade extérieure']","À vendre – Appartement S3 inachevé à Sousse Ville À vendre appartement S3 inachevé, situé au 2ᵉ étage, dans un quartier calme et en plein développement à Sousse Ville. Superficie : Environ 141 m² Composition : Partie jour : Salon spacieux avec accès à un balcon Salle d’eau pour invités Salle de bain Cuisine avec séchoir Partie nuit : Trois chambres à coucher, toutes avec accès au balcon Atouts : Appartement inachevé offrant la possibilité de : –...",https://www.mubawab-media.com/ad/8/246/952F/h/1_81355132.avif
851 000 TND,S4 en vente,"Bouhssina, Sousse Ville",['476 m²'],"['Jardin', 'Piscine']","Appartement S4 au rez-de-chaussée, direct promoteur, situé dans une résidence neuve avec piscine à Bouhssina.D’une superficie de 476 m², ce bien se trouve dans un quartier calme et recherché, à proximité de l’école française Philippe Séguin.Il offre un salon lumineux avec accès au jardin, une cuisine indépendante, une salle de bain pour les invités, un office et quatre suites parentales. Un abri pour deux voitures est disponible, avec accès à une...",https://www.mubawab-media.com/ad/8/259/010F/h/1_81477767.avif
280 000 TND,S2 Direct promoteur,"Bouhssina, Sousse Ville","['105 m²', '3 Pièces', '2 Chambres', '1 Salle de bain']","['Terrasse', 'Ascenseur', 'Climatisation', 'Chauffage central', 'Sécurité', 'Cuisine équipée', 'Four']","Appartement direct promoteur situé près de la Cité La Caserne, dans un immeuble avec double ascenseur.Il comprend un salon, une cuisine équipé avec séchoir, deux chambres à coucher et une salle de bain avec baignoire.Emplacement idéal pour habitation ou investissement, proche de toutes commodités et des facultés (Médecine, UPSAT)...",https://www.mubawab-media.com/ad/8/258/251F/h/00_81469566.avif
1 125 000 TND,Villa individuelle en vente,"Bouhssina, Sousse Ville",['1167 m²'],"['Jardin', 'Garage', 'Entre-seul', 'Climatisation', 'Chauffage central', 'Cuisine équipée']","Construisez la villa de vos rêves sur cette parcelle de terrain de 1 167 m², offrant un cadre idéal pour concrétiser votre projet et satisfaire tous vos caprices",https://www.mubawab-media.com/ad/8/259/637F/h/1_81483979.avif
520 000 TND,A vendre villa indépendante à Cité Erriadh,"Sousse Riadh, Sousse Ville","['326 m²', '1 Pièce', '4 Chambres', '3 Salles de bains']","['Terrasse', 'Meublé', 'Climatisation', 'Chauffage central', 'Porte blindée', 'Cuisine équipée']","À vendre à Cité Erriadh, une spacieuse villa S4 sur un terrain de 317 m², avec un rez-de-jardin indépendant S2. La maison comprend 4 chambres dont une suite parentale, 3 salles d'eau, un garage, un petit jardin agréable, ainsi qu’un système photovoltaïque installé et un chauffe-eau solaire pour plus d’efficacité énergétique. Située dans un quartier résidentiel calme et proche de toutes les commodités, cette villa est idéale pour une grande famill...",https://www.mubawab-media.com/ad/8/260/551F/h/1_81494882.avif
380 000 TND,Etage de villa S3 haut standing à Corniche Sousse,"Sousse Corniche, Sousse Ville","['135 m²', '4 Pièces', '3 Chambres', '1 Salle de bain']","['Terrasse', 'Garage', 'Ascenseur', 'Vue sur mer', 'Concierge', 'Façade extérieure', 'Antenne parabolique', 'Climatisation', 'Chauffage central', 'Sécurité', 'Double vitrage', 'Porte blindée']","Découvrez ce super étage de villa destiné à la vente.
situé dans un bel emplacement dans un quartier à forte croissance à la Corniche de Sousse Ville.

Proche de toutes les commodités (Hôpital, Ecole, Supérette, Résidence, etc.), l'appartement se compose de :

- Une salle de séjour

- Une Cuisine moderne

- Trois chambres à coucher.

- terrasse

- Une salle de bain

- Des toilettes indépendantes.

Superficie totale 135 m²


Eq...",https://www.mubawab-media.com/ad/8/152/380F/h/thumb_61330_property_xlarge_80371527.avif
385 000 TND,A VENDRE Appartement S2 chatt mariem,"Sousse Ville, Sousse Ville","['101 m²', '3 Pièces', '2 Chambres', '1 Salle de bain']","['Climatisation', 'Chauffage central', 'Cuisine équipée']","A VENDRE – Appartement S2 à Chatt Mariem, près de la plage

Superficie : 101 m²
4ème étage avec ascenseur
Résidence calme et proche de toutes commodités et de la mer

Composition :

Salon lumineux

Deux chambres confortables

Cuisine indépendante

Terrasse

Salle de bain moderne

Un excellent choix pour habitation ou investissement à Chatt Mariem.

Contact & Visite : 55 050 501 / 55 050 502
Agence Immobilière Ezzayatine – Men...",https://www.mubawab-media.com/ad/8/236/782F/h/thumb_62984_property_big_81249508.avif
Prix à consulter,Appartement S2 à vendre à Sousse,"Sousse Ville, Sousse Ville","['91 m²', '3 Pièces', '2 Chambres', '1 Salle de bain']","['Climatisation', 'Chauffage central', 'Porte blindée', 'Cuisine équipée']","A vendre à Sousse un charmant S2 proche plage et universités, Investissement malin !

Énergie, Proximité et Rentabilité, un charmant S2 de 91 m² au 2ème étage, situé sur la route ceinture Sousse–Monastir, proche des universités et de la plage. 

Immeuble équipé d’un sondage pour l’eau et de panneaux solaires pour l’électricité dans les parties communes. 

Finitions haut de gamme : carrelage raffiné, luminaires design, matériaux nobles et cu...",https://www.mubawab-media.com/ad/8/227/662F/h/thumb_62680_property_big_81152143.avif
Prix à consulter,Appartement S2 à Vendre à Sousse,"Sousse Ville, Sousse Ville","['100 m²', '3 Pièces', '2 Chambres', '1 Salle de bain']","['Climatisation', 'Chauffage central', 'Cuisine équipée']","A vendre à Sousse un spacieux S2 modernes à 5 min de la mer !

Confort, économie et sérénité. Spacieux S2 de 100 m² au 2ème étage, situé sur la route ceinture Sousse–Monastir, à seulement 5 minutes de la mer et des facultés. 

Immeuble équipé d’un sondage pour l’eau et de panneaux solaires pour l’électricité dans les parties communes. 

Finitions luxueuses, carrelage raffiné, luminaires design, matériaux nobles et cuisine moderne. 

Ambia...",https://www.mubawab-media.com/ad/8/280/319F/h/gallery_81719451.avif
Prix à consulter,Appartement S2 à Vendre à Sousse,"Sousse Ville, Sousse Ville","['77 m²', '3 Pièces', '2 Chambres', '1 Salle de bain']","['Climatisation', 'Chauffage central']","A vendre à Sousse un S2 cosy avec fort potentiel locatif – Soleil & confort garantis !

Ce S2 de 77 m² au 3ème étage est situé sur la route ceinture Sousse–Monastir, à 5 minutes de la mer et des facultés. 

Immeuble équipé d’un sondage pour l’eau et de panneaux solaires pour l’électricité dans les parties communes. 

Finitions luxueuses : carrelage raffiné, luminaires design, matériaux nobles et cuisine moderne. 

Atmosphère conviviale et...",https://www.mubawab-media.com/ad/8/274/587F/h/066_81657009.avif
Prix à consulter,Appartement S1 à vendre à Sousse,"Sousse Ville, Sousse Ville","['75 m²', '2 Pièces', '1 Chambre', '1 Salle de bain']","['Ascenseur', 'Salon européen', 'Climatisation', 'Chauffage central', 'Sécurité', 'Cuisine équipée']","A vendre à Sousse un S1 lumineux et abordable – Opportunité stratégique à saisir !

Modernité, économie et accessibilité, un S1 lumineux de 75 m² au 5ème étage, situé sur la route ceinture Sousse–Monastir, proche des universités et de la plage.

Immeuble équipé d’un sondage pour l’eau et de panneaux solaires pour l’électricité dans les parties communes. 

Finitions luxueuses : carrelage raffiné, luminaires design, matériaux nobles et cuisi...",https://www.mubawab-media.com/ad/8/138/428F/h/thumb_1084916_property_xlarge_80232982.avif
200 000 TND,Maison arabe à démolir à vendre sousse,"Sousse Ville, Sousse Ville","['135 m²', '1 Pièce', '1 Chambre', '1 Salle de bain']","['Terrasse', 'Garage', 'Salon européen', 'Sécurité', 'Cuisine équipée']","*Dahmen Immobilier vous propose à la vente une maison arabe à rénover, située au cœur de Sousse – Bled El Arbi. ( BEB EL KEBLI ) 

*Bien à démolir, idéal pour un nouveau projet immobilier.

*Emplacement stratégique, proche de toutes les commodités (commerces, transports, écoles…).

*Caractéristiques :
-Superficie totale : 135 m²
-Prix de vente : 200 000 DT




 *Pour plus d’informations ou pour organiser une visite :
216 22 105 711
...",
200 000 TND,Bureau à vendre à sousse ville,"Sousse Ville, Sousse Ville","['82 m²', '2 Pièces', '2 Chambres', '1 Salle de bain']",['Terrasse'],"Pour des professionnels , Dahmen Immobilier met en vente un bureau A2 , occupe le 3éme étage d'un immeuble luxe à sousse ville, sécurisé à proximité de toutes commodités nécessaires ( transport , banques , bureau de postes , …. ) . * Étage : 3eme* Superficie : 82 m² * Prix de vente Total : 200.000 dinars TTC * se compose de:(02) deux pièces, salle d’eau, chauffage central Vous pouvez nous contacter sur les numéros suivants : 00216 20480165 // 002...",
580 000 TND,Appartement s2 luxe à vendre à sousse,"Sousse Ville, Sousse Ville","['167 m²', '2 Pièces', '2 Chambres', '1 Salle de bain']",['Jardin'],"À Vendre – Bel Appartement S2 avec Vue Mer & Parking Sous-sol Emplacement : sousse au  1ᵉ étage d’une résidence calme et sécurisée 

Prix : 580 000 DT 
Place de parking : incluse au sous-sol 
Description : 
 lumineux et bien agencé, offrant une magnifique vue sur la mer.  il combine confort, praticité et cadre de vie agréable. 
Composition : 
Spacieux salon avec vue dégagée 
2 chambres confortables 
Cuisine moderne et fonctionnelle 
Sal...",
70 000 TND,S2 en vente,"Bouhssina, Sousse Ville","['77 m²', '3 Pièces', '2 Chambres', '1 Salle de bain']","['Terrasse', 'Climatisation', 'Chauffage central']","Appartement à la Cité Olympique Bouhssina, situé dans les immeubles de SPROLS, doté d’un titre individuel et proche de toutes commodités (bureau de poste, transports, etc.).Situé au 3 ème étage, il se compose d’un salon lumineux grâce à son balcon, d’une cuisine, d’une salle de bain et de deux chambres",
98 000 TND,A vendre un S1 60m² à Sousse,"Sousse Ville, Sousse Ville","['60 m²', '1 Pièce', '1 Chambre', '1 Salle de bain']",[],"A vendre un S1 (60m²)
en rez- de jardin à Diar El Ons,
près de Clinique Assalem, Rond-point Panorama en plein centre de Sousse.
(Titre Bleu Global)",
250 000 TND,Maison Indépendante S1 à vendre,"Sousse Ville, Sousse Ville","['100 m²', '1 Pièce', '1 Chambre', '1 Salle de bain']",[],"Maison indépendante à vendre à Ksibet Sousse.

Superficie du terrain : 352 m²
Surface bâtie : 100 m²
Prix : 250 000 DT

La maison se compose d’un salon, d’une chambre à coucher, d’une cuisine et d’une salle d’eau.

Maison indépendante, située dans un quartier calme et proche de toutes les commodités.
Grand terrain offrant la possibilité d’extension ou d’aménagement extérieur.

Pour plus d’informations ou pour une visite gratuite , merc...",
170 000 TND,À VENDRE — Maison à rénover à Damlier en plein cœu,"Sousse Ville, Sousse Ville","['80 m²', '1 Pièce', '1 Chambre', '1 Salle de bain']","['Terrasse', 'Garage', 'Sécurité']","À VENDRE l’agence IGH immobilière — Maison à rénover à Damlier, en plein cœur de Sousse Ville

Opportunité rare !
Une maison à rénover, située au centre de Sousse Ville dans le quartier recherché de Damlier, est disponible à la vente.

 Caractéristiques de la maison

 
 Localisation : Sousse Ville – Damlier
 
 
 Superficie : 80 m²
 
 
 Maison à rénover entièrement ou partiellement selon votre projet
 
 
  Située en plein centre-v...",
315 000 TND,À vendre: S2 RDC avec grande terrasse – Sousse,"Sousse Ville, Sousse Ville","['90 m²', '3 Pièces', '2 Chambres', '2 Salles de bains']","['Garage', 'Ascenseur', 'Climatisation', 'Chauffage central', 'Cuisine équipée', 'Four']","Découvrez ce bel appartement S2, situé au rez-de-chaussée d’une résidence calme et sécurisée à Sousse ville, à proximité de toutes les commodités.

Superficie habitable : 90 m²
Terrasse privative : 92 m² – idéale pour vos moments de détente ou pour recevoir en plein air
Place de parking au sous-sol incluse

Composition :
– Salon spacieux et lumineux
– Deux chambres à coucher avec rangements
– Cuisine indépendante et fonctionnelle
– Deux...",
336 000 TND,Villa individuelle en vente,"Bouhssina, Sousse Ville",['263 m²'],"['Jardin', 'Garage', 'Entre-seul']","Cette maison est située à la Cité Taamir, à proximité de toutes les commodités.Elle représente une opportunité idéale, que ce soit pour un investissement (grâce à sa répartition en deux biens de type S2) ou pour une habitation personnelle.Elle nécessite toutefois des travaux de rénovation",https://www.mubawab-media.com/ad/8/238/708F/h/1_81269307.avif
255 000 TND,S2 à vendre Cité Erriadh Sousse,"Sousse Riadh, Sousse Ville","['110 m²', '1 Pièce', '2 Chambres', '1 Salle de bain']","['Terrasse', 'Garage', 'Ascenseur', 'Vue sur mer', 'Concierge', 'Climatisation', 'Chauffage central', 'Double vitrage', 'Porte blindée', 'Cuisine équipée', 'Four']","À vendre un bel appartement S2 d’une superficie de 110 m², situé au 4ᵉ étage d’une résidence calme et bien entretenue à Cité Erriadh, Sousse.

Il se compose d’un salon lumineux, d’une cuisine indépendante, de deux chambres à coucher et d’une salle de bain.
L’appartement dispose également d’une place de parking au sous-sol, assurant confort et praticité au quotidien.

Proche de toutes les commodités (écoles, commerces et transports), ce bien...",https://www.mubawab-media.com/ad/8/244/597F/h/thumb_1196393_property_large_81330714.avif
520 000 TND,Villa à vendre à Bouhsina – Sousse,"Bouhssina, Sousse Ville","['433 m²', '3 Pièces', '3 Chambres', '1 Salle de bain']","['Jardin', 'Ascenseur', 'Vue sur mer', 'Piscine', 'Climatisation', 'Chauffage central', 'Sécurité', 'Cuisine équipée']","Villa à vendre à Bouhsina – Sousse
Belle villa sur deux niveaux située dans un quartier calme et recherché à Bouhsina, proche de la route principale, des commerces et des facultés, avec un accès rapide vers la route de ceinture.

Terrain : 433 m²
Surface couverte : 380 m²
Type : Villa jumelée (côté droit)

Composition :
Deux étages séparés, chacun composé de S3
Studio S1 indépendant
Étage inachevé (possibilité d’aménagement selon vos be...",https://www.mubawab-media.com/ad/8/227/376F/h/1_81148419.avif
370 000 TND,A vendre duplex S3 direct promoteur,"Bouhssina, Sousse Ville","['143 m²', '1 Pièce', '3 Chambres', '2 Salles de bains']","['Terrasse', 'Ascenseur', 'Concierge', 'Façade extérieure', 'Climatisation', 'Chauffage central', 'Double vitrage', 'Cuisine équipée', 'Four']","À vendre un duplex S3 au 7ᵉ étage, situé à Cité Olympique dans une résidence neuve, sécurisée et bien située, proche de toutes les commodités. Ce bien offre un salon spacieux et lumineux, une cuisine moderne ouverte au salon, 3 chambres à coucher confortables, deux salles d’eau, ainsi qu’une terrasse avec vue dégagée. Chauffage central, climatisation, ascenseur et place de parking disponibles. Idéal pour habitation principale ou investissement",https://www.mubawab-media.com/ad/8/209/960F/h/thumb_57784_property_xlarge_80963443.avif
500 000 TND,Appartement s1 haut standing vue sur mer,"Sousse Ville, Sousse Ville","['84 m²', '1 Pièce', '1 Chambre', '1 Salle de bain']","['Terrasse', 'Garage', 'Ascenseur', 'Vue sur mer', 'Concierge', 'Façade extérieure', 'Climatisation', 'Chauffage central', 'Sécurité', 'Double vitrage', 'Porte blindée', 'Cuisine équipée', 'Four']","Dahmen Immobilier met en vente  , un appartement vue sur mer occupe le 1ére étage d'une résidence sécurisée , à proximité de toutes commodités nécessaires ( banques , zone touristique , super Market , transport , café restaurants ... ) à sousse ville . L'appartement est de :
 * Typologie : S1 
* Détails : Il est composé 
un salon 
 une suite
Un salle d'eau  
une cuisine bien aménagée 

 * Equipements : 
- Chauffage centrale 
- Climatise...",https://www.mubawab-media.com/ad/8/228/435F/h/White%20Grey%20Simple%20Photo%20Sold%20Real%20Estate%20Facebook%20Post%20%283%29_81160326.avif
376 761 TND,A vendre S2 direct promoteur,"Bouhssina, Sousse Ville","['105 m²', '1 Pièce', '2 Chambres', '1 Salle de bain']","['Terrasse', 'Ascenseur', 'Concierge', 'Climatisation', 'Chauffage central', 'Double vitrage', 'Cuisine équipée', 'Four']","Profitez de cette opportunité unique avec ce S2 situé au 3ᵉ étage d’une résidence moderne, sécurisée et bien située.

L’appartement se compose d’un salon lumineux avec balcon, d’une cuisine équipée, de deux chambres confortables, ainsi que d’une salle d’eau moderne",https://www.mubawab-media.com/ad/8/228/338F/h/1_81159211.avif
720 192 TND,Duplex S3 à Vendre,"Bouhssina, Sousse Ville","['218 m²', '1 Pièce', '3 Chambres', '2 Salles de bains']","['Terrasse', 'Meublé', 'Climatisation', 'Chauffage central', 'Cuisine équipée', 'Réfrigérateur', 'Four', 'Machine à laver']","À vendre, un superbe duplex S3 haut standing, situé au 7ème et dernier étage d'une résidence récente avec ascenseur. Ce bien offre un espace de vie lumineux avec une cuisine américaine ouverte sur un grand salon, 3 chambres spacieuses dont une suite parentale, 2 salles de bain modernes, et une belle terrasse avec vue dégagée. Matériaux de qualité, finitions soignées, résidence sécurisée. Opportunité à saisir avec 1000 Immobilier",https://www.mubawab-media.com/ad/8/228/406F/h/Brown%20Monochrome%20Simple%20Elegant%20Interior%20Design%20Promotion%20Instagram%20Post%20%281%29_81160224.avif
210 000 TND,A vendre S1 Direct Promoteur,"Bouhssina, Sousse Ville","['55 m²', '1 Pièce', '1 Chambre', '1 Salle de bain']","['Terrasse', 'Garage', 'Ascenseur', 'Vue sur mer', 'Climatisation', 'Chauffage central', 'Cuisine équipée']","Opportunité à saisir ! Situé au 7ᵉ étage d'une résidence moderne, ce S1 lumineux bénéficie d’un agencement fonctionnel et de finitions haut standing.

Il comprend un salon avec cuisine ouverte, une chambre confortable, une salle d’eau moderne, ainsi qu’un balcon",https://www.mubawab-media.com/ad/8/162/709F/h/thumb_61520_property_big_80487239.avif
200 000 TND,Bel appartement à vendre à Chatt Meriem,"Chatt Meriem, Sousse Ville","['80 m²', '2 Chambres', '1 Salle de bain']","['Terrasse', 'Garage', 'Façade extérieure', 'Antenne parabolique', 'Climatisation', 'Chauffage central', 'Porte blindée']","Faites une belle affaire en achetant cet appartement.
Prix 200 000 TND.
2 chambres, 1 salle de bains, meublé , surface 80 m².
3ème étage.
Bon état.
Meublé.

Venez découvrir cet appartement à vendre à Chatt Meriem",https://www.mubawab-media.com/ad/8/240/378F/h/FB_IMG_1761221529595_81286481.avif
550 000 TND,Appartement s2 à vendre sousse,"Sousse Ville, Sousse Ville","['2 Pièces', '2 Chambres', '1 Salle de bain']","['Terrasse', 'Garage', 'Cuisine équipée']","Dahmen Immobilier met en vente ou pour la location  , un bel appartement au 4éme étage d'une résidence luxe spacieux S2 on découvre 
deux  salons 
salle à manger avec balcon  
2 chambres à coucher avec salle de bain commune. 
une cuisine équipée par des rangement qui s'ouvre sur le salon 

* Équipements :
Climatiseurs
Dressings 
Terrasse
 avec place parking

 *prix : Prix 550mille dinars 

 * Nos contacts : 00216 20480165 00216 2210...",https://www.mubawab-media.com/ad/8/222/148F/h/Picture-86243219-20-watermark_81093090.avif
170 000 TND,A vendre appartement S2 a Sousse,"Sousse Ville, Sousse Ville","['70 m²', '5 Pièces', '2 Chambres', '1 Salle de bain']","['Jardin', 'Garage', 'Entre-seul', 'Climatisation', 'Chauffage central', 'Sécurité', 'Porte blindée']","A vendre appartement s2 a citee olympique sousse
-titre individuel
-rue salle couverte
-1ere etage
-Orientation ideale ( Est )
-Parking spacieux a l'interieur
-Proche de toutes les commodités
-Immeuble calme de 3 etages seulement
-Chauffage centrale
-climatiseur
-balcon spacieux
-Gaz de ville
-70m de surface
-من المالك مباشرة دون وسيط
-Le prix est un peu negociable",https://www.mubawab-media.com/ad/8/017/677F/h/IMG_20250805_101655_635_81143999.avif
175 100 TND,"À Vendre – Appartement S3 à Souisse, Sousse","Sousse Ville, Sousse Ville","['100 m²', '4 Pièces', '3 Chambres', '1 Salle de bain']","['Jardin', 'Terrasse', 'Garage', 'Ascenseur', 'Vue sur mer', 'Piscine', 'Concierge', 'Meublé', 'Antenne parabolique', 'Climatisation', 'Chauffage central', 'Sécurité', 'Double vitrage', 'Porte blindée', 'Cuisine équipée', 'Réfrigérateur', 'Four', 'Machine à laver', 'Micro-ondes']","Situé dans le quartier calme et recherché de Souisse, cet appartement de 100 m² au rez-de-chaussée représente une opportunité idéale pour une résidence principale ou un investissement locatif.

Caractéristiques principales :

Appartement S3 avec trois chambres spacieuses et lumineuses

Cuisine indépendante, salle de bain, WC séparé

Petit balcon offrant un espace extérieur agréable

Parking privé devant la résidence

Emplacement strat...",https://www.mubawab-media.com/ad/7/957/626F/h/thumb_57966_property_xlarge_78441220.avif
590 000 TND,A vendre une villa inachevée à bouhsina,"Bouhssina, Sousse Ville","['349 m²', '5 Pièces', '4 Chambres', '2 Salles de bains']","['Terrasse', 'Garage']","Novacasa immobilière vous propose cette belle villa à Bouhsina Sousse
Superficie Sous-sol : 208 m² (un grand espace  pour un garage, une salle de loisirs ou même un studio indépendant )
Rez-de-chaussée (RDC) : 180 m² avec :
Un salon spacieux 
Une cuisine 
Une salle de bains 
Une salle d’eau pour plus de confort
3 chambres à coucher 
Points Forts :
Titre Bleu Individuel 
Façade de 13 mètres 
Travaux à prévoir : La villa est inachevée, v...",https://www.mubawab-media.com/ad/8/213/224F/h/salon_80996714.avif
395 000 TND,Vend appartement à Chatt Meriem. Superficie 80 m². Meublé,"Chatt Meriem, Sousse Ville","['80 m²', '1 Pièce', '2 Chambres', '1 Salle de bain']","['Chauffage central', 'Cuisine équipée']","Découvrez cet appartement à vendre. Prix 395 000 TND. 2 chambres, 1 salle de bains, 80 m². 1 Pièces. 1er étage. Moins d'un an. Type de sol: Carrelage. Meublé.

Venez découvrir cet appartement à vendre à Chatt Meriem. Profitez d'une vue magnifique sur la mer et du calme absolu avec fenêtres en double vitrage. Chauffage central. Résidence parfaitement équipée avec ascenseur et parking. Vous profiterez également d'une belle terrasse.

Programmez dès...",https://www.mubawab-media.com/ad/8/182/690F/h/fa%C3%A7ade%20im%20corniche_80689672.avif
580 000 TND,Immeuble R2 à vendre à Bouhsina,"Bouhssina, Sousse Ville","['120 m²', '7 Pièces', '7 Chambres', '7 Salles de bains']","['Terrasse', 'Ascenseur', 'Concierge', 'Façade extérieure', 'Antenne parabolique', 'Climatisation', 'Chauffage central', 'Sécurité', 'Cuisine équipée']","À vendre un immeuble R2 situé à Bouhsina, dans un quartier calme, proche de toutes commodités (écoles, commerces, transports…).

Superficie du terrain : 120m² et 450m² Couverte
Nombre d’étages : 3
Nombre d’appartements : 7
Possibilité de rentabilité locative intéressante
Construction solide
Titre foncier en règle
Emplacement stratégique, à quelques minutes du centre-ville de Sousse.

Idéal pour un investissement locatif ou un projet fam...",https://www.mubawab-media.com/ad/8/208/423F/h/thumb_1153554_property_xlarge_80947375.avif
Prix à consulter,Un duplex s2 jamais habité à vendre à sousse,"Sousse Ville, Sousse Ville","['143 m²', '2 Pièces', '2 Chambres', '1 Salle de bain']","['Terrasse', 'Ascenseur', 'Concierge', 'Chauffage central', 'Sécurité', 'Cuisine équipée']","En vente , un duplex de 143 m² à cité olympique direct promoteur au 7éme étage Il se compose de : Salon , Deux (02) chambres à couchers Une salle de bain Une cuisine moderne * Détails : - Chauffage centrale - Climatiseurs - Cuisine équipée - UNE PLACE DE PARKING SOUS-SOL : 19 000 dt - Superficie : 143 m² - Prix de vente : 376.000 dt",https://www.mubawab-media.com/ad/8/143/704F/h/Picture-84866143-1-watermark_80285534.avif
400 000 000 TND,"S2 rénové – en face Tej Marhaba, 2 min de la mer","Sousse Ville, Sousse Ville","['90 m²', '3 Pièces', '2 Chambres', '1 Salle de bain']","['Terrasse', 'Ascenseur', 'Vue sur mer', 'Concierge', 'Sécurité', 'Cuisine équipée']","À saisir, superbe appartement S2 avec titre bleu individuel, situé au 2ᵉ étage de la prestigieuse Résidence Bouzaabia, en plein centre-ville de Sousse. Emplacement exceptionnel : juste en face de l’hôtel Tej Marhaba et à seulement 2 minutes à pied de la plage.

Atouts :

Salon lumineux  2 chambres confortables

Chauffage central et climatisation dans toutes les pièces

Cuisine moderne équipée  rangements intégrés

Placards muraux pratiq...",https://www.mubawab-media.com/ad/7/890/414F/h/Picture-83246136-1-watermark_80233490.avif
Prix à consulter,Occasion à Saisir: Derniers Appartements à vendre,"Sousse Corniche, Sousse Ville","['80 m²', '3 Pièces', '2 Chambres', '1 Salle de bain']","['Jardin', 'Terrasse', 'Vue sur mer', 'Climatisation', 'Chauffage central', 'Cuisine équipée']","Ne ratez pas cette opportunité unique 
Un immeuble moderne mis en vente :  il ne reste que 3 appartements disponibles 
*Finitions modernes
* Quartier calme et bien situé
* Résidence sécurisée avec ascenseur
* Titre foncier disponible
N’attendez plus, contactez-nous
téléphone /whatsAPP
52 502 988 / 55 153 800",https://www.mubawab-media.com/ad/8/192/987F/h/thumb_1136042_property_large_80792793.avif
250 000 TND,A vendre S1 vue sur mer,"Sousse Corniche, Sousse Ville","['58 m²', '2 Pièces', '1 Chambre', '1 Salle de bain']","['Garage', 'Antenne parabolique', 'Climatisation', 'Double vitrage', 'Cuisine équipée']","A vendre S1 avec vue sur mer

À vendre un magnifique appartement S1, offrant une superbe vue panoramique et vue sur mer, dans une résidence sécurisée et haut standing à Sousse

Cet appartement de luxe est composé de: 
Salon lumineux avec un balcon 
Cuisine bien équipée moderne
Chambre à coucher
Salle de bain

Pour plus de détails ou organiser une visite, veuillez nous contacter
Téléphone & WhatsApp: 51 019 324 / 54 54 90 54
Email cont...",https://www.mubawab-media.com/ad/8/191/655F/h/thumb_61713_property_xlarge_80779020.avif
576 800 TND,À vendre 2 villas en front de mer à Sousse,"Sousse Ville, Sousse Ville","['250 m²', '3 Pièces', '2 Chambres', '1 Salle de bain']","['Jardin', 'Terrasse']","Vente combinée : 2 villas en front de mer à Houmet Chott – Sousse

Situées à Houmet Chott – Sousse, ces deux villas se trouvent en front de mer, sur un terrain de 473 m². L’orientation sud-est assure un ensoleillement optimal et une vue dégagée sur la mer, idéale pour profiter pleinement du cadre naturel.

Chaque villa est de type S2 et offre :

Deux chambres spacieuses

Un salon lumineux avec accès vers l’extérieur

Une cuisine moderne...",https://www.mubawab-media.com/ad/8/191/121F/h/1_80773192.avif
85 000 TND,À Vendre: Appartement S2 à Cité Rayhan,"Sousse Ville, Sousse Ville","['70 m²', '3 Pièces', '2 Chambres', '1 Salle de bain']","['Jardin', 'Terrasse', 'Garage']","Nous vous proposons un appartement de type S2 idéalement situé dans le quartier Cité Rayhan, à quelques mètres des facultés et de toutes les commodités (commerces, transports), offrant une parfaite accessibilité pour les étudiants ou toute personne à la recherche d’un cadre de vie pratique.

Caractéristiques de l'appartement :
 1 salon lumineux à l'entrée, parfait pour recevoir vos invités.
 2 chambres à coucher spacieuses, avec des fenêtres...",https://www.mubawab-media.com/ad/8/191/117F/h/2025-06-25_184513_80773146.avif
Prix à consulter,Studio s1 à vendre,"Sousse Ville, Sousse Ville","['50 m²', '2 Pièces', '1 Chambre', '1 Salle de bain']",['Vue sur mer'],"Située dans un quartier calme de Sousse,
proche des commerces et des transports.
Idéal pour habitation ou investissement",https://www.mubawab-media.com/ad/8/099/783F/h/MODELE%202_79843508.avif
160 000 TND,A vendre maison indépendant sur trois niveaux à Bo,"Bouhssina, Sousse Ville","['120 m²', '6 Pièces', '6 Chambres', '1 Salle de bain']",['Vue sur mer'],"IGH immobiliere met à votre disposition une spacieuse maison familiale sur 3 niveaux, située dans un quartier calme à Bohsina Sousse
 Caractéristiques principales :
Superficie généreuse répartie sur trois étages
Chaque étage dispose d’un espace de vie lumineux et bien agencé
Cuisine spacieuse (non équipée)
Plusieurs chambres à coucher avec une belle luminosité naturelle
Un petit jardin et un balcon 
Salle de douche à chaque niveau
Idéale...",https://www.mubawab-media.com/ad/8/167/606F/h/Picture-1932060-1-watermark_80536308.avif
Prix à consulter,À VENDRE – Villa Plain pied à Cité Zahra SOUSSE,"Bouhssina, Sousse Ville","['845 m²', '1 Pièce', '2 Chambres', '2 Salles de bains']","['Terrasse', 'Garage', 'Climatisation', 'Chauffage central', 'Cuisine équipée']","Dahmen Immobilier vous propose à la vente Villa Plain-pied à Cité Zahra, Sousse 
Emplacement : Quartier résidentiel à Cité Zahra – Sousse

** Superficie terrain : 845 m²
** Superficie bâtie : 350 m² 
**Vocation : R2 

 Possibilité d’extension Cette villa de plain-pied, isolée sur les 4 côtés, offre un cadre de vie paisible avec un grand jardin arboré de fruitiers et une belle façade.

** Elle se compose de : 
-Un hall d’entrée avec un s...",https://www.mubawab-media.com/ad/8/176/209F/h/IMG_3367_80624003.avif
207 400 TND,"Appartement pres de la banque centrale 
sousse","Sousse Ville, Sousse Ville","['122 m²', '3 Pièces', '3 Chambres', '1 Salle de bain']","['Terrasse', 'Meublé', 'Climatisation', 'Chauffage central', 'Cuisine équipée']","APPARTEMENT A USAGE DE BUREAU OU HABITATION 3 PIECES (A RENOVER) AU 2 EME ETAGE.
ADRESSE: AU CENTRE VILLE BAB JEDID PRES DE LA BANQUE CENTRALE SOUSSE",https://www.mubawab-media.com/ad/8/164/763F/h/thumb_51549_property_xlarge_80508452.avif
234 600 TND,"Appartement pres de la banque centrale 
sousse","Sousse Ville, Sousse Ville","['138 m²', '5 Pièces', '5 Chambres', '1 Salle de bain']","['Terrasse', 'Ascenseur', 'Vue sur mer', 'Concierge', 'Meublé', 'Façade extérieure', 'Salon européen', 'Climatisation', 'Chauffage central', 'Sécurité', 'Double vitrage', 'Cuisine équipée']","APPARTEMENT A USAGE DE BUREAU OU HABITATION 5 PIECES ET UNE CUISINE (A RENOVER) AU 1ER ETAGE.
ADRESSE: AU CENTRE VILLE BAB JEDID PRES DE LA BANQUE CENTRALE SOUSSE",
250 000 TND,A Vendre Appartement S3 à Panorama,"Sousse Corniche, Sousse Ville","['105 m²', '4 Pièces', '3 Chambres', '2 Salles de bains']",['Cuisine équipée'],"A Vendre Appartement S3 à Panorama, Khzema
Chez IGH Immobilière, découvrez un appartement S3 à Panorama, Située dans un quartier calme et résidentiel, à proximité des commodités essentielles
Composition :
Salon/ salle à manger
Trois chambres à coucher
Salle d'eau pour les invités
Salle de bain
Cuisine équipée
Balcon
Superficie de 105 m² 
Prix 250.000 DT
Documents en règle pour un achat sécurisé
Ne manquez pas cette opportunité excepti...",
220 000 TND,À Vendre – Appartement S2 Meublé à Trocadéro,"Sousse Ville, Sousse Ville","['115 m²', '3 Pièces', '2 Chambres', '1 Salle de bain']","['Jardin', 'Terrasse', 'Chambre rangement']","Emplacement : Trocadéro – Quartier prisé, proche du centre-ville et de toutes les commodités (restaurants, bars lounge, mer, hôtels, etc.)

Prix attractif sur le marché
Superficie totale : 120 m²
Surface habitable : 115 m²
Étage : 2e étage dans un petit immeuble R2 (sans ascenseur)

Description du bien : 

À découvrir, un appartement S2 meublé, spacieux et lumineux, situé dans un immeuble calme. Ce bien offre un cadre de vie confortable...",
600 000 TND,Appartement avec Vue sur Mer à Sousse,"Sousse Corniche, Sousse Ville","['235 m²', '4 Pièces', '2 Chambres', '3 Salles de bains']",[],"À vendre à Sousse – Zone touristique, front de mer
Appartement haut standing S2 – 235 m² (dont 25 m² de terrasse)
Vue mer panoramique
Suite parentale avec jacuzzi
Salon lumineux, cuisine américaine équipée
Salle de bain moderne, climatisation, chauffage central
4ᵉ étage avec ascenseur – Résidence sécurisée et bien entretenue
Proche plages, restaurants, commerces

Contact en message privé pour infos et visite.

#AppartementVueMer #Souss...",
340 000 TND,Maison arabe à vendre à sousse,"Sousse Ville, Sousse Ville","['100 m²', '3 Pièces', '3 Chambres', '2 Salles de bains']",[],"Nous mettons en vente , Maison arabe à El Medina Sousse. un maison sur un terrain de 100 m².
 se compose 
 trois pièces
 Salon
 salle à manger 
Une cuisine équipée 
 Une salle de bain
 Sous sol ( dehlise). 
Pour plus d'informations , vous pouvez nous contacter sur : 00216 22 105 711 00216 29 480 165 00216 20 480 165 E-mail : direction@dahmenimmobilier.tn",
1 100 000 TND,Belle résidence à la corniche à 200m de la mer,"Sousse Corniche, Sousse Ville","['932 m²', '24 Pièces', '24 Chambres', '10 Salles de bains']","['Chambre rangement', 'Meublé', 'Antenne parabolique', 'Climatisation', 'Chauffage central', 'Cuisine équipée', 'Réfrigérateur', 'Four']","il s’agit d’une résidence de 932m2, de 3 niveaux avec un 4ème niveau constructible (permis de construction existant) avec titre foncier.
elle est composée de 24 pièces qui sont réparties comme suit:
10 double, 6 triple, 2 single, 2 suites (4 pièces double communicantes entre elles) une avec 4 lits et l’autre avec 5 lits.
elle est située dans une zone très animée à proximité des restaurants, de grandes surfaces et surtout à 200 m² de la belle p...",
385 000 TND,A vendre duplex à Bouhsina,"Bouhssina, Sousse Ville","['143 m²', '3 Pièces', '2 Chambres', '1 Salle de bain']","['Terrasse', 'Ascenseur', 'Climatisation', 'Chauffage central', 'Cuisine équipée']","A vendre un Duplex à Bouhsina
Étendue majestueuse : 143 m².
Ses Atouts :
deux chambres
Salon baigné de lumière avec balcon
Cuisine équipée
Salle d'au avec douche
Chauffage central et climatisation.
Nous sommes à votre disposition pour toute information. N'hésitez pas à nous contacter 216 53 361 361 / 216 25 581 333 / 216 26 836 800 /216 24 550 444 , ou par email : contact@novacasa.tn",
480 000 TND,Appartement s2 haut standing à vendre à Sousse,"Bouhssina, Sousse Ville","['128 m²', '2 Pièces', '3 Chambres', '1 Salle de bain']","['Terrasse', 'Climatisation', 'Chauffage central']","Agence Immobilière Kantaoui a le plaisir de vous proposer un appartement type S2 de standing sur la zone touristique de Sousse sis au sixième étage d'une résidence gardée 24/24 et à 200 mètres de la plage
L'appartement a comme superficie128m² reparti comme suivant :
Salon et salle à manger avec terrasse vue mer latéral
Cuisine indépendante agencée , équipée (Plaques , Haute) et doté par une séchoir
02 chambres à coucher avec dressing
01 salle de...",
1 300 000 TND,Immeuble à vendre sousse,"Sousse Ville, Sousse Ville",['3 Chambres'],"['Jardin', 'Terrasse', 'Garage', 'Vue sur mer', 'Concierge', 'Antenne parabolique', 'Climatisation']","Joli immeuble à vendre Dahmen Immobilier met sur le marché  un immeuble 750 m² couverts a HAY TAAMIR Sousse. il est destiné pour une habitation simple ou pour un projet d'investissement gras a son emplacement ... Cet immeuble est composé de3étages chaque étage à 3 appartements : 1.300.000 dt * Nos services : - accompagnements jusqu'a la signature du contrat. Soyez le bienvenue à notre agence Immobilière : Route de la plage, ElMenchia immeuble Pan...",https://www.mubawab-media.com/ad/7/759/688F/h/photo_00_53898651.avif
Prix à consulter,Appartement à l'achat. 3 chambres agréables. Jardin et terra...,"Chatt Meriem, Sousse Ville","['130 m²', '3 Chambres', '2 Salles de bains']","['Jardin', 'Terrasse', 'Garage', 'Ascenseur', 'Vue sur mer', 'Piscine', 'Concierge', 'Meublé', 'Antenne parabolique', 'Climatisation', 'Chauffage central', 'Sécurité', 'Double vitrage', 'Porte blindée', 'Cuisine équipée', 'Réfrigérateur', 'Four', 'Machine à laver', 'Micro-ondes']","Faites une belle affaire en achetant cet appartement. 3 chambres, 1 salle de bains, 130 m². 1er étage. Moins de 20 ans. Type de sol: Carrelage.

Cet appartement est proposé à la vente . Vous bénéficierez d'une terrasse et d'un jardin. Appréciez le confort de la climatisation. La résidence dispose également d'un service de concierge.

Programmez dès maintenant votre visite pour cet appartement d'exception. Antenne parabolique. Profitez d'une v...",https://www.mubawab-media.com/ad/8/017/677F/h/IMG_20250805_101655_635_81143999.avif
395 000 TND,Vend appartement à Chatt Meriem. Superficie 80 m². Meublé,"Chatt Meriem, Sousse Ville","['80 m²', '1 Pièce', '2 Chambres', '1 Salle de bain']","['Jardin', 'Terrasse', 'Chambre rangement']","Découvrez cet appartement à vendre. Prix 395 000 TND. 2 chambres, 1 salle de bains, 80 m². 1 Pièces. 1er étage. Moins d'un an. Type de sol: Carrelage. Meublé.

Venez découvrir cet appartement à vendre à Chatt Meriem. Profitez d'une vue magnifique sur la mer et du calme absolu avec fenêtres en double vitrage. Chauffage central. Résidence parfaitement équipée avec ascenseur et parking. Vous profiterez également d'une belle terrasse.

Programmez dès...",https://www.mubawab-media.com/ad/8/176/209F/h/IMG_3367_80624003.avif
460 000 TND,"Villa à Sousse  
3 studios déjà loués","Sousse Riadh, Sousse Ville","['8 Pièces', '5 Chambres', '5 Salles de bains']","['Terrasse', 'Ascenseur', 'Vue sur mer', 'Concierge', 'Meublé', 'Façade extérieure', 'Salon européen', 'Climatisation', 'Chauffage central', 'Sécurité', 'Double vitrage', 'Cuisine équipée']","Villa qui fait l'angle sur deux étages située à Cité Eriadh, Sousse, sur la route principale P12 menant vers Kairouan.
Avec 3 studios séparés déjà loués offrant un bon rendement.

La villa bénéficie d'un emplacement stratégique, avec un jardin public séparant la propriété de la route principale. Le standing est moyen, idéal pour une habitation confortable ou un investissement locatif.

Rez-de-chaussée :

Une suite

Chambre d'invité

Cuisine avec...",https://www.mubawab-media.com/ad/8/240/378F/h/FB_IMG_1761221529595_81286481.avif
600 000 TND,Appartement avec Vue sur Mer à Sousse,"Sousse Corniche, Sousse Ville","['235 m²', '4 Pièces', '2 Chambres', '3 Salles de bains']","['Terrasse', 'Garage', 'Façade extérieure', 'Antenne parabolique', 'Climatisation', 'Chauffage central', 'Porte blindée']","À vendre à Sousse – Zone touristique, front de mer
Appartement haut standing S2 – 235 m² (dont 25 m² de terrasse)
Vue mer panoramique
Suite parentale avec jacuzzi
Salon lumineux, cuisine américaine équipée
Salle de bain moderne, climatisation, chauffage central
4ᵉ étage avec ascenseur – Résidence sécurisée et bien entretenue
Proche plages, restaurants, commerces

Contact en message privé pour infos et visite.

#AppartementVueMer #Souss...",https://www.mubawab-media.com/ad/8/213/224F/h/salon_80996714.avif
170 000 TND,A vendre appartement S2 a Sousse,"Sousse Ville, Sousse Ville","['70 m²', '5 Pièces', '2 Chambres', '1 Salle de bain']","['Terrasse', 'Meublé', 'Climatisation', 'Chauffage central', 'Cuisine équipée', 'Réfrigérateur', 'Four', 'Machine à laver']","A vendre appartement s2 a citee olympique sousse
-titre individuel
-rue salle couverte
-1ere etage
-Orientation ideale ( Est )
-Parking spacieux a l'interieur
-Proche de toutes les commodités
-Immeuble calme de 3 etages seulement
-Chauffage centrale
-climatiseur
-balcon spacieux
-Gaz de ville
-70m de surface
-من المالك مباشرة دون وسيط
-Le prix est un peu negociable",https://www.mubawab-media.com/ad/8/191/121F/h/1_80773192.avif
200 000 TND,Bel appartement à vendre à Chatt Meriem,"Chatt Meriem, Sousse Ville","['80 m²', '2 Chambres', '1 Salle de bain']","['Terrasse', 'Ascenseur', 'Concierge', 'Façade extérieure', 'Antenne parabolique', 'Climatisation', 'Chauffage central', 'Sécurité', 'Cuisine équipée']","Faites une belle affaire en achetant cet appartement.
Prix 200 000 TND.
2 chambres, 1 salle de bains, meublé , surface 80 m².
3ème étage.
Bon état.
Meublé.

Venez découvrir cet appartement à vendre à Chatt Meriem",https://www.mubawab-media.com/ad/8/191/117F/h/2025-06-25_184513_80773146.avif
400 000 000 TND,"S2 rénové – en face Tej Marhaba, 2 min de la mer","Sousse Ville, Sousse Ville","['90 m²', '3 Pièces', '2 Chambres', '1 Salle de bain']",['Vue sur mer'],"À saisir, superbe appartement S2 avec titre bleu individuel, situé au 2ᵉ étage de la prestigieuse Résidence Bouzaabia, en plein centre-ville de Sousse. Emplacement exceptionnel : juste en face de l’hôtel Tej Marhaba et à seulement 2 minutes à pied de la plage.

Atouts :

Salon lumineux  2 chambres confortables

Chauffage central et climatisation dans toutes les pièces

Cuisine moderne équipée  rangements intégrés

Placards muraux pratiq...",https://www.mubawab-media.com/ad/8/274/587F/h/066_81657009.avif
Prix à consulter,Studio s1 à vendre,"Sousse Ville, Sousse Ville","['50 m²', '2 Pièces', '1 Chambre', '1 Salle de bain']",['Vue sur mer'],"Située dans un quartier calme de Sousse,
proche des commerces et des transports.
Idéal pour habitation ou investissement",https://www.mubawab-media.com/ad/8/310/870F/h/20220613_162211_82044187.avif
207 400 TND,"Appartement pres de la banque centrale 
sousse","Sousse Ville, Sousse Ville","['122 m²', '3 Pièces', '3 Chambres', '1 Salle de bain']",['Jardin'],"APPARTEMENT A USAGE DE BUREAU OU HABITATION 3 PIECES (A RENOVER) AU 2 EME ETAGE.
ADRESSE: AU CENTRE VILLE BAB JEDID PRES DE LA BANQUE CENTRALE SOUSSE",https://www.mubawab-media.com/ad/8/331/396F/h/IMG_2958_82262239.avif
234 600 TND,"Appartement pres de la banque centrale 
sousse","Sousse Ville, Sousse Ville","['138 m²', '5 Pièces', '5 Chambres', '1 Salle de bain']","['Jardin', 'Vue sur mer']","APPARTEMENT A USAGE DE BUREAU OU HABITATION 5 PIECES ET UNE CUISINE (A RENOVER) AU 1ER ETAGE.
ADRESSE: AU CENTRE VILLE BAB JEDID PRES DE LA BANQUE CENTRALE SOUSSE",https://www.mubawab-media.com/ad/8/323/099F/h/Design%20sans%20titre%20%2833%29_82171793.avif
98 000 TND,A vendre un S1 60m² à Sousse,"Sousse Ville, Sousse Ville","['60 m²', '1 Pièce', '1 Chambre', '1 Salle de bain']","['Jardin', 'Garage']","A vendre un S1 (60m²)
en rez- de jardin à Diar El Ons,
près de Clinique Assalem, Rond-point Panorama en plein centre de Sousse.
(Titre Bleu Global)",https://www.mubawab-media.com/ad/8/307/032F/h/1_82003836.avif
Prix à consulter,"Immeuble a vendre a Swiss 
Sousse","Sousse Ville, Sousse Ville","['336 m²', '3 Pièces', '2 Chambres', '4 Salles de bains']","['Terrasse', 'Ascenseur', 'Vue sur mer', 'Chambre rangement', 'Façade extérieure', 'Salon européen', 'Antenne parabolique', 'Chauffage central', 'Porte blindée', 'Cuisine équipée', 'Réfrigérateur', 'Four', 'Machine à laver']","Opportunité d'investissement exceptionnelle à Sousse (Cité Swiss) : À vendre, un immeuble de coin idéalement situé sur deux artères principales très animées, à moins de 300 mètres de la plage. Édifié sur un terrain de 336 m², cet ensemble immobilier à fort rendement comprend trois boutiques au rez-de-chaussée (sans fonds de commerce), une maison arabe S3 avec cour, ainsi que cinq appartements spacieux (S2 et S3) répartis sur deux niveaux, tous do...",https://www.mubawab-media.com/ad/8/311/372F/h/thumb_242581_property_xlarge_82049599.avif
6 300 000 TND,Exclusivité foncière: immeuble traversant,"Sousse Ville, Sousse Ville","['1005 m²', '3 Pièces', '3 Chambres', '1 Salle de bain']","['Terrasse', 'Garage', 'Ascenseur', 'Concierge', 'Façade extérieure', 'Climatisation', 'Chauffage central', 'Sécurité', 'Double vitrage', 'Cuisine équipée', 'Four']","Emplacement Stratégique sur l'Artère Principale de Sousse
À vendre, un immeuble de rapport, idéalement situé sur l'axe le plus convoité de Sousse. Ce bien de 1 005 m² couverts sur un terrain de 639 m² (Titre Bleu individuel) est une opportunité rare pour les promoteurs et investisseurs institutionnels.
UN EMPLACEMENT ET UN POTENTIEL UNIQUES
•	Configuration Traversante : L'immeuble possède une double façade avec un accès principal sur l'artère...",https://www.mubawab-media.com/ad/8/315/422F/h/Design%20sans%20titre%20%284%29_82142381.avif
350 000 TND,Bord de mer vue mer,"Sousse Corniche, Sousse Ville","['170 m²', '4 Pièces', '2 Chambres', '2 Salles de bains']","['Jardin', 'Terrasse', 'Antenne parabolique', 'Climatisation']","SOUSSE CENTRE A 100M DE LA PLACE.
7 EME ETAGE PRIVATIF,
ASCENSSEUR",https://www.mubawab-media.com/ad/8/312/060F/h/thumb_65436_property_xlarge_82059467.avif
610 000 TND,S4 Haut Standing Khezema Zone Touristique,"Sousse Ville, Sousse Ville","['161 m²', '5 Pièces', '4 Chambres', '2 Salles de bains']","['Jardin', 'Terrasse', 'Garage', 'Climatisation', 'Chauffage central', 'Cuisine équipée', 'Four']","À vendre S4 dans nouvelle construction de haut standing, à proximité de la zone touristique .
Rue de Beyrout, face à l’hôtel Jaz Tour Khalef – emplacement stratégique, proche du commissariat et de toutes commodités.

⸻

Situé au 2ᵉ étage d’un immeuble moderne de deux étages avec ascenseur.

Caractéristiques du bien :
• Grande cuisine entièrement meublée – meubles haut de gamme Delta Cuisine
• Spacieuse suite parentale avec dressing et salle de ba...",https://www.mubawab-media.com/ad/8/308/224F/h/09dce535-ab41-443b-874f-af4430769888_82016123.avif
450 000 TND,A Vendre: Duplex d'Exception à Hergla,"Sousse Medina, Sousse Ville","['145 m²', '5 Pièces', '3 Chambres', '1 Salle de bain']","['Terrasse', 'Garage', 'Vue sur les montagnes', 'Concierge', 'Meublé', 'Façade extérieure', 'Climatisation', 'Chauffage central', 'Sécurité', 'Double vitrage', 'Cuisine équipée', 'Réfrigérateur', 'Four', 'Machine à laver', 'Micro-ondes']","OPPORTUNITÉ RARE : DUPLEX À HERGLA

L'Agence Immobilière Ezzayatine met en vente un duplex spacieux de 145 m² situé dans un quartier calme de Hergla, à quelques minutes à pied de la plage.

Points clés :



Surface : 145 m²

Emplacement : Hergla, secteur recherché

Atout : Proximité mer et fort rendement locatif

Contactez-nous pour une visite :

 Agence El Menchia

55 050 501 / 55 050 502

ezzayatine.immobiliere@gmail.com",https://www.mubawab-media.com/ad/8/304/454F/h/2fb0f9d0-21d1-44c8-a9d4-b1808a4359c9_81977933.avif
270 000 TND,À vendre une maison a sousse,"Sousse Ville, Sousse Ville","['200 m²', '6 Pièces', '6 Chambres', '2 Salles de bains']","['Ascenseur', 'Salon européen', 'Climatisation', 'Chauffage central', 'Sécurité', 'Cuisine équipée']","Agence BASMA Immobilière vous propose à la vente une maison de type S6, d’une superficie de 200 m² de terrain, idéalement située à Sousse Ville – Bled Arbi, dans un quartier calme et sécurisé.
Composition :
02 salons
02 cuisines
6 chambres à coucher
02 salles de bain
Prix : 270 000 DT
Pour plus de renseignements ou pour planifier une visite :
Téléphone : 46 010 000 / 52 080 000 / 73 319 380
WhatsApp : 46 010 000
Site web : www.basma-imm...",https://www.mubawab-media.com/ad/8/312/814F/h/Votre%20texte%20de%20paragraphe%20%289%29_82067455.avif
600 000 TND,A vendre un beau maison s3 à chatt mariem,"Sousse Ville, Sousse Ville","['200 m²', '2 Chambres']","['Jardin', 'Terrasse', 'Garage']","Notre #agence #Immobilière #Elkantaoui #sousse met en vente un joli maison s3 double façade avec grande terrasse de haute standing prés de toute commodités ,à 100m de la plage à Chatt Mariem

l'appartement a 200 m² comme superficie et 240m2 couvert, composé à l'entrée d'un lumineux salon et salle à manger , une suite parentale avec cabine douche une grande chambre à coucher , une cuisine bien équipée avec une plaque hotte et four et avec coin à m...",https://www.mubawab-media.com/ad/8/321/507F/h/1_82155560.avif
Prix à consulter,"À VENDRE, Immeuble R2 zaouiet Sousse","Zaouiet, Sousse Ville","['259 m²', '4 Pièces', '3 Chambres', '2 Salles de bains']","['Concierge', 'Meublé', 'Salon européen', 'Climatisation', 'Chauffage central', 'Sécurité', 'Double vitrage', 'Porte blindée', 'Cuisine équipée', 'Réfrigérateur', 'Four', 'Machine à laver', 'Micro-ondes']","L’Agence Immobilière Riahi met à votre disposition un immeuble à fort potentiel, idéal pour investissement ou usage mixte (habitation et activité professionnelle). Emplacement stratégique : situé à Zaouiet Sousse, à proximité de la société TPS, dans un quartier accessible et proche de toutes les commodités. Superficie du terrain : 258.9 m², Titre bleu disponible. Composition de l’immeuble :
Sous-sol : 131 m²
 Rez-de-chaussée (usage commercial)...",https://www.mubawab-media.com/ad/8/305/052F/h/thumb_40667_property_xlarge_81983273.avif
290 000 TND,Appartement s2 à vendre à sousse ville,"Sousse Ville, Sousse Ville","['70 m²', '2 Pièces', '2 Chambres', '1 Salle de bain']","['Terrasse', 'Ascenseur', 'Vue sur mer', 'Piscine', 'Concierge', 'Façade extérieure', 'Antenne parabolique', 'Cheminée', 'Climatisation', 'Chauffage central', 'Sécurité', 'Porte blindée', 'Cuisine équipée', 'Réfrigérateur', 'Four', 'Machine à laver', 'Micro-ondes']","À vendre – Appartement S2 à Sousse Ville Situé au 3ᵉ étage d’une résidence avec ascenseur, cet appartement S2 offre une superficie de 70 m² et se compose de : Un salon lumineux Une cuisine américaine Deux chambres à coucher Une salle de bain Prix : 290 000 DT Soyez les bienvenus à notre agence Immobilière : Route de la plage, ElMenchia immeuble Panoramis hammem sousse, ou bien nous contactez, Nos agents sont à votre disposition pour toutes inform...",https://www.mubawab-media.com/ad/8/305/603F/h/50%20232%20727%20%289%29_81988764.avif
600 000 TND,À vendre: Villa inachevée – Quartier résidentiel,"Sousse Ville, Sousse Ville","['354 m²', '4 Pièces', '3 Chambres', '2 Salles de bains']","['Terrasse', 'Garage', 'Ascenseur', 'Chauffage central', 'Sécurité']","Cette villa inachevée de plain-pied incarne une véritable maison de rêve à façonner selon vos envies. Elle séduit par ses volumes généreux et sa luminosité naturelle, offrant un vaste salon élégant, un séjour chaleureux et trois magnifiques suites parentales conçues pour garantir confort, intimité et bien-être au quotidien.

La cuisine, spacieuse et modulable, permet d’imaginer un espace moderne et raffiné, complété par une salle de bain harmon...",https://www.mubawab-media.com/ad/8/305/588F/h/Design%20sans%20titre%20%284%29_81988634.avif
140 000 TND,A Vendre Appartement S1 avec meuble,"Sousse Ville, Sousse Ville","['2 Pièces', '1 Chambre', '1 Salle de bain']","['Jardin', 'Terrasse', 'Garage', 'Entre-seul', 'Salon européen', 'Chauffage central', 'Cuisine équipée']","À vendre, charmant appartement S1 meublé situé au rez-de-chaussée, idéalement placé à seulement 5 minutes de la mer et de la zone touristique.

Cet appartement lumineux et bien agencé se compose d’un salon confortable entièrement meublé, d’une chambre spacieuse avec rangements, d’une cuisine équipée fonctionnelle ainsi que d’une salle de bain moderne. L’espace a été optimisé pour offrir confort et praticité, que ce soit pour une résidence princ...",https://www.mubawab-media.com/ad/8/313/877F/h/thumb_1290647_property_xlarge_82078622.avif
320 000 TND,À Vendre – Appartement S2 à Chatt Mariem,"Chatt Meriem, Sousse Ville","['88 m²', '3 Pièces', '2 Chambres', '1 Salle de bain']","['Garage', 'Sécurité', 'Double vitrage', 'Cuisine équipée']","À Vendre – Appartement S2 à Chatt Mariem

À vendre appartement S2 situé à Chatt Mariem dans une résidence avec piscine, à seulement 1 minute de la plage et à proximité de toutes les commodités.

• Étage : 1er étage
• Superficie : 90 m²
• Résidence avec piscine
• Accès très proche de la plage
• Quartier calme et pratique

Appartement idéal pour habitation ou investissement locatif dans une zone touristique recherchée.

• Titre bleu dis...",
258 000 TND,S2 à vendre Cité Olympique Sousse,"Bouhssina, Sousse Ville","['122 m²', '1 Pièce', '2 Chambres', '1 Salle de bain']","['Terrasse', 'Concierge', 'Façade extérieure', 'Climatisation', 'Chauffage central', 'Sécurité', 'Double vitrage', 'Cuisine équipée']","À VENDRE – Appartement S2 à Cité Olympique, Sousse

Découvrez cet appartement S2 situé au 6ème étage avec ascenseur, dans une résidence calme à Cité Olympique – Sousse.

Superficie : 122,50 m²

Salon spacieux et lumineux2 chambres à coucher avec balconCuisine fonctionnelleSalle de bainBalconPlace de parking au sous-solChauffage central

Prix : 258.000 DT

Pour plus d’informations ou pour organiser une visite gratuite, contactez-nous :55...",
1 200 000 TND,Villa de haut standing à Vendre,"Sousse Ville, Sousse Ville","['925 m²', '6 Pièces', '6 Chambres', '3 Salles de bains']","['Terrasse', 'Garage', 'Ascenseur', 'Entre-seul', 'Climatisation', 'Chauffage central', 'Sécurité']","Dans un quartier prestigieux à Sousse , Dahmen Immobilier met en vente une villa moderne bénéficie d'un terrain de 925 m² , érigée sur 3 niveaux et se compose comme suit : * Le rez de chaussée : - Spacieux salon - Salle à manger - Séjour - Une cuisine moderne , parfaitement agencée et dotée d'un acces pour l’extérieur - Deux (02) chambres à couchers avec dressing - Une salle de bain * A l'étage se trouvent : - Deux suites parentales avec 2 salles...",
288 000 TND,A VENDRE RDC de villa S4 situé à cité ettaamir,"Sousse Riadh, Sousse Ville","['228 m²', '5 Pièces', '4 Chambres', '1 Salle de bain']","['Terrasse', 'Ascenseur', 'Concierge', 'Antenne parabolique', 'Climatisation', 'Chauffage central', 'Sécurité', 'Double vitrage', 'Porte blindée']","Réf 457a
Agence immobilière Riahi, vous propose à la vente un rez-de-chaussée de villa S4 idéalement situé à Cité Ettamir, Sousse. Ce bien spacieux s'étend sur une surface totale de 228 m² et comprend deux salons confortables, quatre chambres à coucher lumineuses, une salle de bain moderne, ainsi qu'une cuisine entièrement équipée. Un garage et une entrée indépendante viennent compléter cet ensemble résidentiel, offrant ainsi un cadre de vie fo...",
159 000 TND,"À VENDRE, Appartement S2 près de l’ISG","Sousse Ville, Sousse Ville","['65 m²', '3 Pièces', '2 Chambres', '1 Salle de bain']",[],"Réf : 886a
L’Agence Immobilière Riahi vous propose ce logement lumineux appartement S2 situé à Sousse, près de l’ISG, au 4ᵉ étage d’un immeuble calme sans ascenseur. L’appartement dispose d’une superficie de 65 m² et comprend un salon lumineux, une cuisine fermée et fonctionnelle, deux chambres confortables, deux grandes terrasses et une salle de bain équipée. Il bénéficie d’une bonne orientation et d’une aération naturelle, avec un titre bleu d...",
Prix à consulter,A louer S3 meublé à Sousse vue mer,"Sousse Ville, Sousse Ville","['180 m²', '3 Chambres']",[],"Location annuelle – Appartement S3 vue mer & vue Médina – Sousse
À louer, spacieux appartement S3 situé au 10ᵉ étage d’une résidence sécurisée à centre ville de Sousse, offrant une magnifique vue dégagée sur la mer et la Médina.
Composition :
Hall d’entrée avec salle à manger
Double salon lumineux avec balcon et vue dégagée
Cuisine moderne, bien équipée et bien aménagée avec balcon
03 chambres à coucher, dont une avec balcon vue mer et vue Médina...",
